{
"type": "FeatureCollection",
"name": "Bike_Trails_Existing",
"crs": { "type": "name", "properties": { "name": "urn:ogc:def:crs:OGC:1.3:CRS84" } },
"features": [
{ "type": "Feature", "properties": { "OBJECTID": 1036, "CLASS": "1", "NAME": "VILLAGE BLVD (NORTH)", "MILES": 0.54603192, "ShapeSTLength": 878.7549487563017, "FROM_": "ACE COURT", "TO_": "NORTHWOOD BLVD", "WNTR_MAINT": "YES", "MAINT_JURS": "WASHOE COUNTY", "YR_OF_CONS": "Before 2006", "IMPLEMENT": "WASHOE COUNTY", "COUNTY": "WASHOE COUNTY", "E_BIKE": "", "GlobalID": "{5ABEA349-F0A3-4425-A7D2-E436B94B0B95}", "created_user": "MBINDL", "created_date": "2024-01-25T04:41:45Z", "last_edited_user": "KRICHARDSON", "last_edited_date": "2024-02-09T06:21:15Z" }, "geometry": { "type": "LineString", "coordinates": [ [ -119.952080282110344, 39.252544505823693 ], [ -119.951219152335952, 39.254626301059872 ], [ -119.95089859012343, 39.256044503075806 ], [ -119.950858413228076, 39.256898793690738 ], [ -119.951135781426387, 39.258018777174669 ], [ -119.95130133921603, 39.258692907407017 ], [ -119.951362804449815, 39.259003204947156 ], [ -119.95140753776468, 39.259353833325093 ], [ -119.951389378007846, 39.259772705370317 ], [ -119.951269897815678, 39.260282111612597 ] ] } },
{ "type": "Feature", "properties": { "OBJECTID": 1037, "CLASS": "1", "NAME": "NORTHWOOD BLVD", "MILES": 0.3534221, "ShapeSTLength": 568.77887875214924, "FROM_": "VILLAGE BLVD (NORTH)", "TO_": "NORTHWOOD MIDBLOCK CROSSING", "WNTR_MAINT": "YES", "MAINT_JURS": "WASHOE COUNTY", "YR_OF_CONS": "Before 2006", "IMPLEMENT": "WASHOE COUNTY", "COUNTY": "WASHOE COUNTY", "E_BIKE": "", "GlobalID": "{584CE2F1-8DC2-4ABB-8536-0DAFF06D8EFC}", "created_user": "MBINDL", "created_date": "2024-01-25T04:41:45Z", "last_edited_user": "KRICHARDSON", "last_edited_date": "2024-02-09T06:21:15Z" }, "geometry": { "type": "LineString", "coordinates": [ [ -119.952080282110344, 39.252544505823693 ], [ -119.953265076531835, 39.252555709640234 ], [ -119.954701004607685, 39.252801691532646 ], [ -119.956383035568692, 39.252884584174993 ], [ -119.95861514158166, 39.252692272853587 ] ] } },
{ "type": "Feature", "properties": { "OBJECTID": 1038, "CLASS": "1", "NAME": "NORTHWOOD BLVD", "MILES": 0.26422843, "ShapeSTLength": 425.23528288790118, "FROM_": "NORTHWOOD MIDBLOCK CROSSING", "TO_": "STATE ROUTE 28", "WNTR_MAINT": "YES", "MAINT_JURS": "WASHOE COUNTY", "YR_OF_CONS": "Before 2006", "IMPLEMENT": "WASHOE COUNTY", "COUNTY": "WASHOE COUNTY", "E_BIKE": "", "GlobalID": "{8D883CF4-928B-4442-8F22-6BCD62F14931}", "created_user": "MBINDL", "created_date": "2024-01-25T04:41:45Z", "last_edited_user": "KRICHARDSON", "last_edited_date": "2024-02-09T06:21:15Z" }, "geometry": { "type": "LineString", "coordinates": [ [ -119.958720647765929, 39.252836287000186 ], [ -119.959498782146426, 39.252775501419592 ], [ -119.960719449151739, 39.252431798135774 ], [ -119.961370427272627, 39.251815875978792 ], [ -119.961993275863307, 39.25048747830958 ] ] } },
{ "type": "Feature", "properties": { "OBJECTID": 1039, "CLASS": "1", "NAME": "VILLAGE BLVD (NORTH)", "MILES": 0.19035169, "ShapeSTLength": 306.34196650858337, "FROM_": "NORTHWOOD BLVD", "TO_": "STATE ROUTE 28", "WNTR_MAINT": "YES", "MAINT_JURS": "WASHOE COUNTY", "YR_OF_CONS": "Before 2006", "IMPLEMENT": "WASHOE COUNTY", "COUNTY": "WASHOE COUNTY", "E_BIKE": "", "GlobalID": "{494DD914-74B2-4F2A-A530-09E9D09BFA10}", "created_user": "MBINDL", "created_date": "2024-01-25T04:41:45Z", "last_edited_user": "KRICHARDSON", "last_edited_date": "2024-02-09T06:21:15Z" }, "geometry": { "type": "LineString", "coordinates": [ [ -119.952080282110344, 39.252544505823693 ], [ -119.952557985474641, 39.251419140759985 ], [ -119.952708337500937, 39.25074691217258 ], [ -119.952823915811237, 39.249860758092233 ] ] } },
{ "type": "Feature", "properties": { "OBJECTID": 1040, "CLASS": "1", "NAME": "MAYS BLVD", "MILES": 0.33310791, "ShapeSTLength": 536.08629003613396, "FROM_": "LAKESHORE BLVD", "TO_": "ALLEN WAY", "WNTR_MAINT": "YES", "MAINT_JURS": "WASHOE COUNTY", "YR_OF_CONS": "Before 2006", "IMPLEMENT": "WASHOE COUNTY", "COUNTY": "WASHOE COUNTY", "E_BIKE": "", "GlobalID": "{C5B9C56B-E9C5-41C1-82FA-5F5D3EA5FD8E}", "created_user": "MBINDL", "created_date": "2024-01-25T04:41:45Z", "last_edited_user": "KRICHARDSON", "last_edited_date": "2024-02-09T06:21:15Z" }, "geometry": { "type": "LineString", "coordinates": [ [ -119.963609325267399, 39.247232623275629 ], [ -119.965983290894911, 39.247971769047638 ], [ -119.967374579228405, 39.248008419596609 ], [ -119.968583904841793, 39.247776685828121 ], [ -119.969352402341542, 39.247263955133846 ] ] } },
{ "type": "Feature", "properties": { "OBJECTID": 1041, "CLASS": "1", "NAME": "MAYS BLVD", "MILES": 0.14819816, "ShapeSTLength": 238.50229750649405, "FROM_": "BURNT CEDAR CREEK", "TO_": "SOUTHWOOD BLVD", "WNTR_MAINT": "YES", "MAINT_JURS": "WASHOE COUNTY", "YR_OF_CONS": "Before 2006", "IMPLEMENT": "WASHOE COUNTY", "COUNTY": "WASHOE COUNTY", "E_BIKE": "", "GlobalID": "{E4DCD85F-2BDA-4B2A-A082-1CEADD239195}", "created_user": "MBINDL", "created_date": "2024-01-25T04:41:45Z", "last_edited_user": "KRICHARDSON", "last_edited_date": "2024-02-09T06:21:15Z" }, "geometry": { "type": "LineString", "coordinates": [ [ -119.961344020788673, 39.247651360475629 ], [ -119.961377065337516, 39.247444209922278 ], [ -119.96168678884284, 39.247165623448574 ], [ -119.962051155541403, 39.247027161847541 ], [ -119.96271410236514, 39.246987479987098 ], [ -119.963609325267399, 39.247232623275629 ] ] } },
{ "type": "Feature", "properties": { "OBJECTID": 1042, "CLASS": "1", "NAME": "SOUTHWOOD BLVD", "MILES": 0.04791784, "ShapeSTLength": 77.116449236066074, "FROM_": "STATE ROUTE 28-SKATE PARK", "TO_": "SOUTHWOOD BLVD", "WNTR_MAINT": "NO", "MAINT_JURS": "WASHOE COUNTY", "YR_OF_CONS": "Before 2006", "IMPLEMENT": "WASHOE COUNTY", "COUNTY": "WASHOE COUNTY", "E_BIKE": "", "GlobalID": "{9BC72062-E8FC-44EF-AAED-CF8FEBE48F82}", "created_user": "MBINDL", "created_date": "2024-01-25T04:41:45Z", "last_edited_user": "KRICHARDSON", "last_edited_date": "2024-02-09T06:21:15Z" }, "geometry": { "type": "LineString", "coordinates": [ [ -119.946172403385091, 39.247380224166449 ], [ -119.9468879415695, 39.247795567021178 ] ] } },
{ "type": "Feature", "properties": { "OBJECTID": 1043, "CLASS": "1", "NAME": "SOUTHWOOD BLVD", "MILES": 0.48152746, "ShapeSTLength": 774.94488455690043, "FROM_": "STATE ROUTE 28", "TO_": "VILLAGE BLVD", "WNTR_MAINT": "YES", "MAINT_JURS": "WASHOE COUNTY", "YR_OF_CONS": "Before 2006", "IMPLEMENT": "WASHOE COUNTY", "COUNTY": "WASHOE COUNTY", "E_BIKE": "", "GlobalID": "{D2C0D300-22D1-4ECB-B6E9-80BB894950A2}", "created_user": "MBINDL", "created_date": "2024-01-25T04:41:45Z", "last_edited_user": "KRICHARDSON", "last_edited_date": "2024-02-09T06:21:15Z" }, "geometry": { "type": "LineString", "coordinates": [ [ -119.946247250594496, 39.249131979374773 ], [ -119.94691737277968, 39.247998501212834 ], [ -119.946896224477271, 39.247796333866091 ], [ -119.947414106166661, 39.247466319275645 ], [ -119.947559523114947, 39.247248913906368 ], [ -119.947407800537334, 39.246709816740704 ], [ -119.947094785354466, 39.24660344734243 ], [ -119.947403734027034, 39.246709710059612 ], [ -119.947563590814241, 39.24724902061358 ], [ -119.948730503939004, 39.246643516779649 ], [ -119.950183468973322, 39.246204746569994 ], [ -119.951224061308238, 39.246045673391443 ] ] } },
{ "type": "Feature", "properties": { "OBJECTID": 1044, "CLASS": "1", "NAME": "SOUTHWOOD BLVD", "MILES": 0.74979345, "ShapeSTLength": 1206.6780004679758, "FROM_": "STATE ROUTE 28", "TO_": "VILLAGE BLVD", "WNTR_MAINT": "YES", "MAINT_JURS": "WASHOE COUNTY", "YR_OF_CONS": "Before 2006", "IMPLEMENT": "WASHOE COUNTY", "COUNTY": "WASHOE COUNTY", "E_BIKE": "", "GlobalID": "{7EC8233B-71B5-4683-9C7F-E56011A21FCB}", "created_user": "MBINDL", "created_date": "2024-01-25T04:41:45Z", "last_edited_user": "KRICHARDSON", "last_edited_date": "2024-02-09T06:21:15Z" }, "geometry": { "type": "LineString", "coordinates": [ [ -119.962027655450129, 39.250159168608533 ], [ -119.96237699440853, 39.249158366456498 ], [ -119.962341499074327, 39.248578948656871 ], [ -119.961678575189509, 39.24788432076614 ], [ -119.961092281162919, 39.24757241075541 ], [ -119.953524068522412, 39.246268350228881 ], [ -119.951224061308238, 39.246045673391443 ] ] } },
{ "type": "Feature", "properties": { "OBJECTID": 1045, "CLASS": "1", "NAME": "INCLINE VILLAGE PARK PATH", "MILES": 0.4099572, "ShapeSTLength": 659.76348712264144, "FROM_": "SOUTHWOOD BLVD", "TO_": "IVGID REC CENTER", "WNTR_MAINT": "NO", "MAINT_JURS": "Washoe County", "YR_OF_CONS": "Before 2006", "IMPLEMENT": "IVGID", "COUNTY": "WASHOE COUNTY", "E_BIKE": "", "GlobalID": "{AA4A3B53-6AE0-47E4-A613-C1D5E6FD10CF}", "created_user": "MBINDL", "created_date": "2024-01-25T04:41:45Z", "last_edited_user": "KRICHARDSON", "last_edited_date": "2024-02-09T06:21:15Z" }, "geometry": { "type": "MultiLineString", "coordinates": [ [ [ -119.943984560386866, 39.245214960242961 ], [ -119.943902945624146, 39.244976852627964 ], [ -119.943824932639856, 39.244867547012518 ], [ -119.943671264952201, 39.244806307584376 ], [ -119.943445046573913, 39.24472171053899 ], [ -119.943344318762911, 39.244711914633783 ], [ -119.943094455144006, 39.244748253261179 ], [ -119.942922108803387, 39.244693672109996 ], [ -119.942664921503578, 39.244686914923534 ], [ -119.942519509968847, 39.24464734170143 ], [ -119.942369258351647, 39.24450753624086 ] ], [ [ -119.946168332679235, 39.247383255857017 ], [ -119.945931640646847, 39.247158593652138 ], [ -119.945992621817297, 39.246661973977005 ], [ -119.946490887638348, 39.24644434992274 ], [ -119.946186889265178, 39.246439517765026 ], [ -119.946215949812569, 39.24622966228717 ], [ -119.946073185714354, 39.24609020124467 ], [ -119.945717777607001, 39.246084542885825 ], [ -119.945300588181894, 39.245914977095374 ], [ -119.945049982545228, 39.24531938206588 ], [ -119.944684480135322, 39.24513982953642 ], [ -119.943965439659337, 39.245240495035212 ], [ -119.943734710481266, 39.245459312540468 ] ] ] } },
{ "type": "Feature", "properties": { "OBJECTID": 1046, "CLASS": "1", "NAME": "TRUCKEE RIVER TRAIL (BRIDGE)", "MILES": 0.02682935, "ShapeSTLength": 43.177734949988512, "FROM_": "64-ACRES", "TO_": "BRIDGE TO W RIVER RD", "WNTR_MAINT": "YES", "MAINT_JURS": "TCPUD", "YR_OF_CONS": "Before 2006", "IMPLEMENT": "TCPUD", "COUNTY": "PLACER COUNTY", "E_BIKE": "", "GlobalID": "{066C19FB-E90B-4DBA-B9E6-524C44993F9D}", "created_user": "MBINDL", "created_date": "2024-01-25T04:41:45Z", "last_edited_user": "KRICHARDSON", "last_edited_date": "2024-02-09T06:21:15Z" }, "geometry": { "type": "LineString", "coordinates": [ [ -120.147653892775651, 39.165208853973382 ], [ -120.147247525760221, 39.164982840321002 ] ] } },
{ "type": "Feature", "properties": { "OBJECTID": 1047, "CLASS": "1", "NAME": "TRUCKEE R. PED BRIDGE LOOP", "MILES": 0.00344533, "ShapeSTLength": 5.544736456974535, "FROM_": "TRUCKEE RIVER BRIDGE", "TO_": "64-ACRES", "WNTR_MAINT": "YES", "MAINT_JURS": "TCPUD", "YR_OF_CONS": "Before 2006", "IMPLEMENT": "TCPUD", "COUNTY": "PLACER COUNTY", "E_BIKE": "", "GlobalID": "{6F7AF902-B4F3-4F69-A9E4-ED6F641F69C0}", "created_user": "MBINDL", "created_date": "2024-01-25T04:41:45Z", "last_edited_user": "KRICHARDSON", "last_edited_date": "2024-02-09T06:21:15Z" }, "geometry": { "type": "LineString", "coordinates": [ [ -120.147247525760221, 39.164982840321002 ], [ -120.147212184033606, 39.164941178016072 ] ] } },
{ "type": "Feature", "properties": { "OBJECTID": 1048, "CLASS": "1", "NAME": "SOUTH LAKE TAHOE REC CENTER", "MILES": 0.58678013, "ShapeSTLength": 944.33296532818861, "FROM_": "R.ALLEN TOSEN CNTR", "TO_": "EL DORADO LIBRARY", "WNTR_MAINT": "NO", "MAINT_JURS": "CITY OF SOUTH LAKE TAHOE", "YR_OF_CONS": "Before 2006", "IMPLEMENT": "CITY OF SOUTH LAKE TAHOE", "COUNTY": "CITY OF SOUTH LAKE TAHOE", "E_BIKE": "", "GlobalID": "{19161316-D3BC-4B65-A0F0-C9AE95C8644D}", "created_user": "MBINDL", "created_date": "2024-01-25T04:41:45Z", "last_edited_user": "KRICHARDSON", "last_edited_date": "2024-02-09T06:21:15Z" }, "geometry": { "type": "LineString", "coordinates": [ [ -119.973208186523607, 38.942038435326438 ], [ -119.973281899482117, 38.944725378262909 ], [ -119.974363260227307, 38.944492428393595 ], [ -119.974797239766374, 38.944348914724031 ], [ -119.975431748263219, 38.943957108663959 ], [ -119.976026633546724, 38.943447112285341 ], [ -119.976343665121419, 38.942881925274349 ], [ -119.976512227719567, 38.942247014006703 ], [ -119.976457669913671, 38.940263482750971 ] ] } },
{ "type": "Feature", "properties": { "OBJECTID": 1049, "CLASS": "1", "NAME": "SOUTH LAKE TAHOE REC CENTER", "MILES": 0.06254808, "ShapeSTLength": 100.66158656440854, "FROM_": "R.ALLEN TOSEN CNTR", "TO_": "REC CENTER", "WNTR_MAINT": "NO", "MAINT_JURS": "CITY OF SOUTH LAKE TAHOE", "YR_OF_CONS": "Before 2006", "IMPLEMENT": "CITY OF SOUTH LAKE TAHOE", "COUNTY": "CITY OF SOUTH LAKE TAHOE", "E_BIKE": "", "GlobalID": "{B86C4C54-91FA-4E9E-BB01-195A511A72EE}", "created_user": "MBINDL", "created_date": "2024-01-25T04:41:45Z", "last_edited_user": "KRICHARDSON", "last_edited_date": "2024-02-09T06:21:15Z" }, "geometry": { "type": "LineString", "coordinates": [ [ -119.976850816957807, 38.940171518119683 ], [ -119.9756912569962, 38.940134565421729 ] ] } },
{ "type": "Feature", "properties": { "OBJECTID": 1050, "CLASS": "1", "NAME": "SOUTH LAKE TAHOE REC CENTER", "MILES": 0.09513831, "ShapeSTLength": 153.11056750035283, "FROM_": "R.ALLEN TOSEN CNTR", "TO_": "REC CENTER", "WNTR_MAINT": "NO", "MAINT_JURS": "CITY OF SOUTH LAKE TAHOE", "YR_OF_CONS": "Before 2006", "IMPLEMENT": "CITY OF SOUTH LAKE TAHOE", "COUNTY": "CITY OF SOUTH LAKE TAHOE", "E_BIKE": "", "GlobalID": "{9BB24105-5CD1-4AE9-9D46-F893AD433714}", "created_user": "MBINDL", "created_date": "2024-01-25T04:41:45Z", "last_edited_user": "KRICHARDSON", "last_edited_date": "2024-02-09T06:21:15Z" }, "geometry": { "type": "LineString", "coordinates": [ [ -119.97567073180133, 38.940100635746404 ], [ -119.976162979725174, 38.93957791876025 ], [ -119.977097342333678, 38.939577821218862 ] ] } },
{ "type": "Feature", "properties": { "OBJECTID": 1051, "CLASS": "1", "NAME": "LYONS AVE", "MILES": 0.19258261, "ShapeSTLength": 309.93229379296901, "FROM_": "RUFUS ALLEN BLVD", "TO_": "US-50", "WNTR_MAINT": "NO", "MAINT_JURS": "CITY OF SOUTH LAKE TAHOE", "YR_OF_CONS": "2006", "IMPLEMENT": "CITY OF SOUTH LAKE TAHOE", "COUNTY": "CITY OF SOUTH LAKE TAHOE", "E_BIKE": "", "GlobalID": "{CFC47F75-D1F6-4109-96E8-FE591B115410}", "created_user": "MBINDL", "created_date": "2024-01-25T04:41:45Z", "last_edited_user": "KRICHARDSON", "last_edited_date": "2024-02-09T06:21:15Z" }, "geometry": { "type": "LineString", "coordinates": [ [ -119.977066299472853, 38.93778009992986 ], [ -119.976656356700019, 38.9377783133855 ], [ -119.976586776191908, 38.937774663616921 ], [ -119.976436284367097, 38.937813038460654 ], [ -119.976221203415079, 38.937832123542186 ], [ -119.976086922005209, 38.93780750353848 ], [ -119.975817826289926, 38.937803092319925 ], [ -119.975640543561397, 38.937728426337536 ], [ -119.97521032846808, 38.937735486223929 ], [ -119.975015287150072, 38.937733629899355 ], [ -119.974898306482544, 38.937768926122963 ], [ -119.974761521891864, 38.937794689797073 ], [ -119.974500252978729, 38.937801665682642 ], [ -119.974280337396181, 38.937793820592525 ], [ -119.973985674442218, 38.937760131678694 ], [ -119.973785432235118, 38.937802927340037 ], [ -119.973624684720193, 38.937805884605858 ], [ -119.973556325834878, 38.937791283915423 ] ] } },
{ "type": "Feature", "properties": { "OBJECTID": 1052, "CLASS": "1", "NAME": "SOUTH LAKE TAHOE BIKE PATH", "MILES": 0.17589729, "ShapeSTLength": 283.07981256438677, "FROM_": "RUBICON TRAIL", "TO_": "SILVER DOLLAR AVE", "WNTR_MAINT": "YES", "MAINT_JURS": "CITY OF SOUTH LAKE TAHOE", "YR_OF_CONS": "Before 2006", "IMPLEMENT": "CITY OF SOUTH LAKE TAHOE", "COUNTY": "CITY OF SOUTH LAKE TAHOE", "E_BIKE": " ", "GlobalID": "{41A27517-EE0E-4E06-9979-3621F90356CA}", "created_user": "MBINDL", "created_date": "2024-01-25T04:41:45Z", "last_edited_user": "KRICHARDSON", "last_edited_date": "2024-02-09T06:21:15Z" }, "geometry": { "type": "LineString", "coordinates": [ [ -119.985157651826341, 38.927085884419725 ], [ -119.986555593220146, 38.926981205115126 ], [ -119.987937564983525, 38.926010338350565 ] ] } },
{ "type": "Feature", "properties": { "OBJECTID": 1053, "CLASS": "1", "NAME": "SOUTH LAKE TAHOE BIKE PATH", "MILES": 0.33855768, "ShapeSTLength": 544.85685562862284, "FROM_": "PONDEROSA", "TO_": "ELOISE AVE", "WNTR_MAINT": "YES", "MAINT_JURS": "CITY OF SOUTH LAKE TAHOE", "YR_OF_CONS": "Before 2006", "IMPLEMENT": "CITY OF SOUTH LAKE TAHOE", "COUNTY": "CITY OF SOUTH LAKE TAHOE", "E_BIKE": " ", "GlobalID": "{6FAB7C3B-29CD-4DC0-B9F7-07CD4DBBC216}", "created_user": "MBINDL", "created_date": "2024-01-25T04:41:45Z", "last_edited_user": "KRICHARDSON", "last_edited_date": "2024-02-09T06:21:15Z" }, "geometry": { "type": "LineString", "coordinates": [ [ -119.99088639428011, 38.924070149096146 ], [ -119.991773589457296, 38.923495160962055 ], [ -119.99165642742507, 38.923075411881705 ], [ -119.991997991776998, 38.922607261902968 ], [ -119.993783709025493, 38.921369999320675 ], [ -119.993963958398339, 38.92114512128007 ], [ -119.994344024534868, 38.921109719532254 ], [ -119.995052662867153, 38.921361059952147 ] ] } },
{ "type": "Feature", "properties": { "OBJECTID": 1054, "CLASS": "1", "NAME": "SKI RUN BLVD (WEST SIDE)", "MILES": 0.52047359, "ShapeSTLength": 837.62272681239347, "FROM_": "US HWY 50", "TO_": "PIONEER TRAIL", "WNTR_MAINT": "YES", "MAINT_JURS": "CITY OF SOUTH LAKE TAHOE", "YR_OF_CONS": "2004", "IMPLEMENT": "CITY OF SOUTH LAKE TAHOE", "COUNTY": "CITY OF SOUTH LAKE TAHOE", "E_BIKE": "", "GlobalID": "{77CCD5A4-AE72-46CF-8042-9FF7DE8F1D5E}", "created_user": "MBINDL", "created_date": "2024-01-25T04:41:45Z", "last_edited_user": "KRICHARDSON", "last_edited_date": "2024-02-09T06:21:15Z" }, "geometry": { "type": "LineString", "coordinates": [ [ -119.957263241372686, 38.947878328811164 ], [ -119.952449567292263, 38.941340243562905 ] ] } },
{ "type": "Feature", "properties": { "OBJECTID": 1055, "CLASS": "1", "NAME": "SKI RUN BLVD (EAST SIDE)", "MILES": 0.55167827, "ShapeSTLength": 887.84189547860251, "FROM_": "US HWY 50", "TO_": "PIONEER TRAIL", "WNTR_MAINT": "YES", "MAINT_JURS": "CITY OF SOUTH LAKE TAHOE", "YR_OF_CONS": "2004", "IMPLEMENT": "CITY OF SOUTH LAKE TAHOE", "COUNTY": "CITY OF SOUTH LAKE TAHOE", "E_BIKE": "", "GlobalID": "{9B500010-5355-48E2-B7F1-B070A3B5E6CF}", "created_user": "MBINDL", "created_date": "2024-01-25T04:41:45Z", "last_edited_user": "KRICHARDSON", "last_edited_date": "2024-02-09T06:21:15Z" }, "geometry": { "type": "LineString", "coordinates": [ [ -119.952281966498205, 38.941459654493762 ], [ -119.957304033964292, 38.94842537474603 ] ] } },
{ "type": "Feature", "properties": { "OBJECTID": 1056, "CLASS": "1", "NAME": "ARAPAHOE", "MILES": 0.09325176, "ShapeSTLength": 150.07446330620641, "FROM_": "EXISTING BIKE PATH", "TO_": "ARAPAHOE ST", "WNTR_MAINT": "YES", "MAINT_JURS": "EL DORADO COUNTY", "YR_OF_CONS": "2008", "IMPLEMENT": "EL DORADO COUNTY", "COUNTY": "EL DORADO COUNTY", "E_BIKE": "", "GlobalID": "{B40992C3-FA05-4787-8887-4CEB420A7E5A}", "created_user": "MBINDL", "created_date": "2024-01-25T04:41:45Z", "last_edited_user": "KRICHARDSON", "last_edited_date": "2024-02-09T06:21:15Z" }, "geometry": { "type": "LineString", "coordinates": [ [ -120.008390779634624, 38.867540173825169 ], [ -120.009148609993019, 38.867467482946054 ], [ -120.009575780944246, 38.867414797752872 ], [ -120.009991414353564, 38.867154560348567 ] ] } },
{ "type": "Feature", "properties": { "OBJECTID": 1057, "CLASS": "1", "NAME": "LAKESIDE PATH", "MILES": 0.1901846, "ShapeSTLength": 306.07305302618965, "FROM_": "COMMONS BEACH", "TO_": "GROVE ST", "WNTR_MAINT": "YES", "MAINT_JURS": "TCPUD", "YR_OF_CONS": "2011", "IMPLEMENT": "TCPUD", "COUNTY": "PLACER COUNTY", "E_BIKE": " ", "GlobalID": "{4690D0E7-03AD-47A8-BFC0-1A9C26E58BED}", "created_user": "MBINDL", "created_date": "2024-01-25T04:41:45Z", "last_edited_user": "KRICHARDSON", "last_edited_date": "2024-02-09T06:21:15Z" }, "geometry": { "type": "LineString", "coordinates": [ [ -120.141622721546142, 39.169711602640803 ], [ -120.141637710321632, 39.16980197847618 ], [ -120.141201764366116, 39.170294867064712 ], [ -120.140552721003402, 39.170788175651658 ], [ -120.140133077506931, 39.171208769234539 ], [ -120.139613623751814, 39.171413898894841 ], [ -120.139133918262431, 39.171386804641827 ] ] } },
{ "type": "Feature", "properties": { "OBJECTID": 1058, "CLASS": "1", "NAME": "NSS SOUTH DEMO", "MILES": 1.02030325, "ShapeSTLength": 1642.0222011017452, "FROM_": "KAHLE DRIVE", "TO_": "ELKS POINT RD", "WNTR_MAINT": "NO", "MAINT_JURS": "DOUGLAS COUNTY", "YR_OF_CONS": "2012", "IMPLEMENT": "DOUGLAS COUNTY", "COUNTY": "DOUGLAS COUNTY", "E_BIKE": " ", "GlobalID": "{6BE6D16B-583B-4CBF-A46F-9C731C825E39}", "created_user": "MBINDL", "created_date": "2024-01-25T04:41:45Z", "last_edited_user": "KRICHARDSON", "last_edited_date": "2024-02-09T06:21:15Z" }, "geometry": { "type": "LineString", "coordinates": [ [ -119.936553155689296, 38.970988777018391 ], [ -119.936759542214318, 38.971095719551542 ], [ -119.939201774855263, 38.972141054832285 ], [ -119.939466486695338, 38.972209649582851 ], [ -119.939620678372208, 38.972275643588823 ], [ -119.939631112451806, 38.972280163273062 ], [ -119.939641343199682, 38.972284955987639 ], [ -119.939651361587863, 38.972290016991252 ], [ -119.939661152863209, 38.972295340491534 ], [ -119.939670708075226, 38.972300919947472 ], [ -119.939680014815067, 38.972306748727355 ], [ -119.939689062940616, 38.972312821159782 ], [ -119.939697842426099, 38.972319128873849 ], [ -119.939706343129387, 38.972325666198181 ], [ -119.939714553910633, 38.972332423831723 ], [ -119.939722466933148, 38.97233939616364 ], [ -119.939730073401421, 38.972346573053549 ], [ -119.939737363250686, 38.972353947030371 ], [ -119.939744327569088, 38.972361510653315 ], [ -119.939750959866458, 38.972369253842473 ], [ -119.939757252461135, 38.972377167387627 ], [ -119.939763197593948, 38.972385243878193 ], [ -119.939768787621915, 38.97239347320405 ], [ -119.939774018360339, 38.97240184534585 ], [ -119.939778880974742, 38.972410351063068 ], [ -119.939783372433183, 38.972418980366569 ], [ -119.939787485053913, 38.972427724046142 ], [ -119.939791216957644, 38.972436572142854 ], [ -119.939794561731745, 38.972445512777171 ], [ -119.939797516266623, 38.972454537759674 ], [ -119.939800076455057, 38.972463635271296 ], [ -119.939802240417777, 38.972472795353141 ], [ -119.939806593819796, 38.972491220686251 ], [ -119.939811750129053, 38.972509519351227 ], [ -119.939817703321154, 38.972527670469908 ], [ -119.939824446257688, 38.972545652233833 ], [ -119.939831970608736, 38.972563443704367 ], [ -119.939840269158353, 38.972581024872774 ], [ -119.939849330157031, 38.972598373809703 ], [ -119.939859145158493, 38.972615472275805 ], [ -119.939869701221681, 38.972632299211341 ], [ -119.939880986480759, 38.97264883538638 ], [ -119.93989298795583, 38.972665060640914 ], [ -119.939905692550667, 38.972680957514477 ], [ -119.939919083788311, 38.972696506656106 ], [ -119.939933146305705, 38.972711689644974 ], [ -119.939947864662244, 38.972726489859966 ], [ -119.939963222342044, 38.972740888849913 ], [ -119.939979199254665, 38.972754870772505 ], [ -119.93999577880659, 38.972768418976351 ], [ -119.940012939715686, 38.972781518488681 ], [ -119.94003066423565, 38.972794152627877 ], [ -119.940048929892797, 38.972806307290725 ], [ -119.940067716518826, 38.97281796843469 ], [ -119.940087001639981, 38.972829121956572 ], [ -119.940106763818889, 38.972839756483125 ], [ -119.94012697827614, 38.972849857850697 ], [ -119.940147622421492, 38.972859414655758 ], [ -119.940168673625976, 38.972868416394562 ], [ -119.94019010464946, 38.972876852442504 ], [ -119.940211892862848, 38.972884712295858 ], [ -119.940234010909705, 38.972891988029531 ], [ -119.940262333699081, 38.972901314818465 ], [ -119.940290221814493, 38.972911409444883 ], [ -119.940317641216538, 38.972922258403642 ], [ -119.940344557865785, 38.972933848189633 ], [ -119.940370937683909, 38.972946166197559 ], [ -119.940396751358591, 38.972959196343787 ], [ -119.940421964927594, 38.972972923323518 ], [ -119.940446549155951, 38.972987329253435 ], [ -119.940470472425517, 38.973002397989426 ], [ -119.940493706731402, 38.97301810987878 ], [ -119.940516222877136, 38.973034446138278 ], [ -119.940537994010356, 38.973051387145524 ], [ -119.940558993356134, 38.973068911478258 ], [ -119.94057919529223, 38.973086997744559 ], [ -119.94059857415759, 38.973105625452334 ], [ -119.940617107943055, 38.973124769700995 ], [ -119.940634772256317, 38.973144407329109 ], [ -119.940651547277426, 38.973164516196157 ], [ -119.940667411074443, 38.973185069601733 ], [ -119.940682345018644, 38.973206044535694 ], [ -119.940696330713848, 38.973227412588713 ], [ -119.940709349531119, 38.973249150750547 ], [ -119.940721388876696, 38.973271229863258 ], [ -119.940732431390558, 38.973293624247248 ], [ -119.940742463248498, 38.973316306513965 ], [ -119.940751475276002, 38.973339248495961 ], [ -119.940759452534735, 38.97336242187459 ], [ -119.94076638811687, 38.973385799442653 ], [ -119.940772272925301, 38.973409351232966 ], [ -119.94077709889936, 38.97343305000809 ], [ -119.94078086040021, 38.973456865891464 ], [ -119.940783554094409, 38.973480769067081 ], [ -119.940785174226804, 38.973504732357839 ], [ -119.940785720999784, 38.973528724238719 ], [ -119.940785193307974, 38.97355271675373 ], [ -119.940782333099619, 38.973617126817999 ], [ -119.940781910391294, 38.973636188927983 ], [ -119.940782337048958, 38.973655251704187 ], [ -119.940783609508557, 38.973674290729598 ], [ -119.940785728700689, 38.973693284407794 ], [ -119.940788692175317, 38.973712209251836 ], [ -119.940792494023924, 38.973731041684026 ], [ -119.94079713287168, 38.973749760047355 ], [ -119.940802600465858, 38.973768341603467 ], [ -119.940808890859131, 38.973786763674497 ], [ -119.940815996912789, 38.973805004452096 ], [ -119.940823910373993, 38.973823041197868 ], [ -119.940832620606884, 38.973840852912602 ], [ -119.940842119319726, 38.973858417757697 ], [ -119.940852392418336, 38.973875714643121 ], [ -119.9408634281139, 38.973892722539404 ], [ -119.940875214578881, 38.973909421316847 ], [ -119.940887735374559, 38.973925790724799 ], [ -119.940900977520542, 38.973941810603293 ], [ -119.940914924500504, 38.973957462501332 ], [ -119.9409295587229, 38.973972726138015 ], [ -119.940944862441, 38.973987584831754 ], [ -119.940960819177178, 38.974002019231726 ], [ -119.940977406573523, 38.974016012535387 ], [ -119.940994608036007, 38.974029548091394 ], [ -119.941012400053907, 38.97404260906702 ], [ -119.941030762497292, 38.974055180519883 ], [ -119.941049672969257, 38.974067246547335 ], [ -119.941069109034274, 38.974078792146507 ], [ -119.941089045834772, 38.974089804953692 ], [ -119.941109462049127, 38.974100270896145 ], [ -119.941130330552895, 38.974110176649788 ], [ -119.941151626449781, 38.974119510750796 ], [ -119.94117332480451, 38.974128262635098 ], [ -119.941195400720716, 38.974136420838889 ], [ -119.941217824574466, 38.974143976476874 ], [ -119.941240571430527, 38.974150918985124 ], [ -119.941262371153883, 38.974157558271735 ], [ -119.941283876606846, 38.974164760084172 ], [ -119.941305061585936, 38.974172516528192 ], [ -119.941325905728945, 38.974180818061072 ], [ -119.941346383985135, 38.974189656818851 ], [ -119.941366474878166, 38.97419902232874 ], [ -119.941386154626173, 38.974208904057441 ], [ -119.941405402905644, 38.974219291562449 ], [ -119.941424198317577, 38.974230172571296 ], [ -119.941442519385589, 38.974241536611238 ], [ -119.941460345979635, 38.974253368740477 ], [ -119.941604283974982, 38.974352177415504 ], [ -119.941618713901605, 38.974362433982741 ], [ -119.941632678316751, 38.974373075620029 ], [ -119.941646161662575, 38.974384088406353 ], [ -119.941659148342438, 38.97439545932059 ], [ -119.941671622759742, 38.974407175341568 ], [ -119.941683568242539, 38.974419221618234 ], [ -119.941694971538396, 38.974431584290059 ], [ -119.941705818319562, 38.974444247666561 ], [ -119.941716096525141, 38.974457197017635 ], [ -119.941725794094097, 38.974470417613134 ], [ -119.941734897928882, 38.974483891993103 ], [ -119.9417433971213, 38.974497605457607 ], [ -119.94175128322351, 38.974511539767832 ], [ -119.941758545327247, 38.974525680223856 ], [ -119.94176517387065, 38.974540007656664 ], [ -119.941771162595217, 38.974554506587438 ], [ -119.94177650420589, 38.974569158807533 ], [ -119.9417811914076, 38.974583946108268 ], [ -119.941785219133294, 38.974598852141206 ], [ -119.941788581279411, 38.97461385782799 ], [ -119.941791276275936, 38.974628946011016 ], [ -119.941793298019334, 38.974644097611943 ], [ -119.9417946461311, 38.974659294603491 ], [ -119.941795319041276, 38.974674519827985 ], [ -119.941795314143306, 38.974689753397946 ], [ -119.941794633364381, 38.974704977346519 ], [ -119.941793276287214, 38.974720174546235 ], [ -119.941791244916502, 38.974735325230512 ], [ -119.941788541140554, 38.974750412332348 ], [ -119.941786209872134, 38.974764165108574 ], [ -119.941784471813406, 38.974777971281881 ], [ -119.941783332234394, 38.974791815675815 ], [ -119.941782789527139, 38.97480568203251 ], [ -119.941782845542178, 38.974819554184919 ], [ -119.941783499746791, 38.974833417705149 ], [ -119.94178475287741, 38.97484725549598 ], [ -119.941786602095846, 38.974861053069084 ], [ -119.941789045794152, 38.974874794166567 ], [ -119.941792080020136, 38.974888463369993 ], [ -119.941795703165795, 38.974902044421484 ], [ -119.941799910087354, 38.974915522772108 ], [ -119.941804695679778, 38.974928882973174 ], [ -119.941810055990743, 38.974942109606133 ], [ -119.941815983570834, 38.974955188061642 ], [ -119.941822472162215, 38.974968102860636 ], [ -119.941829514276677, 38.97498084029359 ], [ -119.941837102503484, 38.974993384851253 ], [ -119.941845227048873, 38.975005722763591 ], [ -119.94185387927179, 38.975017840290768 ], [ -119.941863050531239, 38.975029723692963 ], [ -119.941872728727688, 38.975041359139695 ], [ -119.941882902914543, 38.975052732830619 ], [ -119.941893958730958, 38.975065100783176 ], [ -119.941904464334485, 38.97507775699453 ], [ -119.94191440647252, 38.975090687604123 ], [ -119.941923774275494, 38.975103877012209 ], [ -119.941932556873724, 38.975117309619037 ], [ -119.941940743397609, 38.975130969824868 ], [ -119.941948325321803, 38.975144841190527 ], [ -119.94195529181529, 38.975158907216425 ], [ -119.941961635505521, 38.975173151493607 ], [ -119.941967348981137, 38.975187558513007 ], [ -119.941972426138449, 38.975202109196339 ], [ -119.941976860757578, 38.975216787164918 ], [ -119.941980646618731, 38.975231576040017 ], [ -119.941983779923731, 38.975246456803838 ], [ -119.94198625675827, 38.975261413138085 ], [ -119.941988074399575, 38.975276427854823 ], [ -119.941989231393819, 38.975291481096889 ], [ -119.941989724940768, 38.975306557476017 ], [ -119.941989554739393, 38.975321637165251 ], [ -119.941988722639323, 38.975336703997399 ], [ -119.941987228262064, 38.975351739945175 ], [ -119.941985073534781, 38.975366727041646 ], [ -119.94198226038462, 38.97538164732002 ], [ -119.941980488927186, 38.975391055477083 ], [ -119.941979135692648, 38.975400507035296 ], [ -119.941978202376333, 38.975409989426943 ], [ -119.941977690634729, 38.975419490984223 ], [ -119.941977599818841, 38.975428999978789 ], [ -119.941977932660507, 38.975438506572765 ], [ -119.941978686243829, 38.975447998077442 ], [ -119.941979859842334, 38.975457464564286 ], [ -119.941981454037176, 38.975466892535444 ], [ -119.941983464643485, 38.975476271971587 ], [ -119.941985891012223, 38.975485591144306 ], [ -119.941988728958449, 38.975494840034351 ], [ -119.941991975566225, 38.975504005952963 ], [ -119.941995626650638, 38.975513078880851 ], [ -119.94199967810421, 38.975522046998869 ], [ -119.942004125703278, 38.975530901187554 ], [ -119.942008963034752, 38.975539629567315 ], [ -119.942014184799589, 38.975548221188717 ], [ -119.942019785621298, 38.975556666901987 ], [ -119.942025756703657, 38.975564956566771 ], [ -119.942032091594868, 38.975573079203386 ], [ -119.942038783726829, 38.975581026531636 ], [ -119.942045824342003, 38.975588787511356 ], [ -119.942053205719589, 38.975596353832167 ], [ -119.942219482966152, 38.975760812993052 ], [ -119.942255881188728, 38.975798105991402 ], [ -119.942290626374486, 38.975836346580358 ], [ -119.942323678841433, 38.975875491379767 ], [ -119.942355000176221, 38.975915494340121 ], [ -119.942550482859133, 38.976175025589043 ], [ -119.942562225241659, 38.97619123747706 ], [ -119.942573256429611, 38.976207750521525 ], [ -119.942583563324831, 38.97622454726266 ], [ -119.942593134136729, 38.976241606671437 ], [ -119.942601959302891, 38.976258909579023 ], [ -119.942610026994032, 38.976276435856235 ], [ -119.942617328839191, 38.976294165464573 ], [ -119.94270070136939, 38.976509048849749 ], [ -119.94270380215977, 38.976517529868318 ], [ -119.942706552390192, 38.97652608457377 ], [ -119.942708950142119, 38.976534703907141 ], [ -119.942710991191589, 38.976543378748971 ], [ -119.942712673581312, 38.976552100940154 ], [ -119.942713996584402, 38.97656086055207 ], [ -119.942715238859975, 38.976570396397939 ], [ -119.942718161550658, 38.976589504803613 ], [ -119.942721939978952, 38.976608520338466 ], [ -119.942726570425066, 38.976627422184883 ], [ -119.942732045904336, 38.976646184935284 ], [ -119.94273836046878, 38.976664785911851 ], [ -119.942745505826011, 38.97668320327616 ], [ -119.942753474875076, 38.976701414320083 ], [ -119.942762255903816, 38.976719396214648 ], [ -119.942771838352769, 38.976737126161026 ], [ -119.942782211585154, 38.976754583160115 ], [ -119.942793361505451, 38.976771746122083 ], [ -119.942799106796372, 38.976780218109319 ], [ -119.94280423207033, 38.976788079263947 ], [ -119.942809031168224, 38.976796064292898 ], [ -119.942813498674425, 38.976804164946259 ], [ -119.942817631440263, 38.976812373934621 ], [ -119.942821424088777, 38.976820682108333 ], [ -119.942824872318411, 38.976829082147646 ], [ -119.942837790846795, 38.976862377402988 ], [ -119.942841108954767, 38.976871494725017 ], [ -119.942844022929222, 38.976880696941642 ], [ -119.942846527548099, 38.976889971303777 ], [ -119.942848619817525, 38.976899306922554 ], [ -119.942850298971749, 38.976908694769172 ], [ -119.942851562133114, 38.976918121255181 ], [ -119.942852407421782, 38.976927576421708 ], [ -119.942852834188244, 38.976937048540442 ], [ -119.942852840591442, 38.976946526752705 ], [ -119.94285242944035, 38.976955999420809 ], [ -119.94285159889381, 38.976965455686056 ], [ -119.942850350608026, 38.976974883880608 ], [ -119.942848686239074, 38.97698427233653 ], [ -119.942846607404391, 38.976993610285746 ], [ -119.942844118027011, 38.977002887020745 ], [ -119.942841218571559, 38.977012091743262 ], [ -119.94283791419133, 38.977021211976172 ], [ -119.942834208770691, 38.977030237911769 ], [ -119.942830106232776, 38.977039158842437 ], [ -119.94282561050062, 38.97704796406061 ], [ -119.942820730147361, 38.977056642079724 ], [ -119.942815467865884, 38.977065183961678 ], [ -119.942809829884837, 38.977073579059301 ], [ -119.942803825852891, 38.977081817715998 ], [ -119.942763699368911, 38.977134720325452 ], [ -119.942739150761909, 38.977168273567386 ], [ -119.942715957402413, 38.977202409170914 ], [ -119.942694143820006, 38.977237093547124 ], [ -119.942673729816917, 38.977272295685694 ], [ -119.94265473554411, 38.977307976477555 ], [ -119.942637180804141, 38.977344104912341 ], [ -119.942621082251009, 38.977380642690079 ], [ -119.942435713480222, 38.977823774462955 ], [ -119.942429999410365, 38.977838278138677 ], [ -119.94242493003766, 38.977852926645546 ], [ -119.942420512976753, 38.977867703967696 ], [ -119.942416751347096, 38.977882591268809 ], [ -119.942413651687957, 38.977897570703043 ], [ -119.942411217041411, 38.977912625233728 ], [ -119.942409448182545, 38.97792773686389 ], [ -119.942408350575334, 38.977942885917706 ], [ -119.942407923764591, 38.977958056167658 ], [ -119.942408168525432, 38.977973229616694 ], [ -119.942409083404812, 38.977988386407596 ], [ -119.942410670291935, 38.978003509473403 ], [ -119.942440757805272, 38.978240091999844 ], [ -119.942442173816858, 38.978249559432655 ], [ -119.942444011865391, 38.978258982080028 ], [ -119.94244626661289, 38.978268349892417 ], [ -119.942448937410234, 38.978277651141482 ], [ -119.942452020149801, 38.97828687400817 ], [ -119.942455510646354, 38.97829600847308 ], [ -119.942459405983911, 38.978305041847619 ], [ -119.942463699632853, 38.978313964951759 ], [ -119.942468388638375, 38.978322765996701 ], [ -119.94247346535667, 38.978331434872331 ], [ -119.942478925641424, 38.978339960659454 ], [ -119.94248476065728, 38.978348334117641 ], [ -119.942490613112867, 38.97835673145552 ], [ -119.942496086189763, 38.978365281900807 ], [ -119.942501175663821, 38.978373976334154 ], [ -119.942505873891108, 38.978382804645541 ], [ -119.942510175649531, 38.978391754085919 ], [ -119.942514074409246, 38.978400815475368 ], [ -119.942517568367947, 38.978409977055357 ], [ -119.942520651034457, 38.978419228746155 ], [ -119.942523318339582, 38.978428557828899 ], [ -119.942525569556352, 38.978437954374989 ], [ -119.942527399462719, 38.978447405635336 ], [ -119.9425288061788, 38.978456901651079 ], [ -119.942529789093953, 38.978466429794082 ], [ -119.942530346405803, 38.978475978305774 ], [ -119.942530477387436, 38.978485537257512 ], [ -119.942530182619734, 38.978495093151537 ], [ -119.942529460222801, 38.978504636028966 ], [ -119.942528314236114, 38.978514152482674 ], [ -119.942526743932717, 38.978523632584071 ], [ -119.942524752121699, 38.978533064695455 ], [ -119.942520906206141, 38.978551196519632 ], [ -119.942517840089977, 38.978569418161349 ], [ -119.942515556892928, 38.978587710784218 ], [ -119.942514058736791, 38.978606051922263 ], [ -119.942513348741358, 38.978624422739074 ], [ -119.942513425531075, 38.978642801577699 ], [ -119.942514291150374, 38.978661167771854 ], [ -119.942515944185075, 38.978679500564397 ], [ -119.942518381990666, 38.978697780967735 ], [ -119.942521602038809, 38.978715987294642 ], [ -119.942525601762455, 38.978734098757776 ], [ -119.94253037509732, 38.978752095378915 ], [ -119.942535917093068, 38.978769958109879 ], [ -119.942542221724068, 38.978787666072577 ], [ -119.942549282964663, 38.978805198388869 ], [ -119.942557091214411, 38.978822536789444 ], [ -119.942565639217221, 38.978839662165676 ], [ -119.942572753829637, 38.978852603250672 ], [ -119.942580429802646, 38.978865346452018 ], [ -119.942588660839135, 38.978877877190556 ], [ -119.942597436030596, 38.9788901807662 ], [ -119.942606744429682, 38.978902243378712 ], [ -119.942616575089076, 38.978914051227854 ], [ -119.942626918291708, 38.978925588743856 ], [ -119.942637760706987, 38.978936843865704 ], [ -119.942649089081797, 38.978947802732684 ], [ -119.942660891238418, 38.978958453314043 ], [ -119.942673153884911, 38.978968782648828 ], [ -119.942685860232004, 38.978978778585329 ], [ -119.942698998063065, 38.978988429992633 ], [ -119.942712550588908, 38.978997724719001 ], [ -119.942726503248366, 38.979006652472876 ], [ -119.942740838021749, 38.979015202871999 ], [ -119.942755539233787, 38.979023364694747 ], [ -119.942770588748559, 38.979031130258484 ], [ -119.94278596966042, 38.979038490110973 ], [ -119.943096550372104, 38.979181444753863 ], [ -119.943248251671932, 38.979275183180036 ], [ -119.943257742748258, 38.979281261554981 ], [ -119.943266956245935, 38.979287594804049 ], [ -119.943275882137797, 38.979294174556642 ], [ -119.943284506860593, 38.979300994151053 ], [ -119.943292822731564, 38.979308044377291 ], [ -119.943299250894981, 38.979313688400147 ], [ -119.943311723553578, 38.979324263707653 ], [ -119.943324661244802, 38.979334492660698 ], [ -119.943338049523689, 38.979344362268158 ], [ -119.943351870370407, 38.97935386214796 ], [ -119.94336610818695, 38.97936297927879 ], [ -119.943380744953515, 38.97937170327846 ], [ -119.94339576153601, 38.979380022834761 ], [ -119.943411142181503, 38.979387928525831 ], [ -119.943426866525613, 38.979395410808905 ], [ -119.943442915356712, 38.979402460171471 ], [ -119.943451428724671, 38.97940604811992 ], [ -119.943462128729863, 38.979410747413276 ], [ -119.943472610864134, 38.979415735577739 ], [ -119.943482865022858, 38.979421006042372 ], [ -119.943492876489913, 38.979426552115342 ], [ -119.943502633969075, 38.979432368095331 ], [ -119.943511778751315, 38.979438019367862 ], [ -119.943525965006913, 38.979447101795579 ], [ -119.943539736722229, 38.979456564330697 ], [ -119.943553079413491, 38.979466394882358 ], [ -119.943565976291069, 38.979476581299188 ], [ -119.943578410526754, 38.979487112329792 ], [ -119.943590368866907, 38.979497974113762 ], [ -119.943601835713451, 38.979509153630161 ], [ -119.943612797812747, 38.979520637018652 ], [ -119.943623241833677, 38.979532412218575 ], [ -119.943633154638675, 38.979544462669992 ], [ -119.943642525241017, 38.97955677547283 ], [ -119.943651341617326, 38.979569334997272 ], [ -119.943659592858197, 38.979582126543505 ], [ -119.943667269284546, 38.979595133642285 ], [ -119.943674362292825, 38.979608341654227 ], [ -119.943680862203891, 38.979621734110061 ], [ -119.943686760491445, 38.979635294570713 ], [ -119.94369205204913, 38.979649007587668 ], [ -119.943694680210484, 38.979656273529585 ], [ -119.943698474154843, 38.97966616633785 ], [ -119.943702663568942, 38.979675961409242 ], [ -119.943707244267429, 38.979685648724491 ], [ -119.943712210834562, 38.979695220033683 ], [ -119.943790473501252, 38.979839481096761 ], [ -119.943797779338283, 38.979852330729692 ], [ -119.943805642045746, 38.979864979652803 ], [ -119.943814054289433, 38.979877410557229 ], [ -119.94382300393012, 38.97988961051243 ], [ -119.94383248351734, 38.979901564909078 ], [ -119.943842478644854, 38.979913259856367 ], [ -119.94385298063186, 38.979924682514465 ], [ -119.94386397514937, 38.979935817192811 ], [ -119.943875451094755, 38.979946653690632 ], [ -119.943887394100258, 38.979957177217287 ], [ -119.943899789643169, 38.979967376581499 ], [ -119.943912624353743, 38.979977240622198 ], [ -119.943925882633835, 38.979986756318226 ], [ -119.943939549921993, 38.979995913378133 ], [ -119.943953609389666, 38.980004700550225 ], [ -119.944093470790207, 38.980089098126044 ], [ -119.944105105422636, 38.980095872238664 ], [ -119.944117031799507, 38.980102330585446 ], [ -119.944129235243139, 38.980108465574659 ], [ -119.944141702267373, 38.980114268744806 ], [ -119.944154418155748, 38.980119733404059 ], [ -119.944167365808553, 38.980124854599708 ], [ -119.944180532853835, 38.980129624800519 ], [ -119.944193901038929, 38.980134039023532 ], [ -119.944207456761532, 38.980138091506994 ], [ -119.944221181769024, 38.980141777268067 ], [ -119.944235062342813, 38.980145093244452 ], [ -119.944249080230307, 38.980148034453364 ], [ -119.94426321940719, 38.980150597772116 ], [ -119.94427746265751, 38.980152780947684 ], [ -119.944291794034427, 38.98015457905769 ], [ -119.944306196205716, 38.980155992548681 ], [ -119.944320653147216, 38.980157018298051 ], [ -119.944335145298325, 38.980157654892153 ], [ -119.944349657632841, 38.980157902838037 ], [ -119.944364171743175, 38.980157760752348 ], [ -119.944378671411357, 38.980157230011777 ], [ -119.944393139382697, 38.980156309263172 ], [ -119.944407558209065, 38.980155001652733 ], [ -119.94442191055829, 38.980153307627035 ], [ -119.944436179020855, 38.980151229432465 ], [ -119.944450348531703, 38.980148768475878 ], [ -119.944695951210178, 38.980102653125108 ], [ -119.944710300793602, 38.980100164424528 ], [ -119.944724751247165, 38.980098067541149 ], [ -119.944739287506351, 38.980096363881827 ], [ -119.94475388981769, 38.98009505653242 ], [ -119.944768541963711, 38.980094146869561 ], [ -119.944783226574117, 38.980093636239808 ], [ -119.944797924011567, 38.980093525029382 ], [ -119.944812618136055, 38.980093812815291 ], [ -119.944827290463053, 38.980094500014054 ], [ -119.944841923699741, 38.980095586172432 ], [ -119.944856498324867, 38.980097068977194 ], [ -119.944870999428616, 38.98009894623587 ], [ -119.944885406259573, 38.980101217404702 ], [ -119.944899703985328, 38.980103878491548 ], [ -119.944913875429108, 38.980106926343716 ], [ -119.944927901108329, 38.980110357748124 ], [ -119.944941765076408, 38.98011416778256 ], [ -119.94495545134815, 38.980118352424739 ], [ -119.944968941671249, 38.980122906692067 ], [ -119.944982221290658, 38.980127824792753 ], [ -119.94499527429852, 38.980133100904808 ], [ -119.945008082519848, 38.980138728245912 ], [ -119.945020632352509, 38.980144701054542 ], [ -119.9450329091962, 38.98015100993949 ], [ -119.945044895951483, 38.980157649948389 ], [ -119.945056579209577, 38.980164610820417 ], [ -119.945076134292066, 38.98017625978958 ], [ -119.945096197392843, 38.980187368033022 ], [ -119.945116747187683, 38.980197921478684 ], [ -119.945137756471624, 38.980207908602999 ], [ -119.945159201614587, 38.980217315273521 ], [ -119.945181053028392, 38.980226131705997 ], [ -119.94520328700537, 38.980234345567638 ], [ -119.945225875071543, 38.980241948004355 ], [ -119.945248791058489, 38.980248930222423 ], [ -119.945272004263728, 38.980255281507574 ], [ -119.945295488364081, 38.980260996665585 ], [ -119.945319213732418, 38.98026606681217 ], [ -119.945343152892576, 38.980270486722887 ], [ -119.945367273795569, 38.98027425015264 ], [ -119.945391550079307, 38.980277352807114 ], [ -119.945415949539949, 38.980279792040733 ], [ -119.945440443509654, 38.980281563498735 ], [ -119.945465000898622, 38.980282665465687 ], [ -119.945489594075823, 38.980283096316647 ], [ -119.945499273909959, 38.980283263449643 ], [ -119.945508941407226, 38.980283690609774 ], [ -119.945518583886056, 38.980284377464834 ], [ -119.945528189856461, 38.980285322812954 ], [ -119.945537748981295, 38.980286525482356 ], [ -119.945547249770584, 38.980287984271193 ], [ -119.945556679620168, 38.980289697047525 ], [ -119.945566029345727, 38.98029166266987 ], [ -119.945575286420549, 38.980293877206542 ], [ -119.945584440507446, 38.980296339485889 ], [ -119.945593481346691, 38.980299046536516 ], [ -119.945602396411473, 38.980301994426789 ], [ -119.945611176633619, 38.980305179315678 ], [ -119.945619811714678, 38.980308599131675 ], [ -119.94562829035803, 38.980312248173583 ], [ -119.945636603456862, 38.980316123500273 ], [ -119.945644740906133, 38.980320218540953 ], [ -119.945652692446089, 38.98032453032426 ], [ -119.945660449085835, 38.980329053209445 ], [ -119.945668002987489, 38.980333781585998 ], [ -119.945675342815719, 38.980338710652624 ], [ -119.945682461962832, 38.98034383302933 ], [ -119.945689350246397, 38.980349143945013 ], [ -119.945696001019982, 38.980354636919486 ], [ -119.945702405370113, 38.980360304512367 ], [ -119.945708556611692, 38.980366141143286 ], [ -119.945714445831186, 38.980372139371831 ], [ -119.945720068687933, 38.980378292778234 ], [ -119.945725416307113, 38.980384593022187 ], [ -119.945730482080947, 38.980391032723716 ], [ -119.945735262821643, 38.98039760549316 ], [ -119.945739749693004, 38.980404302090477 ], [ -119.945904472353575, 38.980660786975292 ], [ -119.945911752218521, 38.980672587188351 ], [ -119.945918547895161, 38.980684562097551 ], [ -119.945924851854755, 38.980696698893553 ], [ -119.945930658796996, 38.980708986627143 ], [ -119.94594993537541, 38.980751866699727 ], [ -119.945955736987145, 38.980764144382917 ], [ -119.945962034429044, 38.980776271997534 ], [ -119.945968823592708, 38.980788237724582 ], [ -119.945976096949934, 38.980800028754601 ], [ -119.945983845780773, 38.980811633147745 ], [ -119.945992062518258, 38.980823038994409 ], [ -119.946000740670812, 38.980834236214903 ], [ -119.946009869212702, 38.98084521280898 ], [ -119.946019440576904, 38.980855956867003 ], [ -119.946106608866373, 38.980950564089667 ], [ -119.946120616380426, 38.980966341290625 ], [ -119.946133908455778, 38.980982490726191 ], [ -119.946146468611246, 38.980998993046654 ], [ -119.946158282748812, 38.981015827162956 ], [ -119.946169335540077, 38.981032973755511 ], [ -119.946179614039863, 38.981050411765452 ], [ -119.946189104188704, 38.981068119203854 ], [ -119.94619779649986, 38.981086075102354 ], [ -119.9462115699545, 38.981116101517173 ], [ -119.946218973143345, 38.981133115569982 ], [ -119.946225659946194, 38.981150309048331 ], [ -119.946231621874489, 38.981167664613437 ], [ -119.946236852822935, 38.981185163187206 ], [ -119.946241347838992, 38.981202785721756 ], [ -119.946245101931467, 38.981220514069037 ], [ -119.946248110186573, 38.981238328281322 ], [ -119.94625037107177, 38.981256210301034 ], [ -119.946251880826125, 38.981274140210651 ], [ -119.946252636802853, 38.981292099022561 ], [ -119.946253035050916, 38.981301385705187 ], [ -119.946253835590554, 38.981310657701144 ], [ -119.946255037810687, 38.981319902382268 ], [ -119.946256640945549, 38.981329110719791 ], [ -119.94625864088664, 38.98133827089476 ], [ -119.94626103805976, 38.981347373008781 ], [ -119.946263828279001, 38.981356407042618 ], [ -119.946267007397267, 38.98136536207717 ], [ -119.946270574726086, 38.981374227283943 ], [ -119.946274523735084, 38.981382993483166 ], [ -119.946278850238485, 38.981391650655588 ], [ -119.946283550050296, 38.981400188781969 ], [ -119.946288616678913, 38.981408597782632 ], [ -119.946294045938444, 38.981416867638394 ], [ -119.946299830106923, 38.981424990039038 ], [ -119.946305963884214, 38.981432954035299 ], [ -119.946312438356728, 38.981440752186671 ], [ -119.946319248146963, 38.981448375343554 ], [ -119.946326384457407, 38.981455813365912 ], [ -119.946333838374358, 38.981463058813183 ], [ -119.94634160332879, 38.981470103405485 ], [ -119.946349668139845, 38.981476938742055 ], [ -119.946358026238443, 38.981483556542926 ], [ -119.946366665213475, 38.981489950176872 ], [ -119.946375576151254, 38.981496112203395 ], [ -119.94638585230166, 38.98150276222475 ], [ -119.946396393428216, 38.981509155231031 ], [ -119.946407187119803, 38.981515284590998 ], [ -119.94641822438534, 38.981521144663887 ], [ -119.946429492813635, 38.981526728818409 ], [ -119.946440982183262, 38.981532033183342 ], [ -119.946452680121808, 38.981537050227601 ], [ -119.946464576369053, 38.981541776979746 ], [ -119.946476658513902, 38.981546206808581 ] ] } },
{ "type": "Feature", "properties": { "OBJECTID": 1059, "CLASS": "1", "NAME": "NSS SOUTH DEMO", "MILES": 0.10795066, "ShapeSTLength": 173.7300887160682, "FROM_": "NEVADA STATELINE TO STATELINE PATH", "TO_": "ROUND HILL PINES BEACH RESORT", "WNTR_MAINT": "NO", "MAINT_JURS": "DOUGLAS COUNTY", "YR_OF_CONS": "2013", "IMPLEMENT": "TAHOE TRANSPORTATION DISTRICT", "COUNTY": "DOUGLAS COUNTY", "E_BIKE": "", "GlobalID": "{46646B2F-0F43-486E-A344-8A91E3971E08}", "created_user": "MBINDL", "created_date": "2024-01-25T04:41:45Z", "last_edited_user": "KRICHARDSON", "last_edited_date": "2024-02-09T06:21:15Z" }, "geometry": { "type": "LineString", "coordinates": [ [ -119.951925134967524, 38.990124455194007 ], [ -119.951801949885819, 38.990137890366519 ], [ -119.951795941010673, 38.990138628709289 ], [ -119.951789967882775, 38.990139529242086 ], [ -119.95178403868934, 38.990140589476368 ], [ -119.95177815919547, 38.990141809562928 ], [ -119.951772338702867, 38.99014318794319 ], [ -119.951766581939481, 38.990144722038245 ], [ -119.951760895862293, 38.990146411129111 ], [ -119.951755288697044, 38.990148251827435 ], [ -119.951749767400628, 38.990150243414234 ], [ -119.951744336739822, 38.990152382410741 ], [ -119.951739003710031, 38.990154667198127 ], [ -119.951733775422738, 38.990157093458009 ], [ -119.951728657681826, 38.990159660441293 ], [ -119.95172365759862, 38.990162363829619 ], [ -119.95171877993991, 38.990165200144155 ], [ -119.951714030586814, 38.990168166836106 ], [ -119.951709415497675, 38.990171259556931 ], [ -119.951704939439225, 38.990174474827818 ], [ -119.951700609484291, 38.990177809230275 ], [ -119.951696429285192, 38.990181258355442 ], [ -119.951692405914741, 38.990184818784812 ], [ -119.9516885407578, 38.990188485149432 ], [ -119.951684842040237, 38.990192254060887 ], [ -119.95168130999383, 38.990196120120096 ], [ -119.951677952883173, 38.990200079038814 ], [ -119.951674773207444, 38.990204126378046 ], [ -119.951671775810809, 38.990208256859283 ], [ -119.951668962039321, 38.990212466013411 ], [ -119.951666336737176, 38.990216748561835 ], [ -119.951663902442192, 38.99022109916578 ], [ -119.951661662806771, 38.990225513416398 ], [ -119.951659620407455, 38.990229985074997 ], [ -119.951657776590466, 38.990234509672412 ], [ -119.951656135085543, 38.990239081000169 ], [ -119.951654696124379, 38.990243693659039 ], [ -119.95165346339806, 38.990248342340379 ], [ -119.951652438291489, 38.990253021675187 ], [ -119.951651619883421, 38.990257726234191 ], [ -119.951651010750453, 38.990262449778598 ], [ -119.95165061112445, 38.990267186909378 ], [ -119.951650421275872, 38.990271931327456 ], [ -119.951650441359362, 38.990276679433414 ], [ -119.951650672875687, 38.990281423158663 ], [ -119.951651015281271, 38.990288396732296 ], [ -119.951651055047236, 38.990295375004244 ], [ -119.951650791329513, 38.990302350745445 ], [ -119.951650225667407, 38.990309314987478 ], [ -119.951649357216894, 38.990316260501267 ], [ -119.95164818859304, 38.990323180148295 ], [ -119.95164671910635, 38.990330063100039 ], [ -119.951644952447694, 38.99033690404783 ], [ -119.951642888964727, 38.990343694892907 ], [ -119.951640532541447, 38.990350425827224 ], [ -119.951637884562771, 38.990357091481791 ], [ -119.951634949988389, 38.990363683878464 ], [ -119.951631729204678, 38.990370194018645 ], [ -119.951628228285912, 38.990376614854135 ], [ -119.951624450961617, 38.99038294017641 ], [ -119.951620399885556, 38.990389161946993 ], [ -119.951616082285042, 38.990395273147904 ], [ -119.951611500813925, 38.990401265740672 ], [ -119.951606662622211, 38.990407134507045 ], [ -119.95160157266983, 38.990412871468841 ], [ -119.951545850906285, 38.990473451789576 ], [ -119.951534506161721, 38.990485438470166 ], [ -119.951522748288923, 38.990497180120059 ], [ -119.951510588013022, 38.990508668911751 ], [ -119.951236861267816, 38.990760231029306 ], [ -119.951230518711498, 38.990765862243919 ], [ -119.951223934204066, 38.990771321370431 ], [ -119.951217113781311, 38.990776602260603 ], [ -119.951210066976856, 38.990781697956756 ], [ -119.951202800940806, 38.990786603240629 ], [ -119.951195325206868, 38.990791311154609 ], [ -119.951187646847913, 38.990795818280091 ], [ -119.951179776550617, 38.990800117689652 ], [ -119.951171722579645, 38.990804205095017 ], [ -119.951163495505767, 38.990808076268301 ], [ -119.951155102517831, 38.990811725091341 ], [ -119.951146555301051, 38.990815148266321 ], [ -119.951137864387604, 38.990818342465104 ], [ -119.951129036927696, 38.990821302469534 ], [ -119.951120086874042, 38.990824025941855 ], [ -119.951111022452707, 38.990826509493701 ], [ -119.951101854157187, 38.990828750696892 ], [ -119.951092593711351, 38.990830745353726 ], [ -119.951083250378403, 38.990832492805545 ], [ -119.95107383695796, 38.9908339906845 ], [ -119.951064363943615, 38.990835236562454 ], [ -119.951054841790238, 38.990836228911071 ], [ -119.951045280875448, 38.990836968001773 ], [ -119.951035693998847, 38.990837451466732 ], [ -119.951026091576779, 38.990837678677472 ], [ -119.950711954935514, 38.990840943592964 ], [ -119.950700379143981, 38.990840915561641 ], [ -119.950688811532871, 38.990840589555511 ], [ -119.95067726240255, 38.990839967645762 ], [ -119.950665746820221, 38.990839048424768 ], [ -119.950654276200552, 38.99083783489376 ], [ -119.950642863227358, 38.990836327384514 ], [ -119.950631519392715, 38.990834527098592 ], [ -119.950620257264376, 38.990832437067297 ], [ -119.950609090640555, 38.990830058552532 ], [ -119.95041196856441, 38.990785347503859 ] ] } },
{ "type": "Feature", "properties": { "OBJECTID": 1060, "CLASS": "1", "NAME": "NSS SOUTH DEMO ELKS PT TO RH", "MILES": 1.00637635, "ShapeSTLength": 1619.6089809797497, "FROM_": "ELKS POINT ROAD", "TO_": "ROUND HILL PINES BEACH RESORT", "WNTR_MAINT": "NO", "MAINT_JURS": "DOUGLAS COUNTY", "YR_OF_CONS": "2013", "IMPLEMENT": "TAHOE TRANSPORTATION DISTRICT", "COUNTY": "DOUGLAS COUNTY", "E_BIKE": " ", "GlobalID": "{27301BD2-9EFC-4880-BB5C-1C209366D9B4}", "created_user": "MBINDL", "created_date": "2024-01-25T04:41:45Z", "last_edited_user": "KRICHARDSON", "last_edited_date": "2024-02-09T06:21:15Z" }, "geometry": { "type": "LineString", "coordinates": [ [ -119.949142167017271, 38.981622016193612 ], [ -119.949188999419448, 38.981814356770244 ], [ -119.949192577529061, 38.981827789583882 ], [ -119.949196747611609, 38.981841118073071 ], [ -119.949201504559923, 38.981854326789311 ], [ -119.949206839808269, 38.981867400193551 ], [ -119.949212750632583, 38.981880321097975 ], [ -119.949219228351083, 38.981893076663098 ], [ -119.949226264475143, 38.981905649550178 ], [ -119.949233852706058, 38.981918025180349 ], [ -119.949241982056179, 38.981930190653827 ], [ -119.949250643998084, 38.98194212953166 ], [ -119.94925982873572, 38.981953828044382 ], [ -119.949269522975371, 38.981965273231808 ], [ -119.949279718112493, 38.981976450454745 ], [ -119.949285491082563, 38.981982343666964 ], [ -119.949291516542729, 38.981988082230423 ], [ -119.949297786770543, 38.981993657835183 ], [ -119.949304295041799, 38.981999065800892 ], [ -119.949311032442381, 38.982004298687322 ], [ -119.949317993439777, 38.982009350944381 ], [ -119.949325169042538, 38.982014216931589 ], [ -119.949332550259257, 38.98201889100833 ], [ -119.949340130404451, 38.982023367594458 ], [ -119.949347899295077, 38.982027641919125 ], [ -119.949355849054044, 38.982031709271759 ], [ -119.949363970689888, 38.982035564011859 ], [ -119.949372253942357, 38.982039203168299 ], [ -119.94938068978135, 38.982042622000392 ], [ -119.949389269176805, 38.982045815767457 ], [ -119.949397981868344, 38.982048781498399 ], [ -119.949406817557062, 38.982051517121889 ], [ -119.94941576725148, 38.982054016997466 ], [ -119.949424819461044, 38.982056279923533 ], [ -119.94943643971861, 38.982059189306149 ], [ -119.949447923048766, 38.982062411309954 ], [ -119.949459256885532, 38.982065942903553 ], [ -119.949470426472999, 38.982069778295639 ], [ -119.949481419245302, 38.982073914454894 ], [ -119.949492221599414, 38.98207834562016 ], [ -119.94950281989378, 38.982083066930194 ], [ -119.949513202869795, 38.982088071784418 ], [ -119.949523356885962, 38.982093355321553 ], [ -119.949533269569471, 38.982098910010976 ], [ -119.949542929623064, 38.982104730151875 ], [ -119.949552334073687, 38.982110401266475 ], [ -119.949561977856789, 38.982115820993947 ], [ -119.949571851980906, 38.982120983693711 ], [ -119.949581942881636, 38.982125882704722 ], [ -119.949592240375878, 38.982130513256109 ], [ -119.949602732052085, 38.982134868716976 ], [ -119.949613407649906, 38.982138946116216 ], [ -119.949624252413258, 38.982142739662407 ], [ -119.949635255006115, 38.982146244554606 ], [ -119.949776235947482, 38.982189002193749 ], [ -119.949787372442998, 38.982192211486392 ], [ -119.949798640482143, 38.982195126031812 ], [ -119.949810028690365, 38.982197741928772 ], [ -119.949821523309794, 38.982200057015689 ], [ -119.949833110659867, 38.982202067331016 ], [ -119.949844779249958, 38.982203771673241 ], [ -119.94985651416934, 38.982205167850488 ], [ -119.949868303965971, 38.982206253761369 ], [ -119.950291160012455, 38.982239573182383 ], [ -119.950300565764991, 38.982240189490682 ], [ -119.950309992443024, 38.982240560408115 ], [ -119.950319429747452, 38.982240683863559 ], [ -119.950328867301991, 38.98224055958557 ], [ -119.950338294653022, 38.982240189102434 ], [ -119.950347700271209, 38.982239572112519 ], [ -119.950357073780268, 38.982238708344418 ], [ -119.950366404649287, 38.982237601126137 ], [ -119.950375683693451, 38.982236249316564 ], [ -119.950384898114663, 38.982234655283499 ], [ -119.950394039726518, 38.982232821515495 ], [ -119.950403098114009, 38.982230748640916 ], [ -119.950412061554715, 38.98222844085749 ], [ -119.950420920786527, 38.982225898823884 ], [ -119.950429665240023, 38.982223126767948 ], [ -119.950438286690058, 38.982220128078026 ], [ -119.950446773530132, 38.982216904252297 ], [ -119.950455117457977, 38.982213460478853 ], [ -119.950463309095639, 38.982209800115832 ], [ -119.950471337873552, 38.982205927391192 ], [ -119.950597836665324, 38.982142605246359 ], [ -119.950609120525428, 38.982137168162218 ], [ -119.950620636012999, 38.982132035323524 ], [ -119.950632370136915, 38.982127213597401 ], [ -119.950644309983488, 38.982122708051165 ], [ -119.950656440255798, 38.98211852549165 ], [ -119.950668746964524, 38.982114669156388 ], [ -119.950681216042952, 38.982111144082566 ], [ -119.950693832271583, 38.982107955277272 ], [ -119.950706580508111, 38.982105105947895 ], [ -119.950719446801784, 38.982102598432128 ], [ -119.9507324159718, 38.982100436837179 ], [ -119.950745472914548, 38.982098623470591 ], [ -119.950758600220482, 38.982097160579627 ], [ -119.95077178513057, 38.982096049632226 ], [ -119.950785011426888, 38.982095292005965 ], [ -119.950798262930135, 38.982094888178558 ], [ -119.950811523422573, 38.98209483952747 ], [ -119.950824779069308, 38.98209514569092 ], [ -119.95083801376839, 38.982095805346887 ], [ -119.950851211340606, 38.982096818973098 ], [ -119.95086435683686, 38.982098185277664 ], [ -119.950877434155174, 38.982099902938621 ], [ -119.950890428423762, 38.982101968864427 ], [ -119.950903324732138, 38.98210438086339 ], [ -119.950916108169878, 38.982107136743849 ], [ -119.950928761597964, 38.982110232454083 ], [ -119.950937154352246, 38.982112532968749 ], [ -119.950945443025759, 38.982115053275571 ], [ -119.950953618511036, 38.982117790433797 ], [ -119.950961670586551, 38.982120740572583 ], [ -119.950969591259138, 38.982123901681234 ], [ -119.950977371498695, 38.982127269019195 ], [ -119.950985001083566, 38.982130838715719 ], [ -119.950992470906385, 38.982134607829991 ], [ -119.950999775395715, 38.982138571712035 ], [ -119.951006903254267, 38.982142724661145 ], [ -119.951013847719068, 38.982147062897049 ], [ -119.951020602065796, 38.982151581739537 ], [ -119.951027156150076, 38.982156275518122 ], [ -119.951033504400385, 38.982161139582772 ], [ -119.951039639016798, 38.982166167423436 ], [ -119.951113519179941, 38.982228804728891 ], [ -119.951121543489137, 38.98223538643861 ], [ -119.951129842358128, 38.982241756416762 ], [ -119.951138405642439, 38.982247908992811 ], [ -119.951147226733625, 38.982253836786882 ], [ -119.951156293181299, 38.982259534068099 ], [ -119.951165596071263, 38.982264993396342 ], [ -119.951175126373158, 38.982270210030983 ], [ -119.951184871675352, 38.982275177341336 ], [ -119.951194822947556, 38.982279890586838 ], [ -119.951204967739372, 38.9822843440366 ], [ -119.951215295867684, 38.982288532919895 ], [ -119.951225797149235, 38.982292452466076 ], [ -119.951236457864837, 38.98229609961362 ], [ -119.951247266716976, 38.982299468661907 ], [ -119.951264111677645, 38.982304729736207 ], [ -119.951280714658637, 38.982310438518546 ], [ -119.951297056253665, 38.982316589997197 ], [ -119.951313117172418, 38.982323176460845 ], [ -119.951328879277369, 38.982330190228346 ], [ -119.95134432216382, 38.982337622658392 ], [ -119.951359428885837, 38.982345465200147 ], [ -119.951374180230104, 38.982353708342551 ], [ -119.95138856159511, 38.982362342695275 ], [ -119.951402553844858, 38.98237135694761 ], [ -119.951416140033174, 38.982380742548642 ], [ -119.951429304560037, 38.982390486478508 ], [ -119.951442032823749, 38.982400579346709 ], [ -119.951454308148541, 38.982411006303458 ], [ -119.951466117162823, 38.982421756188806 ], [ -119.951477445342036, 38.982432817812608 ], [ -119.951488280660612, 38.982444175545751 ], [ -119.951498607441124, 38.98245581816802 ], [ -119.951508417078045, 38.982467731040558 ], [ -119.95168051575348, 38.982684861723484 ], [ -119.951687195866498, 38.982692967653534 ], [ -119.951694236082034, 38.982700885708532 ], [ -119.951701628715895, 38.982708606678791 ], [ -119.951709362702402, 38.982716119464406 ], [ -119.951717431471621, 38.982723415785749 ], [ -119.951725821536144, 38.982730487182231 ], [ -119.951734526403285, 38.982737323574462 ], [ -119.951743532508274, 38.982743918301594 ], [ -119.95175282874672, 38.982750261163659 ], [ -119.951761915227564, 38.982756435482919 ], [ -119.951770748863851, 38.982762826606169 ], [ -119.951779324045503, 38.982769430783243 ], [ -119.951787631935233, 38.982776238774434 ], [ -119.951795663502878, 38.982783245839371 ], [ -119.951803412139682, 38.982790444598322 ], [ -119.951810870084245, 38.982797827641484 ], [ -119.951818029536312, 38.982805388458843 ], [ -119.951885664268119, 38.982879188629774 ], [ -119.951891008646371, 38.982885231765756 ], [ -119.951896093201611, 38.982891412247376 ], [ -119.951900909096622, 38.982897720834927 ], [ -119.95190545195139, 38.982904152008679 ], [ -119.951909716310183, 38.98291069841909 ], [ -119.951913699023095, 38.982917352776866 ], [ -119.951917393520077, 38.982924106802386 ], [ -119.951920797804206, 38.982930953236547 ], [ -119.951923906419722, 38.982937884729772 ], [ -119.951926716216761, 38.982944893992716 ], [ -119.951929224122608, 38.982951971936401 ], [ -119.951931426987429, 38.982959111271555 ], [ -119.95193332281417, 38.982966304738952 ], [ -119.951998343714919, 38.98323569377451 ], [ -119.952001001464524, 38.983245762018576 ], [ -119.952004097578836, 38.983255755240172 ], [ -119.952007628025655, 38.983265659820766 ], [ -119.952011587542543, 38.983275463911411 ], [ -119.95201597305703, 38.983285158423065 ], [ -119.952020778192434, 38.983294730576773 ], [ -119.952025998800607, 38.983304169453589 ], [ -119.95203162727455, 38.983313464044137 ], [ -119.952037658313117, 38.983322603399323 ], [ -119.95211782577104, 38.983439179202591 ], [ -119.952129156421421, 38.983456374854015 ], [ -119.952139703126875, 38.98347387161953 ], [ -119.952149455284456, 38.983491647601269 ], [ -119.952158398870949, 38.983509679911059 ], [ -119.952281618355485, 38.983771736560982 ], [ -119.952291827329645, 38.983792371223039 ], [ -119.952302918566389, 38.983812727157442 ], [ -119.952314878082248, 38.98383278057576 ], [ -119.952327694083607, 38.983852510449438 ], [ -119.952341351433844, 38.983871892959861 ], [ -119.952355834919103, 38.983890906088149 ], [ -119.95237112698095, 38.983909528654962 ], [ -119.952387212289494, 38.983927741340985 ], [ -119.952439771781528, 38.983985164769337 ], [ -119.952458114427188, 38.984005941775692 ], [ -119.952475538696589, 38.984027193853755 ], [ -119.952492025992996, 38.984048897095235 ], [ -119.952507557835588, 38.984071024892124 ], [ -119.952522115666227, 38.984093552436221 ], [ -119.952535683271122, 38.984116454079661 ], [ -119.952548243360766, 38.984139702344706 ], [ -119.952559783180178, 38.984163271673928 ], [ -119.952570288975764, 38.984187132880194 ], [ -119.952579746839419, 38.984211260375872 ], [ -119.952588148782198, 38.984235625124526 ], [ -119.952605929859729, 38.984287351233405 ], [ -119.95262585759906, 38.984338599237383 ], [ -119.952647907803481, 38.984389314450716 ], [ -119.952672059696411, 38.98443944317782 ], [ -119.952698286697583, 38.984488932472225 ], [ -119.952704108002806, 38.984499950931927 ], [ -119.952709434620218, 38.984511119518032 ], [ -119.952714262439798, 38.984522426411843 ], [ -119.952718582816857, 38.984533857874446 ], [ -119.952722392948743, 38.984545398517817 ], [ -119.952725686419456, 38.984557036462967 ], [ -119.952728461540715, 38.984568757251935 ], [ -119.952730712089448, 38.9845805445064 ], [ -119.952732437414539, 38.984592386498051 ], [ -119.952733634713212, 38.98460426783884 ], [ -119.9527343034501, 38.984616174100914 ], [ -119.952741260223462, 38.984821705663535 ], [ -119.952747585969334, 38.985207907318305 ], [ -119.952801098332031, 38.985635661697344 ], [ -119.952802531720323, 38.985649546436029 ], [ -119.952803362401184, 38.985663462265947 ], [ -119.952803589993636, 38.985677391159719 ], [ -119.952803213962085, 38.985691318689419 ], [ -119.952802235039883, 38.985705227757691 ], [ -119.952800653883102, 38.985719103066884 ], [ -119.95279847118654, 38.985732928419445 ], [ -119.952795691065148, 38.985746688608131 ], [ -119.952792316481009, 38.985760368395518 ], [ -119.952788351665021, 38.985773949874755 ], [ -119.952783799502015, 38.985787419608123 ], [ -119.952778666451735, 38.985800761548752 ], [ -119.952674624629751, 38.986055466427651 ], [ -119.952669461310791, 38.986068894054746 ], [ -119.952664885717809, 38.986082451455168 ], [ -119.952660904349841, 38.986096121682408 ], [ -119.952657521283925, 38.98610989042912 ], [ -119.952654740713101, 38.986123740688434 ], [ -119.95265256675313, 38.986137657253245 ], [ -119.952651000138104, 38.986151623026217 ], [ -119.952650042716414, 38.98616562184008 ], [ -119.952649697412298, 38.986179639357317 ], [ -119.952649963884099, 38.986193656650798 ], [ -119.9526590165611, 38.986415538798639 ], [ -119.952643658582915, 38.986667784474186 ], [ -119.952642886197268, 38.986677121618321 ], [ -119.952641705117344, 38.986686433665177 ], [ -119.952640119342632, 38.986695708107014 ], [ -119.952638129297753, 38.986704935045445 ], [ -119.952635736598936, 38.986714103712188 ], [ -119.952632946321472, 38.98672320342947 ], [ -119.952629760081578, 38.98673222342908 ], [ -119.952626181762923, 38.986741153902919 ], [ -119.952622215326357, 38.986749983243193 ], [ -119.952617865769938, 38.986758702571834 ], [ -119.952613137015916, 38.986767301180848 ], [ -119.952608036407, 38.986775769352604 ], [ -119.95260257017145, 38.986784096439393 ], [ -119.952580798263639, 38.986815909069286 ], [ -119.952576751272517, 38.986822069727552 ], [ -119.952572971101901, 38.986828333753635 ], [ -119.952569463864378, 38.986834693199569 ], [ -119.952566232174959, 38.986841140926742 ], [ -119.952563279801637, 38.986847669826723 ], [ -119.952560610512393, 38.986854272791106 ], [ -119.952558226960818, 38.986860941781416 ], [ -119.952556131762009, 38.986867669659119 ], [ -119.952554328722528, 38.986874448415854 ], [ -119.95255281815146, 38.986881270852784 ], [ -119.952551602663775, 38.986888129831335 ], [ -119.952550682684404, 38.986895015453037 ], [ -119.952550059598153, 38.986901922348913 ], [ -119.952535557715208, 38.987113604384852 ], [ -119.952534911905644, 38.987120717886427 ], [ -119.952533950753633, 38.987127809631481 ], [ -119.952532675759755, 38.98713487155139 ], [ -119.952531088463061, 38.987141894677691 ], [ -119.952529189211035, 38.98714887091166 ], [ -119.952526983001832, 38.98715579137518 ], [ -119.952524470144269, 38.987162648869408 ], [ -119.952521654522087, 38.987169433586224 ], [ -119.952518539941821, 38.987176137517309 ], [ -119.952515128979726, 38.98718275442392 ], [ -119.95251142782557, 38.987189274558276 ], [ -119.952507437941222, 38.987195690751541 ], [ -119.952503166592209, 38.987201995085876 ], [ -119.952498618699451, 38.987208180482888 ], [ -119.952493798069497, 38.987214238934186 ], [ -119.952488711890638, 38.987220164321641 ], [ -119.952483366314013, 38.987225947797306 ], [ -119.952477766222003, 38.987231583182663 ], [ -119.952471919955869, 38.98723706438966 ], [ -119.952465833589585, 38.987242384370049 ], [ -119.952459515503122, 38.987247536135975 ], [ -119.952452972846203, 38.987252514469034 ], [ -119.952446212807189, 38.987257313251021 ], [ -119.952439243727397, 38.98726192639392 ], [ -119.952432073948273, 38.987266347809623 ], [ -119.952424712886895, 38.98727057323994 ], [ -119.952417167731667, 38.987274596566678 ], [ -119.9524094478611, 38.987278414431486 ], [ -119.952401565075633, 38.987282020836759 ], [ -119.952393526409168, 38.987285413263699 ], [ -119.952385342547728, 38.987288584784729 ], [ -119.952377021639606, 38.987291533811046 ], [ -119.952368575408059, 38.987294256144793 ], [ -119.952360014384539, 38.98729674845778 ], [ -119.952351346756075, 38.987299008261381 ], [ -119.952342585398867, 38.987301031387872 ], [ -119.952333738422624, 38.987302817148361 ], [ -119.952324817473254, 38.987304363144702 ], [ -119.952315833043798, 38.987305666948579 ], [ -119.952306796741524, 38.987306727061672 ], [ -119.952297719020834, 38.98730754195558 ], [ -119.952288610297401, 38.987308111001703 ], [ -119.952279561761699, 38.98730867621542 ], [ -119.952270543229872, 38.987309483645923 ], [ -119.952261565117439, 38.987310532664615 ], [ -119.952252639031599, 38.987311821773226 ], [ -119.952243774234901, 38.98731335031308 ], [ -119.952234983526097, 38.987315115916189 ], [ -119.952226275092016, 38.987317116093969 ], [ -119.952217659386804, 38.987319349318035 ], [ -119.952209148094894, 38.987321812290425 ], [ -119.952200749403147, 38.987324502522526 ], [ -119.952192474995954, 38.987327416716425 ], [ -119.95218433425174, 38.987330551513828 ], [ -119.952176336587584, 38.987333902656623 ], [ -119.952168490228985, 38.987337466756443 ], [ -119.952160806899002, 38.987341239615404 ], [ -119.952153293747287, 38.987345216015321 ], [ -119.952145960152393, 38.987349392597885 ], [ -119.952138815647217, 38.987353762405405 ], [ -119.952131868457343, 38.987358322049538 ], [ -119.952125124579425, 38.987363066281866 ], [ -119.952118595852511, 38.987367988204987 ], [ -119.952112285967331, 38.987373082510231 ], [ -119.95210620560988, 38.987378342270013 ], [ -119.952100360738356, 38.987383763135846 ], [ -119.95190536806922, 38.987571045570853 ], [ -119.951895215842654, 38.987580460866553 ], [ -119.95188465312485, 38.987589596969073 ], [ -119.951873694215394, 38.987598443441776 ], [ -119.951862351107891, 38.987606989787722 ], [ -119.951850635795935, 38.987615225509948 ], [ -119.951838564846625, 38.987623141131955 ], [ -119.951826151367982, 38.987630727086874 ], [ -119.951813410735411, 38.98763797476785 ], [ -119.951800356018396, 38.987644875507847 ], [ -119.951787004859852, 38.987651421660281 ], [ -119.95177337267387, 38.98765760371851 ], [ -119.951759475873089, 38.987663415805521 ], [ -119.951745330947418, 38.987668850244582 ], [ -119.951337651154972, 38.987818717171486 ], [ -119.95132787178737, 38.987822456779739 ], [ -119.951318245063462, 38.987826431902512 ], [ -119.951308781592076, 38.987830637412074 ], [ -119.951299489637378, 38.987835069020242 ], [ -119.951009410408631, 38.987978280817622 ], [ -119.951004366983511, 38.987980679450949 ], [ -119.950999223122608, 38.987982943930227 ], [ -119.950993985859895, 38.987985071736837 ], [ -119.950988659846075, 38.987987062091577 ], [ -119.950983252153833, 38.987988911575876 ], [ -119.950977766319497, 38.987990618480509 ], [ -119.950972211683109, 38.987992180347135 ], [ -119.950966591780968, 38.987993595466541 ], [ -119.950960914722899, 38.987994863149872 ], [ -119.950803371633526, 38.988027817782125 ], [ -119.950795880474331, 38.988029477631265 ], [ -119.950788454650976, 38.98803130945322 ], [ -119.950781101158739, 38.988033311629145 ], [ -119.950773825878599, 38.988035481610339 ], [ -119.950766636881539, 38.988037819607904 ], [ -119.950405592890604, 38.988160108548314 ], [ -119.950395576187077, 38.988163647280267 ], [ -119.950385707242191, 38.988167427706166 ], [ -119.950375994204236, 38.988171448237487 ], [ -119.950366446567784, 38.988175702816562 ], [ -119.950357073672791, 38.988180188985183 ], [ -119.950347886128228, 38.988184901615625 ], [ -119.950338891084002, 38.988189835489841 ], [ -119.950330097957391, 38.988194986349868 ], [ -119.950274160817116, 38.988228833465023 ], [ -119.950255554755429, 38.988240491329179 ], [ -119.95023746573942, 38.988252634772302 ], [ -119.950219915141631, 38.988265249939836 ], [ -119.950202923220274, 38.988278322047222 ], [ -119.950186507888901, 38.988291837149468 ], [ -119.950170689521812, 38.988305777762442 ], [ -119.950163618575573, 38.988312460999843 ], [ -119.950156852287378, 38.988319334182826 ], [ -119.950150398000673, 38.988326387593979 ], [ -119.950144265287364, 38.988333613375957 ], [ -119.950138461452127, 38.988341002711266 ], [ -119.950132992685297, 38.988348545852283 ], [ -119.950127867405897, 38.988356234911542 ], [ -119.950123089536888, 38.988364059181258 ], [ -119.950118666421574, 38.98837200894409 ], [ -119.95011460421172, 38.988380075352282 ], [ -119.950110905638567, 38.988388248567766 ], [ -119.950107578122839, 38.98839651707344 ], [ -119.950104623165487, 38.988404872800778 ], [ -119.950099875906744, 38.988420368771102 ], [ -119.950095809285941, 38.988435981643988 ], [ -119.950092427496955, 38.98845169441271 ], [ -119.950089734811016, 38.988467488270821 ], [ -119.950087735537934, 38.988483343512023 ], [ -119.950086429220917, 38.988499243908755 ], [ -119.950085820208415, 38.988515168854832 ], [ -119.9500859080824, 38.988531101222819 ], [ -119.950086691348929, 38.988547022055357 ], [ -119.950088171973235, 38.988562912485641 ], [ -119.95009034611671, 38.988578754395824 ], [ -119.950093212285566, 38.988594528828564 ], [ -119.950096765488155, 38.988610217635774 ], [ -119.950101004153311, 38.988625803659851 ], [ -119.950105921060668, 38.988641266892643 ], [ -119.950111512333038, 38.988656590116214 ], [ -119.95011776951965, 38.988671755091872 ], [ -119.950124686398539, 38.988686745441186 ], [ -119.95013225571067, 38.98870154205585 ], [ -119.950140466583235, 38.988716129336495 ], [ -119.950149311757173, 38.988730488174838 ], [ -119.950158779167921, 38.988744603841205 ], [ -119.950168859173004, 38.988758458966672 ], [ -119.950179538593488, 38.988772037891508 ], [ -119.950291672008831, 38.988909299152105 ], [ -119.950302189793618, 38.98892266483589 ], [ -119.950312125851582, 38.988936298173265 ], [ -119.950321470423674, 38.988950184495152 ], [ -119.950330210369003, 38.98896430724227 ], [ -119.950338338234545, 38.988978651805887 ], [ -119.950345844338401, 38.988993201717193 ], [ -119.950352719037397, 38.989007939607504 ], [ -119.950358956070033, 38.989022849998364 ], [ -119.950364546946076, 38.989037915551243 ], [ -119.950369485481346, 38.989053118987925 ], [ -119.950373767797615, 38.989068443090524 ], [ -119.950377387672063, 38.989083871480688 ], [ -119.950380340112119, 38.989099386010487 ], [ -119.950382624737301, 38.989114968652579 ], [ -119.950384235363344, 38.989130602128753 ], [ -119.950418457470448, 38.989550832129183 ], [ -119.950419218751904, 38.989558209442073 ], [ -119.950420297356601, 38.989565562624804 ], [ -119.950421692518077, 38.989572882648652 ], [ -119.950423403392634, 38.989580162284589 ], [ -119.950425428060768, 38.989587392473659 ], [ -119.950427763372645, 38.989594565926531 ], [ -119.950430407408817, 38.989601673584296 ], [ -119.950433355866437, 38.989608708127378 ], [ -119.950436607978986, 38.989615660527058 ], [ -119.950440157137592, 38.989622523403433 ], [ -119.950444000192405, 38.989629289467132 ], [ -119.9504481340322, 38.989635950528921 ], [ -119.950452553201046, 38.98964249923911 ], [ -119.950457252281737, 38.989648927348135 ], [ -119.95046222574102, 38.989655229305974 ], [ -119.95047120335731, 38.989666616014773 ], [ -119.950479667507565, 38.989678239732498 ], [ -119.950487608394042, 38.989690086689961 ], [ -119.950495017449256, 38.989702141348353 ], [ -119.950501883683728, 38.989714390808103 ], [ -119.950508200874609, 38.989726818690912 ], [ -119.950513959262736, 38.989739410327637 ], [ -119.950519153739648, 38.98975215027 ], [ -119.950523778005248, 38.989765023939313 ], [ -119.950527824644965, 38.9897780158269 ], [ -119.950531289780699, 38.989791108714911 ], [ -119.950534170571331, 38.989804288115124 ], [ -119.950536460755401, 38.989817538549026 ], [ -119.950538159952444, 38.989830841989289 ], [ -119.950539265321453, 38.989844183947746 ], [ -119.950539775251684, 38.989857548166597 ], [ -119.950539688132352, 38.989870918388121 ], [ -119.950539007003599, 38.989884277575264 ], [ -119.950537730215913, 38.989897610370114 ], [ -119.950535859617816, 38.989910900605381 ], [ -119.950533398249348, 38.989924131243981 ], [ -119.950530349034651, 38.989937287948528 ], [ -119.950415983814594, 38.990385977515132 ], [ -119.950412752724134, 38.990399900601219 ], [ -119.950410136999736, 38.990413901945224 ], [ -119.95040813852917, 38.99042796448007 ], [ -119.950406760275897, 38.99044207296857 ], [ -119.9504060041278, 38.990456210343581 ], [ -119.950405869666483, 38.990470359477719 ], [ -119.950406358779816, 38.990484503303804 ], [ -119.950407471010806, 38.990498625594284 ], [ -119.95040920355774, 38.99051271096107 ], [ -119.950411554926575, 38.990526740446775 ], [ -119.950414523430041, 38.990540699593375 ], [ -119.950418104076192, 38.990554570252797 ], [ -119.950422292910289, 38.990568337006856 ], [ -119.950427084901747, 38.990581982607296 ], [ -119.950430575020789, 38.990591914100776 ], [ -119.950433628533077, 38.990601932367213 ], [ -119.950436243596201, 38.990612026548035 ], [ -119.950438414985811, 38.990622183894423 ], [ -119.950440142012482, 38.990632393577961 ], [ -119.950441421757944, 38.990642642910132 ], [ -119.950442252379801, 38.990652921032321 ], [ -119.950442634457517, 38.990663214446691 ], [ -119.950442566148695, 38.99067351229457 ], [ -119.950442047994144, 38.990683801977973 ], [ -119.950441080457608, 38.990694072698588 ], [ -119.950439665271631, 38.990704310988697 ], [ -119.95043780289987, 38.99071450604994 ], [ -119.950435497342426, 38.990724645374861 ], [ -119.950432749062912, 38.990734718165022 ], [ -119.950429563253138, 38.990744711043284 ], [ -119.950425941491176, 38.990754614141224 ], [ -119.950331763585083, 38.990996457941385 ], [ -119.950328747056076, 38.991003745431058 ], [ -119.950325406381864, 38.991010946965922 ], [ -119.950321745446715, 38.991018052738049 ], [ -119.950317770363725, 38.991025054799479 ], [ -119.9503134837868, 38.991031945111793 ], [ -119.950308893059443, 38.991038713957522 ], [ -119.950304001988627, 38.991045353328403 ], [ -119.950298817801908, 38.991051856206525 ], [ -119.950293345497983, 38.991058213713941 ], [ -119.950287593457517, 38.991064418862862 ], [ -119.950281566640555, 38.991070463675257 ], [ -119.950275274580804, 38.991076341193519 ], [ -119.950268722238349, 38.991082043439548 ], [ -119.950261920299994, 38.991087563485927 ], [ -119.950254875915959, 38.991092896114459 ], [ -119.950247597544291, 38.991098032537693 ], [ -119.950223380661825, 38.991115115467259 ], [ -119.95019993167071, 38.99113283737821 ], [ -119.95017727567415, 38.991151178207744 ], [ -119.950155441350688, 38.991170115284035 ], [ -119.950134452727951, 38.991189626714444 ], [ -119.950114336139862, 38.991209690666651 ], [ -119.950095114654431, 38.991230280718653 ], [ -119.950076811146587, 38.991251374947566 ], [ -119.950059447531572, 38.991272946901219 ], [ -119.950043043341196, 38.991294971866616 ], [ -119.950027619337831, 38.991317423361465 ], [ -119.950013193939014, 38.991340275742736 ], [ -119.949917554714077, 38.991498578498629 ], [ -119.949912371348233, 38.991507532643624 ], [ -119.949907564659071, 38.991516612856081 ], [ -119.949903138453834, 38.991525811127822 ], [ -119.949899097808796, 38.991535116781321 ], [ -119.949895447761605, 38.991544520038836 ], [ -119.949892191082455, 38.991554010162481 ], [ -119.949889332770354, 38.991563578274381 ], [ -119.949886873250705, 38.991573214476176 ], [ -119.949884817638491, 38.991582907190406 ], [ -119.949883167473573, 38.991592647448719 ], [ -119.949881923219948, 38.991602424452822 ], [ -119.949880575208425, 38.991612896915349 ], [ -119.94987876040372, 38.991623325633824 ], [ -119.949876481575728, 38.991633699870228 ], [ -119.949873739381459, 38.991644004326986 ], [ -119.949870540011275, 38.991654229256447 ], [ -119.949866886389771, 38.991664360321224 ], [ -119.949862781286797, 38.991674386783309 ], [ -119.949858232239137, 38.991684294425937 ], [ -119.949853242016701, 38.991694072511137 ], [ -119.949847819193408, 38.991703709551849 ], [ -119.949841970075738, 38.9917131931009 ], [ -119.949835698625321, 38.991722511550584 ], [ -119.949818481908494, 38.991746087236621 ], [ -119.949800246476087, 38.991769192136189 ], [ -119.949781011975134, 38.991791798835976 ], [ -119.949760801511999, 38.991813880013176 ], [ -119.949739639191648, 38.991835411974499 ], [ -119.949717548081907, 38.991856368297029 ], [ -119.949694555785797, 38.991876724478168 ], [ -119.949670686369899, 38.991896457724536 ], [ -119.949645970857915, 38.991915544523941 ], [ -119.949620434431083, 38.991933963013054 ], [ -119.949594109189121, 38.991951691509627 ], [ -119.949567026040071, 38.991968709201004 ], [ -119.949539213508729, 38.991984997014072 ], [ -119.949510707038314, 38.992000536056622 ], [ -119.949481537459903, 38.992015307315903 ], [ -119.94945174125408, 38.992029294629518 ], [ -119.949421351442226, 38.992042481744662 ], [ -119.949390403352069, 38.992054852468918 ], [ -119.949358932195253, 38.992066393309379 ], [ -119.949326975528479, 38.992077089933709 ], [ -119.949294570792546, 38.992086930709227 ], [ -119.949261755428168, 38.992095904003243 ], [ -119.949253356855124, 38.992098199434224 ], [ -119.949245062002575, 38.992100713787465 ], [ -119.949236881325461, 38.992103445534838 ], [ -119.949228823049935, 38.992106391288267 ], [ -119.949220896555204, 38.992109547689665 ], [ -119.949213110144782, 38.992112909551196 ], [ -119.949205474273612, 38.992116475344758 ], [ -119.949197997245136, 38.992120239882496 ], [ -119.949190686132539, 38.992124199746037 ], [ -119.949183551584099, 38.992128348908075 ], [ -119.949176599519845, 38.99213268392004 ], [ -119.949169838281961, 38.992137198694245 ], [ -119.949163276096684, 38.9921418898425 ], [ -119.949156921306155, 38.992146751277112 ], [ -119.949150779985146, 38.992151775950155 ], [ -119.949144858092367, 38.992156959513252 ], [ -119.949139165084446, 38.992162296808736 ], [ -119.949133704768656, 38.992167779828442 ], [ -119.949128485409901, 38.992173404284394 ], [ -119.949123510776786, 38.992179163068258 ], [ -119.949118789288889, 38.992185048292654 ], [ -119.94911432344577, 38.992191055518674 ], [ -119.949110120552618, 38.992197175928858 ], [ -119.949106184300746, 38.992203404214592 ], [ -119.94910017779695, 38.992212893514328 ], [ -119.94909374807699, 38.992222211382717 ], [ -119.94908690475205, 38.992231349062614 ], [ -119.949079653014479, 38.992240293176799 ], [ -119.94907200597342, 38.992249034158725 ], [ -119.949063971088563, 38.992257559591415 ], [ -119.949055559124389, 38.992265860747786 ], [ -119.949046778616363, 38.99227392704077 ], [ -119.9490376415593, 38.992281747973756 ], [ -119.949028158717638, 38.992289314819743 ], [ -119.949018342086163, 38.992296617082147 ], [ -119.94900820358248, 38.992303646064109 ], [ -119.948997756238469, 38.9923103939988 ], [ -119.94898701197171, 38.992316852189361 ], [ -119.948975983852847, 38.992323011969141 ], [ -119.948964685989537, 38.992328867401262 ], [ -119.948953132605638, 38.99233440984915 ], [ -119.948941337847558, 38.99233963247611 ], [ -119.948929314631243, 38.992344530214901 ], [ -119.94891707944808, 38.992349095389244 ], [ -119.948905160049208, 38.992353538201527 ], [ -119.948893441856825, 38.992358295276773 ], [ -119.948881937747998, 38.992363362447705 ], [ -119.948870663021964, 38.992368732907906 ], [ -119.94885962951895, 38.992374399760372 ], [ -119.948848850154675, 38.99238035793806 ], [ -119.948838336807924, 38.992386599644064 ], [ -119.948828103625033, 38.992393118041846 ], [ -119.948818161370383, 38.992399904404522 ], [ -119.948808520731035, 38.992406951804931 ], [ -119.948799194738896, 38.992414252476443 ], [ -119.948790194197159, 38.992421796792357 ], [ -119.948518802743621, 38.992657190504204 ] ] } },
{ "type": "Feature", "properties": { "OBJECTID": 1062, "CLASS": "1", "NAME": "BLACK ROCK ROAD BIKE PATH", "MILES": 0.04776189, "ShapeSTLength": 76.865472157728618, "FROM_": "PINE BLVD", "TO_": "PARK AVE", "WNTR_MAINT": "NO", "MAINT_JURS": "CITY OF SOUTH LAKE TAHOE", "YR_OF_CONS": "UNKNOWN", "IMPLEMENT": "CITY OF SOUTH LAKE TAHOE", "COUNTY": "CITY OF SOUTH LAKE TAHOE", "E_BIKE": "", "GlobalID": "{9A90BA46-E48C-49C6-8805-84DE9A0ED367}", "created_user": "MBINDL", "created_date": "2024-01-25T04:41:45Z", "last_edited_user": "KRICHARDSON", "last_edited_date": "2024-02-09T06:21:15Z" }, "geometry": { "type": "LineString", "coordinates": [ [ -119.947946719148788, 38.956740461274293 ], [ -119.948017142933608, 38.956806661103165 ], [ -119.948028301629179, 38.956902296091762 ], [ -119.948071383318563, 38.956965395619171 ], [ -119.948053000451949, 38.957322449047631 ], [ -119.947949118473929, 38.957324497400869 ] ] } },
{ "type": "Feature", "properties": { "OBJECTID": 1063, "CLASS": "1", "NAME": "BLACK ROCK ROAD BIKE PATH", "MILES": 0.02119152, "ShapeSTLength": 34.104512201052863, "FROM_": "PINE BLVD", "TO_": "PARK AVE", "WNTR_MAINT": "NO", "MAINT_JURS": "CITY OF SOUTH LAKE TAHOE", "YR_OF_CONS": "UNKNOWN", "IMPLEMENT": "CITY OF SOUTH LAKE TAHOE", "COUNTY": "CITY OF SOUTH LAKE TAHOE", "E_BIKE": "", "GlobalID": "{18542C22-3C77-4C42-924F-C875CF771708}", "created_user": "MBINDL", "created_date": "2024-01-25T04:41:45Z", "last_edited_user": "KRICHARDSON", "last_edited_date": "2024-02-09T06:21:15Z" }, "geometry": { "type": "LineString", "coordinates": [ [ -119.948056049994108, 38.957322528866605 ], [ -119.948286149021712, 38.957438195530003 ], [ -119.948378226146517, 38.957497810736228 ] ] } },
{ "type": "Feature", "properties": { "OBJECTID": 1064, "CLASS": "1", "NAME": "NORTHWOOD BLVD", "MILES": 0.14204346, "ShapeSTLength": 228.59724032628304, "FROM_": "VILLAGE BLVD", "TO_": "NORTHWOOD BLVD", "WNTR_MAINT": "YES", "MAINT_JURS": "WASHOE COUNTY", "YR_OF_CONS": "UNKNOWN", "IMPLEMENT": "WASHOE COUNTY", "COUNTY": "WASHOE COUNTY", "E_BIKE": "", "GlobalID": "{5A409B0E-98A8-42AA-A1AE-D7323916DEBC}", "created_user": "MBINDL", "created_date": "2024-01-25T04:41:45Z", "last_edited_user": "KRICHARDSON", "last_edited_date": "2024-02-09T06:21:15Z" }, "geometry": { "type": "LineString", "coordinates": [ [ -119.951901612119528, 39.251945202498419 ], [ -119.951634977393653, 39.25243874752185 ], [ -119.95114091134667, 39.252521142082536 ], [ -119.950397747628145, 39.252692344677499 ], [ -119.949747476515299, 39.252842142364962 ] ] } },
{ "type": "Feature", "properties": { "OBJECTID": 1065, "CLASS": "1", "NAME": "FALLEN LEAF LAKE TRAIL", "MILES": 0.38711783, "ShapeSTLength": 623.00700241441257, "FROM_": "SR 89", "TO_": "FALLEN LEAF LAKE CAMPGROUND", "WNTR_MAINT": "NO", "MAINT_JURS": "USFS", "YR_OF_CONS": " 2014", "IMPLEMENT": "USFS", "COUNTY": "EL DORADO COUNTY", "E_BIKE": "No", "GlobalID": "{0094D2E8-7109-4D8E-B9C8-655ED958076C}", "created_user": "MBINDL", "created_date": "2024-01-25T04:41:45Z", "last_edited_user": "KRICHARDSON", "last_edited_date": "2024-02-09T06:21:15Z" }, "geometry": { "type": "LineString", "coordinates": [ [ -120.050398737079618, 38.933783001919856 ], [ -120.050388433183826, 38.933748228131392 ], [ -120.050362419857592, 38.933643275695353 ], [ -120.050350143087456, 38.933595076454303 ], [ -120.050322856322779, 38.93348005585797 ], [ -120.050293103469556, 38.93337739078958 ], [ -120.050278578664489, 38.93333648236608 ], [ -120.050276820762548, 38.933331531644676 ], [ -120.050248778363411, 38.933287407491044 ], [ -120.05021278756827, 38.933246985869452 ], [ -120.050185170047399, 38.933204467027046 ], [ -120.050169922042897, 38.933158330436619 ], [ -120.050171300114954, 38.93311407470253 ], [ -120.050179630923807, 38.933065148915873 ], [ -120.050191900249231, 38.933018181282904 ], [ -120.050193066361729, 38.932967130158119 ], [ -120.050187439098409, 38.932918101789667 ], [ -120.050172667687178, 38.93287098717159 ], [ -120.050125233387959, 38.93277580091047 ], [ -120.050088620284342, 38.932712394351057 ], [ -120.050042964114752, 38.932648270768716 ], [ -120.050006724942847, 38.932611735561395 ], [ -120.049970559421013, 38.932575539139926 ], [ -120.04993500002827, 38.932538272463269 ], [ -120.049902816524295, 38.932498062365795 ], [ -120.049876575925666, 38.932455922421987 ], [ -120.049851329388119, 38.932390698817258 ], [ -120.049827737240349, 38.932323742296248 ], [ -120.049794090755711, 38.932233252374907 ], [ -120.049776803300887, 38.932186936218315 ], [ -120.049761215248225, 38.932138496399418 ], [ -120.049749286348373, 38.932089154553452 ], [ -120.049741980512678, 38.932036192746658 ], [ -120.04974277946836, 38.931976589170539 ], [ -120.049737235830534, 38.931931282681084 ], [ -120.049715574838245, 38.931838481526469 ], [ -120.049698238308693, 38.931791460519214 ], [ -120.049677777415454, 38.93174785593898 ], [ -120.049635754643134, 38.931707673448237 ], [ -120.049597303985479, 38.93167892444712 ], [ -120.049539864392955, 38.931647736524504 ], [ -120.049497057781934, 38.931624874540056 ], [ -120.049454392029048, 38.931601342235815 ], [ -120.049410996364372, 38.931569405940778 ], [ -120.049373318855388, 38.93152852518525 ], [ -120.049345319173597, 38.931471940753028 ], [ -120.049316905681422, 38.931406506285342 ], [ -120.049293011932974, 38.93135215362642 ], [ -120.049261291921752, 38.931261877157311 ], [ -120.049237387977698, 38.931198482869377 ], [ -120.049211102453697, 38.93113458418231 ], [ -120.049187431152134, 38.931084661414523 ], [ -120.049154061578108, 38.93101088807817 ], [ -120.049113363360505, 38.930925239326804 ], [ -120.049069942087698, 38.930816033588187 ], [ -120.049044874421881, 38.930769276334523 ], [ -120.049016218568084, 38.930736480414318 ], [ -120.048979671454759, 38.930706487498654 ], [ -120.04894306600255, 38.930674453474431 ], [ -120.048905244171195, 38.93064090759372 ], [ -120.048861753268454, 38.930603750720465 ], [ -120.048796611710998, 38.930538237237229 ], [ -120.048756473380436, 38.930460629487158 ], [ -120.048729639226579, 38.93039023038444 ], [ -120.04871404827513, 38.930339883165878 ], [ -120.048707755215503, 38.93029391983297 ], [ -120.048711309919767, 38.930251067826212 ], [ -120.048713337123203, 38.930204415939492 ], [ -120.048718368522586, 38.930162305796685 ], [ -120.048735056851115, 38.930117978931399 ], [ -120.048752808573695, 38.930076238407672 ], [ -120.048775518415155, 38.93002532702603 ], [ -120.048793815444981, 38.929973385069239 ], [ -120.048810514357712, 38.929929607102409 ], [ -120.048824649388365, 38.929882239064639 ], [ -120.048824562024663, 38.929831117490615 ], [ -120.048819101654729, 38.92978487613366 ], [ -120.048811267696436, 38.929740552176625 ], [ -120.048802685829074, 38.929696268753332 ], [ -120.048793544512506, 38.929650624338464 ], [ -120.048783306478313, 38.929604809830941 ], [ -120.048774113342191, 38.929559970402281 ], [ -120.048765318420052, 38.929515986086557 ], [ -120.048754543451253, 38.929473663364107 ], [ -120.048744033169939, 38.929429158168467 ], [ -120.048732989627922, 38.929385942169375 ], [ -120.048723185052708, 38.929341024201996 ], [ -120.048705994729573, 38.929294566203282 ], [ -120.048674546536418, 38.929254251863775 ], [ -120.048640719009228, 38.929216856560764 ], [ -120.04860152154761, 38.92918418567956 ], [ -120.048566800923936, 38.929155032547364 ], [ -120.048526541927828, 38.929122846486358 ], [ -120.048485181049315, 38.929089225332959 ], [ -120.048452265335584, 38.929059826854001 ], [ -120.048424554224084, 38.929027578120596 ], [ -120.048400498231061, 38.928984872423968 ], [ -120.048389252785881, 38.928932877488251 ], [ -120.048386220432533, 38.928895592972054 ], [ -120.048387960894061, 38.928850434716416 ], [ -120.048390427646709, 38.928812569550708 ], [ -120.048392057590448, 38.928774719243627 ], [ -120.048397314440436, 38.928731150862674 ], [ -120.048416633169978, 38.928682908653023 ], [ -120.048445814063527, 38.928635366460135 ] ] } },
{ "type": "Feature", "properties": { "OBJECTID": 1066, "CLASS": "1", "NAME": "WEST SHORE BIKE BATH", "MILES": 0.15421134, "ShapeSTLength": 248.17959591389246, "FROM_": "FANNY BRIDGE", "TO_": "TRANSIT CENTER", "WNTR_MAINT": "YES", "MAINT_JURS": "TCPUD", "YR_OF_CONS": "before 2010", "IMPLEMENT": "TCPUD", "COUNTY": "PLACER COUNTY", "E_BIKE": " ", "GlobalID": "{83B06E39-C02D-4846-8742-7C6B1EA9F774}", "created_user": "MBINDL", "created_date": "2024-01-25T04:41:45Z", "last_edited_user": "KRICHARDSON", "last_edited_date": "2024-02-09T06:21:15Z" }, "geometry": { "type": "LineString", "coordinates": [ [ -120.144293457071853, 39.16658468253663 ], [ -120.14428778878235, 39.166574616708353 ], [ -120.144283545586035, 39.166568256021456 ], [ -120.144277391077694, 39.166560053002172 ], [ -120.144269966691397, 39.166553545827881 ], [ -120.144261677503479, 39.166544444526174 ], [ -120.144248645344575, 39.166526033405226 ], [ -120.144225384008664, 39.166490982570302 ], [ -120.144185286483591, 39.166420768206692 ], [ -120.144176434765185, 39.166403949665707 ], [ -120.144164907750522, 39.166388067288999 ], [ -120.144147667177137, 39.166371130383368 ], [ -120.144128734503326, 39.166348622363792 ], [ -120.144121464853328, 39.166336205590042 ], [ -120.144114938866906, 39.166323514269031 ], [ -120.144106014334639, 39.166306493941256 ], [ -120.144090673382095, 39.1662725886723 ], [ -120.144072507572716, 39.166231963809466 ], [ -120.14406614199757, 39.166217797172955 ], [ -120.144057523584451, 39.166198446562568 ], [ -120.144047188282983, 39.166174537722533 ], [ -120.144038874465366, 39.166155238724841 ], [ -120.144032416857812, 39.166137541977683 ], [ -120.144022177985761, 39.166109964408946 ], [ -120.144013357371321, 39.166084316179251 ], [ -120.144010284708756, 39.166075398663381 ], [ -120.144002832946455, 39.166053586627939 ], [ -120.143997179941593, 39.166033280841894 ], [ -120.143988716466552, 39.166001010883022 ], [ -120.143982150752137, 39.165973490973244 ], [ -120.143977238292678, 39.165952959211275 ], [ -120.143971735448289, 39.16592459782197 ], [ -120.143966212778153, 39.165885318164271 ], [ -120.143963716370422, 39.165861391683016 ], [ -120.143961727651487, 39.165839189328921 ], [ -120.143958891867229, 39.165804862856078 ], [ -120.143957149175733, 39.16577789727009 ], [ -120.143956013101828, 39.165760476086831 ], [ -120.14395560653773, 39.165752650968265 ], [ -120.143954144420093, 39.165731362411719 ], [ -120.143952855840837, 39.165705786312515 ], [ -120.143952777871746, 39.165692387392333 ], [ -120.143955200952604, 39.165633493144547 ], [ -120.143961684732147, 39.165587810826239 ], [ -120.143964270307634, 39.165571020554907 ], [ -120.143968604531736, 39.165542363521311 ], [ -120.143971842807488, 39.165521627182379 ], [ -120.143975018431007, 39.165501009123794 ], [ -120.143977007908219, 39.165488167208458 ], [ -120.143979394351874, 39.165470778371358 ], [ -120.143981765338097, 39.165453914368889 ], [ -120.143983431146779, 39.165441806840811 ], [ -120.14398515712567, 39.165428555768194 ], [ -120.143987436914898, 39.165414002091367 ], [ -120.14398943042022, 39.165401089104819 ], [ -120.143991273552757, 39.16538917511096 ], [ -120.143993131139965, 39.165377904700968 ], [ -120.143998308426688, 39.165353521405017 ], [ -120.14400097990864, 39.165346531226199 ], [ -120.144003076411892, 39.16534105213686 ], [ -120.1440085842369, 39.165331090150403 ], [ -120.144008979971005, 39.165330376448935 ], [ -120.144013850148724, 39.165323302363333 ], [ -120.144026571385837, 39.165311131768007 ], [ -120.144043928995913, 39.165300894669024 ], [ -120.144066491426997, 39.165291813131759 ], [ -120.144076022800547, 39.165289175797774 ], [ -120.144088053437102, 39.16528586193995 ], [ -120.14410539470218, 39.165283205348501 ], [ -120.144119689130662, 39.165281144282062 ], [ -120.144136429266354, 39.165279215268718 ], [ -120.144154701217616, 39.165277267067061 ], [ -120.144184727008152, 39.165274240499947 ], [ -120.144195275513468, 39.165274979381451 ], [ -120.144218383593184, 39.165276634389592 ], [ -120.144246774971407, 39.165278678422226 ], [ -120.144271522803777, 39.165280592549642 ], [ -120.144406389894556, 39.165290454027925 ], [ -120.144449126033749, 39.165291338122735 ], [ -120.144491631780596, 39.165287763494298 ], [ -120.144533139593463, 39.165279794201439 ], [ -120.144572905316849, 39.165267574155209 ], [ -120.144627055865712, 39.1652475691794 ], [ -120.144699118903773, 39.165217395539813 ], [ -120.144766915136699, 39.165181729956636 ], [ -120.144780148982875, 39.16517253124244 ], [ -120.144791215089072, 39.165161736161927 ], [ -120.144799800233301, 39.165149649641236 ], [ -120.144807926638222, 39.165138060869424 ], [ -120.144818300475876, 39.165127614569286 ], [ -120.144830661140389, 39.16511857371367 ], [ -120.144844699770729, 39.16511116405691 ], [ -120.144860063984424, 39.165105571548409 ], [ -120.144842463160501, 39.16510938222455 ], [ -120.144824282234708, 39.165110769716144 ], [ -120.144806065640537, 39.165109692419009 ], [ -120.144788361798604, 39.165106181798443 ], [ -120.144772411581101, 39.165101917796235 ], [ -120.144772254761463, 39.16510187521299 ], [ -120.144752902050669, 39.165096700766654 ], [ -120.144725684011405, 39.165087367768699 ], [ -120.144700856096378, 39.165074621376029 ], [ -120.144651011666582, 39.165044066400903 ] ] } },
{ "type": "Feature", "properties": { "OBJECTID": 1067, "CLASS": "1", "NAME": "WEST SHORE BIKE PATH", "MILES": 0.06131797, "ShapeSTLength": 98.681896535593637, "FROM_": "FANNY BRIDGE", "TO_": "BRIDGETENDER ROUNDABOUT", "WNTR_MAINT": "YES", "MAINT_JURS": "TCPUD", "YR_OF_CONS": "before 2010", "IMPLEMENT": "TCPUD", "COUNTY": "PLACER COUNTY", "E_BIKE": "", "GlobalID": "{3A9C9F16-530B-4D32-813A-F82EF562DB8B}", "created_user": "MBINDL", "created_date": "2024-01-25T04:41:45Z", "last_edited_user": "KRICHARDSON", "last_edited_date": "2024-02-09T06:21:15Z" }, "geometry": { "type": "LineString", "coordinates": [ [ -120.1442951193157, 39.166618300053457 ], [ -120.144303379028486, 39.166614061279368 ], [ -120.144315640424679, 39.166607767539759 ], [ -120.144337668496803, 39.166594399069673 ], [ -120.144356709439492, 39.166578490723616 ], [ -120.144375029350314, 39.166562898017439 ], [ -120.144395965891235, 39.16654944871371 ], [ -120.144419109164858, 39.166538405725731 ], [ -120.144444006043656, 39.166529984961834 ], [ -120.14446059978502, 39.166525618133946 ], [ -120.144479868632956, 39.166521578162602 ], [ -120.144499635222985, 39.166519451254231 ], [ -120.144526541242385, 39.166517890407064 ], [ -120.144542060979305, 39.166516498966296 ], [ -120.144564868071313, 39.166512618720816 ], [ -120.144586910879923, 39.166506634187989 ], [ -120.144607871150527, 39.166498631255521 ], [ -120.144680081807948, 39.166466729774548 ], [ -120.144699227646996, 39.166458865210885 ], [ -120.144833289463818, 39.166407832110593 ], [ -120.144865973737737, 39.166397431982489 ], [ -120.144912729034004, 39.166385320153282 ], [ -120.14493764901664, 39.166377755685957 ], [ -120.144959978658306, 39.166369943018736 ], [ -120.144980064847928, 39.166363205044739 ], [ -120.145071946047494, 39.166333686482012 ], [ -120.145093445558985, 39.166325539027532 ], [ -120.145113494827669, 39.166315393891765 ], [ -120.145234005668684, 39.166245824862557 ], [ -120.145242760563264, 39.166240013509963 ], [ -120.145250421129887, 39.166233333002829 ], [ -120.145256847077988, 39.166225904223552 ], [ -120.145271697346345, 39.166205931804235 ], [ -120.145275507563099, 39.166199283020589 ] ] } },
{ "type": "Feature", "properties": { "OBJECTID": 1068, "CLASS": "1", "NAME": "WEST SHORE BIKE PATH", "MILES": 0.03500059, "ShapeSTLength": 56.328102814598559, "FROM_": "BRIDGETENDER ROUNDABOUT", "TO_": "BRIDGETENDER ROUNDABOUT", "WNTR_MAINT": "YES", "MAINT_JURS": "TCPUD", "YR_OF_CONS": "before 2010", "IMPLEMENT": "TCPUD", "COUNTY": "PLACER COUNTY", "E_BIKE": " ", "GlobalID": "{9FF8C697-101F-485F-AA22-CEA5A8770FA2}", "created_user": "MBINDL", "created_date": "2024-01-25T04:41:45Z", "last_edited_user": "KRICHARDSON", "last_edited_date": "2024-02-09T06:21:15Z" }, "geometry": { "type": "LineString", "coordinates": [ [ -120.145275507563099, 39.166199283020589 ], [ -120.145279057101703, 39.166187578404546 ], [ -120.145281513430376, 39.166174204679372 ], [ -120.145282198432369, 39.166160705546879 ], [ -120.145280649830653, 39.166148724593072 ], [ -120.145281039592589, 39.166140864047179 ], [ -120.145282750718351, 39.166131664754886 ], [ -120.145291202953089, 39.166118774057608 ], [ -120.145302061192226, 39.166107026106992 ], [ -120.145315074977859, 39.166096690431843 ], [ -120.145329945413906, 39.166088003842553 ], [ -120.145346332248707, 39.166081167001266 ], [ -120.145350357828477, 39.166080035989324 ], [ -120.145346332248707, 39.166081167001266 ], [ -120.145336683263253, 39.166083048418031 ], [ -120.145326790779265, 39.166083854517865 ], [ -120.145316851018123, 39.166083569391034 ], [ -120.145307061639656, 39.166082198784359 ], [ -120.145296474983681, 39.166079396048019 ], [ -120.145286591142721, 39.166075325884229 ], [ -120.145277657061797, 39.166070091642638 ], [ -120.145269897746871, 39.166063824062405 ], [ -120.145263508172135, 39.166056681073805 ], [ -120.145258647754261, 39.166048841356471 ], [ -120.145255441581284, 39.166040502567803 ], [ -120.145254190494626, 39.166034211668844 ], [ -120.145253883115885, 39.166027850214952 ], [ -120.145255154626554, 39.166018532940065 ], [ -120.145258442536971, 39.166009519149512 ], [ -120.145263651745395, 39.166001071370751 ], [ -120.14527062877103, 39.165993436285731 ], [ -120.145279172523345, 39.165986835986274 ], [ -120.145289033400658, 39.165981461645657 ], [ -120.145299923804586, 39.165977471074058 ], [ -120.145311527752966, 39.16597497994519 ], [ -120.14532350669657, 39.165974061038249 ], [ -120.145335511226079, 39.165974740921357 ], [ -120.14534719382543, 39.165976999363245 ], [ -120.145358212267283, 39.165980771218528 ], [ -120.145368246990941, 39.165985945952549 ], [ -120.145376505583002, 39.165991943790502 ], [ -120.145383428523175, 39.165998889943459 ], [ -120.145388838979656, 39.166006607107221 ], [ -120.145392597953602, 39.16601489818477 ], [ -120.145394608794078, 39.166023549099627 ], [ -120.145394820229996, 39.166032339680719 ], [ -120.145393203329732, 39.166041126879435 ], [ -120.145389789333748, 39.166049596153002 ], [ -120.145384665886695, 39.166057526231334 ], [ -120.145377968644084, 39.166064710534457 ], [ -120.145369871841524, 39.166070961445854 ], [ -120.145360586956357, 39.166076114784076 ], [ -120.145350357828477, 39.166080035989324 ], [ -120.145346332248707, 39.166081167001266 ], [ -120.145336831072967, 39.166083027717974 ], [ -120.14532708971241, 39.166083845630702 ] ] } },
{ "type": "Feature", "properties": { "OBJECTID": 1069, "CLASS": "1", "NAME": "WEST SHORE BIKE PATH", "MILES": 0.13982967, "ShapeSTLength": 225.03449645538657, "FROM_": "BRIDGETENDER ROUNDABOUT", "TO_": "64-ACRES ROUNDABOUT", "WNTR_MAINT": "YES", "MAINT_JURS": "TCPUD", "YR_OF_CONS": "before 2010", "IMPLEMENT": "TCPUD", "COUNTY": "PLACER COUNTY", "E_BIKE": "", "GlobalID": "{26BA1491-C76F-4646-A469-4FDD1A14118A}", "created_user": "MBINDL", "created_date": "2024-01-25T04:41:45Z", "last_edited_user": "KRICHARDSON", "last_edited_date": "2024-02-09T06:21:15Z" }, "geometry": { "type": "LineString", "coordinates": [ [ -120.145404604855415, 39.166001473916232 ], [ -120.145422013500891, 39.166005079008414 ], [ -120.145439910873677, 39.16600667269919 ], [ -120.145455413843109, 39.166006407726556 ], [ -120.145470751088297, 39.166004632415017 ], [ -120.145490815956791, 39.165999876668316 ], [ -120.145509556919762, 39.165992546174962 ], [ -120.145526433134165, 39.165982851095755 ], [ -120.145540957603927, 39.165971072279582 ], [ -120.145552710407088, 39.165957548975328 ], [ -120.145561352860497, 39.165942671971834 ], [ -120.145564647296638, 39.165935670000728 ], [ -120.145587221838554, 39.165897023331333 ], [ -120.14561599323396, 39.165860957342289 ], [ -120.145650482442335, 39.165828071083787 ], [ -120.145690117700767, 39.165798909982605 ], [ -120.145711436448224, 39.165787100399456 ], [ -120.145734764924853, 39.165777876058272 ], [ -120.145759589175242, 39.165771440571056 ], [ -120.145785364229411, 39.165767934629251 ], [ -120.145811522158951, 39.165767437101977 ], [ -120.145838453365897, 39.165767248607189 ], [ -120.145865171511147, 39.165764602683609 ], [ -120.146118486267213, 39.165620406637622 ], [ -120.146184630122846, 39.165582754722372 ], [ -120.146209903818175, 39.165575590528803 ], [ -120.146236281005883, 39.165571501057627 ], [ -120.146263076153971, 39.165567320925078 ], [ -120.146288719669414, 39.165559968484665 ], [ -120.146312595683895, 39.165549620531415 ], [ -120.146372200321466, 39.165515101869651 ], [ -120.146426675810901, 39.165475779198559 ], [ -120.146475384415851, 39.16543211256235 ], [ -120.14650214839979, 39.165408926606105 ], [ -120.146532858327674, 39.165388923763189 ], [ -120.146566896212491, 39.16537250509387 ], [ -120.146659536077053, 39.16533462203369 ], [ -120.146688642236541, 39.165320250900251 ], [ -120.14671436672613, 39.165302392461541 ], [ -120.146736026144154, 39.165281520053426 ], [ -120.146753044947658, 39.165258187130782 ], [ -120.146764973376079, 39.165233013292166 ], [ -120.146771493959264, 39.165206666421504 ], [ -120.146772433841974, 39.165179844071197 ], [ -120.146767767677701, 39.165153259118824 ], [ -120.146757620886135, 39.165127616424115 ], [ -120.146751628361656, 39.165112397829425 ], [ -120.146748945111796, 39.165096617995701 ], [ -120.146749643915641, 39.165080709328024 ], [ -120.146753707121491, 39.165065108321492 ], [ -120.1467610224597, 39.165050244648135 ], [ -120.146770650232753, 39.165037349308847 ], [ -120.146782724485902, 39.165025768844821 ], [ -120.14679695387062, 39.165015782596626 ], [ -120.14681299889169, 39.165007629987294 ], [ -120.146825927218572, 39.165002860393599 ], [ -120.146839477255313, 39.164999286187602 ], [ -120.146849463095691, 39.164997168758369 ], [ -120.146858945411893, 39.164993938112666 ], [ -120.146867720021987, 39.164989664020801 ], [ -120.146875598056269, 39.164984438249519 ], [ -120.146882410654428, 39.164978372875176 ], [ -120.146885401928358, 39.16497502912403 ], [ -120.146890837134052, 39.164967081389541 ], [ -120.146894533469876, 39.164958549617936 ], [ -120.146896393721036, 39.164949662953944 ], [ -120.146896366589331, 39.164940659775453 ], [ -120.146894453957174, 39.16493177976313 ], [ -120.146890706335753, 39.164923261987433 ], [ -120.146885223301808, 39.164915334108564 ], [ -120.146880106273059, 39.164909945775051 ], [ -120.146874184551876, 39.164905082757734 ], [ -120.146865144910805, 39.164899511824068 ], [ -120.146855061930424, 39.164895159442892 ], [ -120.146844204046374, 39.164892141198116 ], [ -120.146832859647105, 39.164890537127377 ], [ -120.146821331330116, 39.164890390680434 ], [ -120.146809926762089, 39.164891705792527 ], [ -120.146798948274309, 39.164894446629482 ], [ -120.146761788666439, 39.164889193835826 ], [ -120.146763068823418, 39.164905387027005 ], [ -120.146761926782972, 39.164916402053976 ], [ -120.146759168195246, 39.164927242337171 ], [ -120.146759110340014, 39.164927413888854 ], [ -120.146756364641135, 39.164935674361807 ], [ -120.146755291037422, 39.164944166794328 ], [ -120.146755985617247, 39.164953062005921 ], [ -120.146758515720336, 39.164961753551331 ], [ -120.146762815371218, 39.164970012791521 ], [ -120.146768771804645, 39.164977623454092 ], [ -120.146776228751506, 39.164984386218315 ], [ -120.146784989761883, 39.164990122399914 ], [ -120.146794824850289, 39.164994681321168 ], [ -120.146805477214031, 39.164997945880828 ], [ -120.14681666691979, 39.164999827239114 ], [ -120.146828100762832, 39.165000278572592 ], [ -120.146839477255313, 39.164999286187602 ], [ -120.146825927218572, 39.165002860393599 ], [ -120.14681299889169, 39.165007629987294 ], [ -120.146811947172196, 39.165008082585025 ] ] } },
{ "type": "Feature", "properties": { "OBJECTID": 1070, "CLASS": "1", "NAME": "WEST SHORE BIKE PATH", "MILES": 0.31794315, "ShapeSTLength": 511.68093147137017, "FROM_": "BRIDGETENDER ROUNDABOUT", "TO_": "WEST SHORE BIKE PATH", "WNTR_MAINT": "YES", "MAINT_JURS": "TCPUD", "YR_OF_CONS": "before 2010", "IMPLEMENT": "TCPUD", "COUNTY": "PLACER COUNTY", "E_BIKE": " ", "GlobalID": "{2C217A6C-36B6-4597-AEBB-6A56FE59AD4B}", "created_user": "MBINDL", "created_date": "2024-01-25T04:41:45Z", "last_edited_user": "KRICHARDSON", "last_edited_date": "2024-02-09T06:21:15Z" }, "geometry": { "type": "LineString", "coordinates": [ [ -120.145254624079499, 39.166036395225404 ], [ -120.145254190494626, 39.166034211668844 ], [ -120.145253883115885, 39.166027850214952 ], [ -120.145255154626554, 39.166018532940065 ], [ -120.145253883115885, 39.166027850214952 ], [ -120.145254190494626, 39.166034211668844 ], [ -120.145255441581284, 39.166040502567803 ], [ -120.14524482922279, 39.166024976946801 ], [ -120.145231473112958, 39.166010793034928 ], [ -120.145215646078, 39.165998244000569 ], [ -120.145197674461343, 39.16598758738801 ], [ -120.145157628969358, 39.165971188784653 ], [ -120.145118074755217, 39.165957149910263 ], [ -120.145076610431929, 39.165946988429951 ], [ -120.145013387772948, 39.165934756541773 ], [ -120.144995914883026, 39.165930280462867 ], [ -120.144979484210566, 39.165923842590963 ], [ -120.144964456964075, 39.165915582411003 ], [ -120.144951165976721, 39.16590568285541 ], [ -120.144939902197024, 39.165894360964117 ], [ -120.144930914725194, 39.165881866984456 ], [ -120.144898242371895, 39.165827311163554 ], [ -120.144875105564822, 39.165795758027414 ], [ -120.144845630109359, 39.165767589024746 ], [ -120.144810617208591, 39.165743567024144 ], [ -120.144771013731514, 39.165724344054084 ], [ -120.144538666293798, 39.165631299663431 ], [ -120.14449584716516, 39.165611356316006 ], [ -120.144456652872407, 39.165587316351825 ], [ -120.144420753613687, 39.165558693318424 ], [ -120.144390004001551, 39.165526642587807 ], [ -120.144364939313348, 39.165491720522915 ], [ -120.144335582374694, 39.165449993330945 ], [ -120.144300265124684, 39.165411166736654 ], [ -120.144259455193861, 39.165375753093691 ], [ -120.144234351706714, 39.165353545091634 ], [ -120.144213289851166, 39.165328922748827 ], [ -120.144196648648034, 39.165302328687261 ], [ -120.144184727008152, 39.165274240499947 ], [ -120.144180642137016, 39.165259937917405 ], [ -120.14417623628384, 39.16523180613801 ], [ -120.144176497894463, 39.165203467218049 ], [ -120.144183893170421, 39.165155702778605 ], [ -120.144197193503743, 39.16510871918716 ], [ -120.144216273337037, 39.165062959298496 ], [ -120.144240953287579, 39.165018852034294 ], [ -120.144260224289866, 39.164982064200814 ], [ -120.144272504377298, 39.164943503143306 ], [ -120.144277540184888, 39.164903968038509 ], [ -120.144275226757173, 39.16486427971909 ], [ -120.144252253402684, 39.164712689801462 ], [ -120.144250435022144, 39.164680071128451 ], [ -120.144254820371131, 39.164647600999878 ], [ -120.144265312422405, 39.164615989632694 ], [ -120.144281682901862, 39.16458593051086 ], [ -120.144303571934515, 39.164558080557498 ], [ -120.144328973465676, 39.16452644835659 ], [ -120.144348940285084, 39.164492536065836 ], [ -120.144363141752109, 39.16445690763922 ], [ -120.144375736684154, 39.164416424599203 ], [ -120.144379164636575, 39.164406896259607 ], [ -120.144385811024947, 39.164389756923292 ], [ -120.144393001342948, 39.164372759751934 ], [ -120.144399679655876, 39.164358091415117 ], [ -120.144406775721961, 39.164343508996815 ], [ -120.144414400742747, 39.164329124230747 ], [ -120.144422166621069, 39.164315862714382 ], [ -120.144430705332979, 39.164302863388194 ], [ -120.144439407577266, 39.164289912214954 ], [ -120.144447669214415, 39.16427681059907 ], [ -120.144456015657383, 39.164262985852524 ], [ -120.144465635720138, 39.164246570773081 ], [ -120.144475212958994, 39.16422995554769 ], [ -120.144482416751885, 39.164217428875368 ], [ -120.144485934820779, 39.164211363929475 ], [ -120.144489209979682, 39.164204581330004 ], [ -120.144508667248459, 39.164173047452536 ], [ -120.144516793999799, 39.16415801643835 ], [ -120.144523986594805, 39.164143192240196 ], [ -120.144530867509189, 39.164128263103024 ], [ -120.144539681369508, 39.164109177852389 ], [ -120.144548078234777, 39.164089987782575 ], [ -120.144554610730381, 39.164073344730546 ], [ -120.144560888648456, 39.164056644084944 ], [ -120.144567200817988, 39.164039926261225 ], [ -120.144573409665369, 39.164023187885746 ], [ -120.144578850708044, 39.164008179292907 ], [ -120.144584210759035, 39.163993141687222 ], [ -120.144589282343034, 39.163978054665925 ], [ -120.144594762998253, 39.163960493944728 ], [ -120.144599967111063, 39.163942875091543 ], [ -120.144605452731042, 39.163923332551612 ], [ -120.144606443199351, 39.163919646108077 ], [ -120.144645620559473, 39.163679161490897 ], [ -120.144643814411396, 39.163623756213909 ], [ -120.144638727694471, 39.163580902655738 ], [ -120.144637947769155, 39.163570519786497 ], [ -120.144636677937442, 39.163554541238561 ], [ -120.144635490842603, 39.163540807915119 ], [ -120.144634141060337, 39.1635270913225 ], [ -120.144632861079742, 39.163513365630962 ], [ -120.144631872147627, 39.163499625455245 ], [ -120.144631273742419, 39.163483212029909 ], [ -120.144631225172688, 39.163482353199427 ], [ -120.144630338009961, 39.163466812854736 ], [ -120.144628966270915, 39.163388573667859 ], [ -120.144631501334317, 39.163372424463979 ], [ -120.144635669439751, 39.163356584668726 ], [ -120.144645177751173, 39.163337607424836 ], [ -120.144646025737032, 39.163334095861238 ], [ -120.144683213536993, 39.16320949510299 ], [ -120.144686377672201, 39.163195930637961 ], [ -120.144689252480873, 39.16318196629372 ], [ -120.144692958981551, 39.163165379156112 ], [ -120.144696965902753, 39.16314883181672 ], [ -120.144700846309945, 39.163132265159035 ], [ -120.14470416659303, 39.163116957712326 ], [ -120.144707312135637, 39.163101621656836 ], [ -120.144711026542709, 39.163086383332391 ], [ -120.144715296713514, 39.163071766730923 ], [ -120.14472011299101, 39.16305723829349 ], [ -120.144724684371809, 39.163042670518081 ], [ -120.144728871545411, 39.163028188814842 ], [ -120.144732884014886, 39.163013677602812 ], [ -120.144737140220897, 39.162999205699847 ], [ -120.144741667171829, 39.162984591790007 ], [ -120.14474635610614, 39.16297000707663 ], [ -120.144751403754711, 39.162955508634738 ], [ -120.144758112178792, 39.162937573511762 ], [ -120.144765515702304, 39.162919819393025 ], [ -120.144774144275615, 39.162901789913597 ], [ -120.144786594782175, 39.162880450616854 ], [ -120.144802914958092, 39.162858597207652 ], [ -120.144815266301464, 39.162845057113302 ], [ -120.144828433646225, 39.162831970350098 ], [ -120.144840659004444, 39.162820600090853 ], [ -120.14485286192928, 39.162809212163452 ], [ -120.144864897175935, 39.162796934556397 ], [ -120.144876414375588, 39.1627843613688 ], [ -120.144887262931007, 39.162771553771734 ], [ -120.144897604372289, 39.162758495005789 ], [ -120.144906772791344, 39.162746599343947 ], [ -120.144915236602046, 39.162734414338537 ], [ -120.144922622414839, 39.16272095788203 ], [ -120.144929211489995, 39.162707229642749 ], [ -120.144932432093412, 39.162700419564835 ], [ -120.144935817402427, 39.162693256776002 ], [ -120.144941834632021, 39.162679132540859 ], [ -120.144948287897066, 39.162660008291084 ], [ -120.144953792634681, 39.1626406743015 ], [ -120.144957419209305, 39.16262691846719 ], [ -120.1449606974993, 39.162613104544697 ], [ -120.144964206844747, 39.162599328719033 ], [ -120.144968741835811, 39.162583141155032 ], [ -120.144973554915651, 39.162567001849787 ], [ -120.144978228765481, 39.162550842914641 ], [ -120.144983730062378, 39.162531707933688 ], [ -120.14498884839162, 39.162512514014082 ], [ -120.144995690380654, 39.162479947322268 ], [ -120.14499906431746, 39.162453356732541 ], [ -120.144996624749552, 39.162435454950533 ], [ -120.144987984698545, 39.16241435435893 ], [ -120.144979824997989, 39.16239854291085 ], [ -120.144978655303333, 39.162396277341621 ], [ -120.14496873023549, 39.162378364993948 ], [ -120.144959543409854, 39.162361312170049 ], [ -120.144950858980053, 39.162344112207485 ], [ -120.144943320093574, 39.162326599798384 ], [ -120.14493656494156, 39.162308879582902 ], [ -120.144931760158912, 39.162295237734149 ], [ -120.144927504175214, 39.162281503037164 ], [ -120.144924003339796, 39.162266665257476 ], [ -120.14492079312987, 39.162251766136535 ], [ -120.144916260511735, 39.162232798639863 ], [ -120.144914232397554, 39.162225178800888 ], [ -120.144912869279977, 39.162220057196926 ], [ -120.144911235818441, 39.16221392358004 ], [ -120.144906610606057, 39.162198989763944 ], [ -120.144901528691648, 39.162184132135252 ], [ -120.144896002892168, 39.162169377133722 ], [ -120.14488884144447, 39.162150973994486 ], [ -120.144880335441258, 39.162132997336954 ], [ -120.144868468268015, 39.162115151773605 ], [ -120.144855266245699, 39.16209777887385 ], [ -120.144845795047601, 39.162085554102084 ], [ -120.144836395099972, 39.162073313058976 ], [ -120.144826746495781, 39.162060725384713 ], [ -120.144818546906578, 39.162047675051681 ], [ -120.144815328405414, 39.162037043202503 ] ] } },
{ "type": "Feature", "properties": { "OBJECTID": 1071, "CLASS": "1", "NAME": "WEST SHORE BIKE PATH", "MILES": 0.38069195, "ShapeSTLength": 612.66552682892063, "FROM_": "64-ACRES ROUNDABOUT", "TO_": "SR 89 BIKE PATH", "WNTR_MAINT": "YES", "MAINT_JURS": "TCPUD", "YR_OF_CONS": "before 2010", "IMPLEMENT": "TCPUD", "COUNTY": "PLACER COUNTY", "E_BIKE": "", "GlobalID": "{4F24F6AC-67B4-4F04-B3E1-28C3F87BDC4E}", "created_user": "MBINDL", "created_date": "2024-01-25T04:41:45Z", "last_edited_user": "KRICHARDSON", "last_edited_date": "2024-02-09T06:21:15Z" }, "geometry": { "type": "LineString", "coordinates": [ [ -120.144862510186911, 39.16282000887395 ], [ -120.144879400208779, 39.162819623027758 ], [ -120.144913632328695, 39.16282212180333 ], [ -120.144928848302484, 39.162823412885338 ], [ -120.144955733418385, 39.162825794567986 ], [ -120.144986715100643, 39.162828432539243 ], [ -120.145021163880457, 39.162831983420261 ], [ -120.145045215243073, 39.162834988381519 ], [ -120.145067495212359, 39.162838243594436 ], [ -120.145109776703947, 39.162844351306063 ], [ -120.145134384221464, 39.162851858979288 ], [ -120.145163578923558, 39.162863085342444 ], [ -120.145190091729432, 39.162873269390623 ], [ -120.145228125071128, 39.162888733069529 ], [ -120.145412506653457, 39.162931590358681 ], [ -120.145428629129739, 39.16293441708028 ], [ -120.145454233892394, 39.162938900549157 ], [ -120.145484685987213, 39.162944247871188 ], [ -120.145504168432296, 39.16294748937527 ], [ -120.145519903023029, 39.162950064238288 ], [ -120.14554302023511, 39.162953077728297 ], [ -120.145562769814035, 39.162954893368706 ], [ -120.145582358938228, 39.162955812298385 ], [ -120.14560947608247, 39.162955205887492 ], [ -120.145621395212999, 39.162954322412972 ], [ -120.1456290359897, 39.162953728647828 ], [ -120.145633732991868, 39.162953302355824 ], [ -120.145638935639752, 39.162952848819742 ], [ -120.145652198876022, 39.162951521723571 ], [ -120.145665462075527, 39.162950195525866 ], [ -120.145679189045936, 39.162948732950262 ], [ -120.14570392646516, 39.162946050208049 ], [ -120.145738299831876, 39.162941911802584 ], [ -120.145749819101084, 39.162940557261742 ], [ -120.14575198545225, 39.162940269830116 ], [ -120.145767411260437, 39.162938834471909 ], [ -120.145781828059825, 39.162937311317322 ], [ -120.145816886912883, 39.162933362660333 ], [ -120.14586783603913, 39.162927195427763 ], [ -120.145899176653799, 39.162923163715732 ], [ -120.145942802660898, 39.162917718737376 ], [ -120.145964537474583, 39.162915083963313 ], [ -120.145980426835493, 39.162913488770918 ], [ -120.14601480276886, 39.162910459332004 ], [ -120.146043322214751, 39.162908885408839 ], [ -120.146054440686996, 39.16290822730587 ], [ -120.146078873547708, 39.162907781116189 ], [ -120.146095932222494, 39.162908290199255 ], [ -120.146129571979728, 39.162907096698625 ], [ -120.146158491436978, 39.162904874006138 ], [ -120.146178297454867, 39.162902804519774 ], [ -120.146205423586437, 39.162898884745317 ], [ -120.146238880000055, 39.16289303906867 ], [ -120.146289844483292, 39.162885088279957 ], [ -120.146313222526345, 39.162881108154977 ], [ -120.146365782190259, 39.162873658578675 ], [ -120.146429941639326, 39.162864665356039 ], [ -120.146449839939592, 39.162862001700638 ], [ -120.146488032835393, 39.162856469317276 ], [ -120.146528186467876, 39.162849180502924 ], [ -120.146565885698024, 39.162845296322203 ], [ -120.146593161583368, 39.162845313378028 ], [ -120.146598496940229, 39.162845269348658 ], [ -120.146621810316006, 39.162846780255244 ], [ -120.146654448117062, 39.162848729551442 ], [ -120.146685862404709, 39.162850658767233 ], [ -120.146711191357028, 39.162851060511109 ], [ -120.146733136616135, 39.162849144248078 ], [ -120.146748872121861, 39.162847546981908 ], [ -120.146761547663274, 39.162845899958953 ], [ -120.146785852543474, 39.162841577591699 ], [ -120.146829328347977, 39.16283260344634 ], [ -120.146850741857278, 39.162828125535789 ], [ -120.146873378874929, 39.162823181214073 ], [ -120.146890308416786, 39.162819814123559 ], [ -120.146906981797144, 39.162817516407458 ], [ -120.146923123509694, 39.16281503089089 ], [ -120.146962581635549, 39.162810889683556 ], [ -120.146979903753532, 39.162810091605117 ], [ -120.14699890350812, 39.162809558948098 ], [ -120.147021055502819, 39.162808539569149 ], [ -120.147027483122997, 39.162808642099087 ], [ -120.14705486144203, 39.162806812044764 ], [ -120.147063518168437, 39.162806591717946 ], [ -120.14708702786686, 39.162806309180212 ], [ -120.147111525881414, 39.162806340035011 ], [ -120.147136633198159, 39.162806441667321 ], [ -120.147156541374528, 39.162806280783258 ], [ -120.147185041009962, 39.162808401512741 ], [ -120.147209983387782, 39.16281189631539 ], [ -120.147228815729562, 39.162814818006332 ], [ -120.147241394007537, 39.162816864867956 ], [ -120.147272586722863, 39.162821412766917 ], [ -120.147317111038205, 39.162828437669624 ], [ -120.14735377381956, 39.162834561868216 ], [ -120.147377932130695, 39.162838759934345 ], [ -120.147406228690613, 39.162842784604486 ], [ -120.147431242414797, 39.162846518940654 ], [ -120.147470097400415, 39.162850771620974 ], [ -120.14747790365378, 39.162850835828195 ], [ -120.147512947800678, 39.162851570885543 ], [ -120.147523834884211, 39.16285096823335 ], [ -120.14753840352742, 39.162850067485934 ], [ -120.147564787293533, 39.162845301296535 ], [ -120.147587141214473, 39.162839458026809 ], [ -120.147606340418619, 39.162831299682779 ], [ -120.147620440076111, 39.162824966827593 ], [ -120.14763385659738, 39.162818385709862 ], [ -120.147657061059732, 39.162806357983534 ], [ -120.147682860162661, 39.162791748818684 ], [ -120.147706036235647, 39.162777932135413 ], [ -120.147731133743889, 39.162763788646785 ], [ -120.14774705757911, 39.162754982492828 ], [ -120.147760726363657, 39.162747570619523 ], [ -120.147796313376432, 39.162730434570967 ], [ -120.147823915598948, 39.162717165009219 ], [ -120.147839891102166, 39.162709313241379 ], [ -120.14786346830482, 39.162700144093748 ], [ -120.147891705798756, 39.162689394528883 ], [ -120.147905617076631, 39.162684371411615 ], [ -120.147934447861573, 39.162676722791133 ], [ -120.147957671808385, 39.162672800719726 ], [ -120.147977219307563, 39.162671799346015 ], [ -120.147994562265893, 39.162673147528096 ], [ -120.14801654319821, 39.162678621833805 ], [ -120.148035657407647, 39.162685421389483 ], [ -120.148051925893526, 39.162692711592825 ], [ -120.1480885653434, 39.162711411307001 ], [ -120.148115996568961, 39.162725136933844 ], [ -120.148132400480691, 39.162733085384446 ], [ -120.14814071872101, 39.162737031376416 ], [ -120.14815554345185, 39.162743881709552 ], [ -120.148189716250911, 39.16276033634081 ], [ -120.148237718014272, 39.162789526686772 ], [ -120.148251417678722, 39.162798445807752 ], [ -120.148282944179144, 39.162822427339243 ], [ -120.14830588168428, 39.162844008472227 ], [ -120.148324557973169, 39.162864568145714 ], [ -120.148345833786081, 39.162891188652495 ], [ -120.148362856985187, 39.162913510502015 ], [ -120.148379546653487, 39.16293981959484 ], [ -120.148397669221126, 39.162972766343607 ], [ -120.148409893253387, 39.163002998421625 ], [ -120.14842133577767, 39.163033813149433 ], [ -120.148429707217758, 39.163059096924066 ], [ -120.148435865496566, 39.16307826626376 ], [ -120.148437323942375, 39.163110304026915 ], [ -120.148422989393026, 39.163146134228043 ], [ -120.1484106279229, 39.163165009491173 ], [ -120.148398791851278, 39.163181020201037 ], [ -120.148380522023032, 39.163206357840522 ], [ -120.148358899564911, 39.163240176259478 ], [ -120.14831247255124, 39.163317513331883 ], [ -120.148286979942554, 39.163358041320414 ], [ -120.148260587654335, 39.16340113009889 ], [ -120.148234546190182, 39.1634429247868 ], [ -120.148227384039174, 39.163455699563919 ], [ -120.148222709223418, 39.163465828106183 ], [ -120.148219843530867, 39.16347703516827 ], [ -120.148219084143719, 39.163487321763604 ], [ -120.148219429177345, 39.163506875757662 ], [ -120.148219060457549, 39.163520982653154 ], [ -120.148218111083239, 39.16352935562572 ], [ -120.148210578941487, 39.163557413818175 ], [ -120.148204380266819, 39.16357312113918 ], [ -120.14820149045083, 39.163578224131797 ], [ -120.148184320008582, 39.163602411208899 ], [ -120.148169797510263, 39.163616770546049 ], [ -120.148153330973869, 39.163631671445884 ], [ -120.148130986798421, 39.163649982370728 ], [ -120.148105170803589, 39.16366752358897 ], [ -120.148083515020531, 39.163680626246887 ], [ -120.148065338471184, 39.163691336688743 ], [ -120.147938888139052, 39.163895103756069 ], [ -120.147931718523267, 39.163906657634676 ], [ -120.14784579819306, 39.164374383019265 ], [ -120.147840779174558, 39.164401700052856 ], [ -120.14779221614404, 39.164443379002009 ], [ -120.147789141199297, 39.16444656127188 ], [ -120.147771058239258, 39.164463510763412 ], [ -120.147756244050228, 39.164478437661892 ], [ -120.14771970737182, 39.164508968159758 ], [ -120.147710781806026, 39.164516550262725 ], [ -120.14769308507087, 39.164532790298324 ], [ -120.147669039312547, 39.164552934181536 ], [ -120.147644183368314, 39.164572422190389 ], [ -120.147624172240441, 39.164587600136983 ], [ -120.147618876396024, 39.164591616268176 ], [ -120.147595555623454, 39.164608624807499 ], [ -120.147567136460424, 39.164627340842358 ], [ -120.147535376794139, 39.164647362396188 ], [ -120.147504766012588, 39.1646656148258 ], [ -120.147470278692538, 39.164684520013473 ], [ -120.14743854440033, 39.164703540380735 ], [ -120.147407675074291, 39.164721145022185 ], [ -120.14737010394731, 39.164742075488824 ], [ -120.147341769651135, 39.164761666500659 ], [ -120.147316947104997, 39.164776946334086 ], [ -120.147302058405771, 39.16478649848591 ], [ -120.147298651699757, 39.164788640203518 ], [ -120.147282221494862, 39.164803604022886 ], [ -120.147281127109608, 39.164804453769541 ], [ -120.147254082123155, 39.164826415937021 ], [ -120.147212050906205, 39.16485670625228 ], [ -120.147200235948972, 39.16486316349279 ], [ -120.147187256658341, 39.164867677831523 ], [ -120.147172806300858, 39.164872168739727 ], [ -120.147160763760581, 39.164875982617716 ], [ -120.147151656408568, 39.164879986423188 ], [ -120.147137697639124, 39.164886773107007 ], [ -120.147121084753024, 39.164896664965489 ], [ -120.147104941740281, 39.164907843982725 ], [ -120.14709747085891, 39.164912445524585 ], [ -120.147091504540555, 39.164915783956339 ], [ -120.147081988637396, 39.164920303861464 ], [ -120.147063868946645, 39.164925731859078 ], [ -120.147049802776777, 39.164929907847231 ], [ -120.146874184551876, 39.164905082757734 ], [ -120.146880106273059, 39.164909945775051 ], [ -120.146885223301808, 39.164915334108564 ], [ -120.146890706335753, 39.164923261987433 ], [ -120.146894453957174, 39.16493177976313 ], [ -120.146896366589331, 39.164940659775453 ], [ -120.146896480192055, 39.164941857128525 ] ] } },
{ "type": "Feature", "properties": { "OBJECTID": 1072, "CLASS": "1", "NAME": "WEST SHORE BIKE PATH", "MILES": 0.12508393, "ShapeSTLength": 201.30347766771538, "FROM_": "64-ACRES ROUNDABOUT", "TO_": "TRANSIT CENTER", "WNTR_MAINT": "YES", "MAINT_JURS": "TCPUD", "YR_OF_CONS": "before 2010", "IMPLEMENT": "TCPUD", "COUNTY": "PLACER COUNTY", "E_BIKE": "", "GlobalID": "{CACAC44E-506C-49D9-A937-D8779C1007F4}", "created_user": "MBINDL", "created_date": "2024-01-25T04:41:45Z", "last_edited_user": "KRICHARDSON", "last_edited_date": "2024-02-09T06:21:15Z" }, "geometry": { "type": "MultiLineString", "coordinates": [ [ [ -120.144843193979355, 39.165109224472495 ], [ -120.144860063984424, 39.165105571548409 ], [ -120.144874797383977, 39.165100239240083 ], [ -120.144888303462793, 39.165093206601533 ], [ -120.144900260660592, 39.16508464142052 ], [ -120.144972796838658, 39.165024003282284 ], [ -120.145009839802654, 39.164994695966058 ], [ -120.145048899734149, 39.164967020939613 ], [ -120.145117629214866, 39.164925039423508 ], [ -120.145190979177599, 39.164888099870929 ], [ -120.145268342400882, 39.164856509001076 ], [ -120.145349077612408, 39.164830528556386 ], [ -120.145432514185927, 39.164810373616206 ], [ -120.14552233166701, 39.16479565600855 ], [ -120.145613545926324, 39.164787689545726 ], [ -120.145705320852343, 39.16478654652019 ], [ -120.14590201755, 39.164791427396104 ], [ -120.14597366880669, 39.164796045726462 ], [ -120.146033399725539, 39.164802285319325 ], [ -120.14605162682831, 39.16480381672536 ], [ -120.146095266270748, 39.164806595284503 ], [ -120.146126186956266, 39.164810678283956 ], [ -120.146258275461861, 39.164830599020476 ], [ -120.14630356977932, 39.164836325205385 ], [ -120.146333787999964, 39.164840094543926 ], [ -120.146359794985557, 39.164843321038965 ], [ -120.146399569743721, 39.164847003849815 ], [ -120.146426147677019, 39.164849475869886 ], [ -120.146432685746817, 39.164850056807396 ], [ -120.146437756610482, 39.164850518907322 ], [ -120.146443510610936, 39.16485065721492 ], [ -120.146448789998601, 39.164850169489725 ], [ -120.146455486898731, 39.16484936966279 ], [ -120.146465760039305, 39.164847673712721 ], [ -120.146471296207523, 39.164846759855891 ], [ -120.146495118081233, 39.164842179781978 ], [ -120.146536469299235, 39.164832490650134 ], [ -120.146562208273224, 39.164827177378335 ], [ -120.14658307568746, 39.164823169917369 ], [ -120.146599782026158, 39.164821385661476 ], [ -120.146625265840854, 39.164818833632268 ], [ -120.146636991936518, 39.164817780465846 ], [ -120.146662530439059, 39.164817481973444 ], [ -120.146677345268827, 39.164818087340599 ], [ -120.146685305210553, 39.164819135529399 ], [ -120.146693340609119, 39.164820979243657 ], [ -120.146700268092829, 39.164823091298082 ], [ -120.146714179696133, 39.164828605054716 ], [ -120.146728829828973, 39.164837490890214 ], [ -120.146742057298397, 39.164849506661518 ], [ -120.146751147678714, 39.164861921947399 ], [ -120.146757774461733, 39.164875248916893 ], [ -120.146761788666439, 39.164889193835826 ], [ -120.146798948274309, 39.164894446629482 ], [ -120.146809926762089, 39.164891705792527 ], [ -120.146821331330116, 39.164890390680434 ], [ -120.146832859647105, 39.164890537127377 ], [ -120.146844204046374, 39.164892141198116 ], [ -120.146855061930424, 39.164895159442892 ] ], [ [ -120.146844204046374, 39.164892141198116 ], [ -120.146832859647105, 39.164890537127377 ], [ -120.146821331330116, 39.164890390680434 ], [ -120.146809926762089, 39.164891705792527 ], [ -120.146798948274309, 39.164894446629482 ], [ -120.1467883138953, 39.164898722892225 ], [ -120.146778758423665, 39.164904335473459 ], [ -120.146770556915001, 39.164911121747487 ], [ -120.14676394512631, 39.164918889297489 ], [ -120.146759110340014, 39.164927413888854 ], [ -120.146756364641135, 39.164935674361807 ], [ -120.146755464126997, 39.164942805298637 ] ] ] } },
{ "type": "Feature", "properties": { "OBJECTID": 1073, "CLASS": "1", "NAME": "WEST SHORE BIKE PATH", "MILES": 0.1173473, "ShapeSTLength": 188.85254458212654, "FROM_": "TAHOE CITY OUT BRIDGE", "TO_": "LAKE", "WNTR_MAINT": "YES", "MAINT_JURS": "TCPUD", "YR_OF_CONS": " before 2010", "IMPLEMENT": "TCPUD", "COUNTY": "PLACER COUNTY", "E_BIKE": " ", "GlobalID": "{5924EF23-FA9A-47BC-8B99-75EB13075DED}", "created_user": "MBINDL", "created_date": "2024-01-25T04:41:45Z", "last_edited_user": "KRICHARDSON", "last_edited_date": "2024-02-09T06:21:15Z" }, "geometry": { "type": "LineString", "coordinates": [ [ -120.14429442205082, 39.166618657719518 ], [ -120.144290895507424, 39.16662046758546 ], [ -120.14411551421523, 39.166712203734058 ], [ -120.144091993477701, 39.166733284931453 ], [ -120.144084073960315, 39.166747931808196 ], [ -120.14408340571002, 39.166750460407734 ], [ -120.144066862154133, 39.166771312738071 ], [ -120.144047641923549, 39.166784728403101 ], [ -120.144019361589287, 39.16680045512048 ], [ -120.143888826022405, 39.166880445200384 ], [ -120.143859530754341, 39.166897656859675 ], [ -120.143851436008575, 39.166908425631746 ], [ -120.143850282076642, 39.16692086552365 ], [ -120.143854329828557, 39.166931339360076 ], [ -120.143856167597335, 39.166933454664012 ], [ -120.143864614243057, 39.1669441264889 ], [ -120.143865793874582, 39.166946261684465 ], [ -120.143925052222301, 39.167006558979828 ], [ -120.14410425798927, 39.167210474469165 ], [ -120.144133194409406, 39.167245620375553 ], [ -120.144149648610593, 39.167266264942889 ], [ -120.144158297979402, 39.16727510392132 ], [ -120.144161209052072, 39.167279008569629 ], [ -120.144169762136698, 39.167290483866985 ], [ -120.144177126276276, 39.167301626406228 ], [ -120.144182603632871, 39.167320756728422 ], [ -120.144183750544272, 39.167349977915698 ], [ -120.144179217777634, 39.167373416680888 ], [ -120.144170245164645, 39.16739606728774 ], [ -120.14415703259283, 39.167417422937199 ], [ -120.14413987712949, 39.167437006239751 ], [ -120.144079711847453, 39.167495715740877 ], [ -120.144053771495521, 39.167518269977514 ], [ -120.144024710193676, 39.167538387349481 ], [ -120.143992904210748, 39.167555806819266 ], [ -120.143951519962656, 39.167572896748858 ], [ -120.143907524322572, 39.167585425410337 ], [ -120.143861741492941, 39.167593158969339 ], [ -120.143840644990206, 39.167596769326103 ], [ -120.143820420680314, 39.16760267669936 ], [ -120.143801479648729, 39.167610760545507 ], [ -120.143784205790212, 39.167620857312862 ], [ -120.143768949991838, 39.16763276119967 ], [ -120.143756578845739, 39.167642532289719 ], [ -120.143742679788673, 39.167650966827843 ], [ -120.143727487747995, 39.167657921930953 ], [ -120.143716299488048, 39.167663686986373 ], [ -120.143706262936206, 39.167670619006422 ], [ -120.143697578116587, 39.167678579658052 ], [ -120.14369041572256, 39.167687411870965 ], [ -120.143684919429091, 39.167696939894618 ], [ -120.143680987063931, 39.16770394147359 ], [ -120.143675996601218, 39.167710522510575 ], [ -120.143670022536639, 39.167716586636772 ], [ -120.143624596229074, 39.167753646221527 ], [ -120.143574892755126, 39.167787212647987 ], [ -120.143521350037858, 39.167816988552623 ] ] } },
{ "type": "Feature", "properties": { "OBJECTID": 1074, "CLASS": "1", "NAME": "WEST SHORE BIKE PATH", "MILES": 0.03022898, "ShapeSTLength": 48.648919367876935, "FROM_": "MACINAW RD WEST END", "TO_": "FANNY BRIDGE", "WNTR_MAINT": "YES", "MAINT_JURS": "TCPUD", "YR_OF_CONS": " before 2010", "IMPLEMENT": "TCPUD", "COUNTY": "PLACER COUNTY", "E_BIKE": "", "GlobalID": "{CF28D7D7-1B92-434F-8ABE-32035C54B4E7}", "created_user": "MBINDL", "created_date": "2024-01-25T04:41:45Z", "last_edited_user": "KRICHARDSON", "last_edited_date": "2024-02-09T06:21:15Z" }, "geometry": { "type": "LineString", "coordinates": [ [ -120.14416802312067, 39.167279952254361 ], [ -120.144498538506028, 39.167131268763129 ], [ -120.144590605055399, 39.167252569891204 ] ] } },
{ "type": "Feature", "properties": { "OBJECTID": 1075, "CLASS": "1", "NAME": "SOUTH AVE CLASS 1", "MILES": 0.02262905, "ShapeSTLength": 36.417995869168294, "FROM_": "SOUTH AVE", "TO_": "WINNEMUCCA AVE", "WNTR_MAINT": "NO", "MAINT_JURS": "CITY OF SOUTH LAKE TAHOE", "YR_OF_CONS": "before 2010", "IMPLEMENT": "CITY OF SOUTH LAKE TAHOE", "COUNTY": "CITY OF SOUTH LAKE TAHOE", "E_BIKE": "", "GlobalID": "{385FAC22-C9A6-4804-A7D2-D2703418A0A8}", "created_user": "MBINDL", "created_date": "2024-01-25T04:41:45Z", "last_edited_user": "KRICHARDSON", "last_edited_date": "2024-02-09T06:21:15Z" }, "geometry": { "type": "LineString", "coordinates": [ [ -119.995006430192277, 38.912365127512949 ], [ -119.994587108312018, 38.912379089486635 ] ] } },
{ "type": "Feature", "properties": { "OBJECTID": 1076, "CLASS": "1", "NAME": "NV ST. TO ST. - LAURA DRIVE", "MILES": 0.14340557, "ShapeSTLength": 230.78935905716691, "FROM_": "KAHLE DRIVE", "TO_": "4TH RD", "WNTR_MAINT": "NO", "MAINT_JURS": "DOUGLAS COUNTY", "YR_OF_CONS": "2015", "IMPLEMENT": "DOUGLAS COUNTY", "COUNTY": "DOUGLAS COUNTY", "E_BIKE": " ", "GlobalID": "{3D7DBFB7-5486-4248-85B1-F85AA5D01075}", "created_user": "MBINDL", "created_date": "2024-01-25T04:41:45Z", "last_edited_user": "KRICHARDSON", "last_edited_date": "2024-02-09T06:21:15Z" }, "geometry": { "type": "LineString", "coordinates": [ [ -119.936661856280551, 38.970857291086048 ], [ -119.937539129882992, 38.968895454023496 ] ] } },
{ "type": "Feature", "properties": { "OBJECTID": 1078, "CLASS": "1", "NAME": "WEST SHORE TAHOE TRAIL", "MILES": 0.3171418, "ShapeSTLength": 510.39127743022243, "FROM_": "HOMEWOOD", "TO_": "TAHOMA", "WNTR_MAINT": "NO", "MAINT_JURS": "TCPUD", "YR_OF_CONS": "2016", "IMPLEMENT": "PLACER COUNTY", "COUNTY": "PLACER COUNTY", "E_BIKE": " ", "GlobalID": "{628C5E0F-24AE-4BF0-A557-25DCF74A2A20}", "created_user": "MBINDL", "created_date": "2024-01-25T04:41:45Z", "last_edited_user": "KRICHARDSON", "last_edited_date": "2024-02-09T06:21:15Z" }, "geometry": { "type": "LineString", "coordinates": [ [ -120.161634179736097, 39.086963908458976 ], [ -120.161630062684594, 39.086953693827553 ], [ -120.161324583425227, 39.086937870254062 ], [ -120.161087918494758, 39.086943381987226 ], [ -120.161038078991652, 39.086922203745033 ], [ -120.161000610518499, 39.086900395411639 ], [ -120.160950056692386, 39.086824674956965 ], [ -120.160853317909329, 39.086590655553408 ], [ -120.160719786326396, 39.08631965415222 ], [ -120.160651361456587, 39.086160314962889 ], [ -120.160556692771408, 39.085959590534003 ], [ -120.160288944397493, 39.085459051851274 ], [ -120.16013683159315, 39.085104834527861 ], [ -120.160019879900048, 39.08484049317444 ], [ -120.160056328381685, 39.084727991572173 ], [ -120.16016079102647, 39.08469448949068 ], [ -120.16052594207278, 39.08470224785345 ], [ -120.160572176077466, 39.08467582260154 ], [ -120.160556302434486, 39.084585600440917 ], [ -120.160544545322324, 39.084488400281394 ], [ -120.160402209649433, 39.084189124709276 ], [ -120.159990877685246, 39.083411444758717 ] ] } },
{ "type": "Feature", "properties": { "OBJECTID": 1079, "CLASS": "PED", "NAME": "STATE ROUTE 28 (NORTH) PED", "MILES": 0.49108885, "ShapeSTLength": 790.33247175647875, "FROM_": "NORTHWOOD BLVD", "TO_": "VILLAGE BLVD", "WNTR_MAINT": "N/A", "MAINT_JURS": "WASHOE COUNTY", "YR_OF_CONS": "2006", "IMPLEMENT": "WASHOE COUNTY", "COUNTY": "WASHOE COUNTY", "E_BIKE": null, "GlobalID": "{52C1BC48-1DF5-45A5-A5E4-5D470FA975B9}", "created_user": "MBINDL", "created_date": "2024-01-25T04:41:45Z", "last_edited_user": "KRICHARDSON", "last_edited_date": "2024-02-09T06:21:15Z" }, "geometry": { "type": "LineString", "coordinates": [ [ -119.961745620757, 39.250473963793638 ], [ -119.961681835867253, 39.250492063644501 ], [ -119.961623869064525, 39.25050344105891 ], [ -119.961530662730993, 39.250460616136657 ], [ -119.961354132068664, 39.25042764592957 ], [ -119.961039038810881, 39.250403947698068 ], [ -119.960491765250922, 39.250361009007477 ], [ -119.960162355074658, 39.250326439609346 ], [ -119.959971276809654, 39.250287221875794 ], [ -119.959622259245947, 39.250249777572115 ], [ -119.959040662952034, 39.250192875724515 ], [ -119.958213972352098, 39.250116093787547 ], [ -119.958007952943618, 39.250127332050013 ], [ -119.957714526601876, 39.25010313728545 ], [ -119.957510059793066, 39.250057664957879 ], [ -119.957009259793253, 39.250055190942355 ], [ -119.956716549420321, 39.250014490059058 ], [ -119.956441485163865, 39.249951826272422 ], [ -119.95604505008653, 39.24990618096593 ], [ -119.955244168594405, 39.249855685659782 ], [ -119.954712074938726, 39.249827234108402 ], [ -119.954676149650879, 39.249885240397745 ], [ -119.954574882895685, 39.249877111081645 ], [ -119.954341058779832, 39.249880956088738 ], [ -119.95412947017617, 39.249884434995536 ], [ -119.953840349305949, 39.24986998216604 ], [ -119.953724249482789, 39.249893226532159 ], [ -119.953636700676981, 39.249889057098294 ], [ -119.953514870041616, 39.249840183955435 ], [ -119.953415360439749, 39.249796276806713 ], [ -119.953325588682688, 39.249774927559443 ], [ -119.952871733062608, 39.249773737854284 ], [ -119.95279097618419, 39.249823568169177 ] ] } },
{ "type": "Feature", "properties": { "OBJECTID": 1080, "CLASS": "PED", "NAME": "STATE ROUTE 28 (SOUTH) PED", "MILES": 0.57723366, "ShapeSTLength": 928.96939138748792, "FROM_": "SOUTHWOOD BLVD", "TO_": "VILLAGE BLVD", "WNTR_MAINT": "N/A", "MAINT_JURS": "WASHOE COUNTY", "YR_OF_CONS": "2006", "IMPLEMENT": "WASHOE COUNTY", "COUNTY": "WASHOE COUNTY", "E_BIKE": null, "GlobalID": "{598AA661-C672-46D7-9069-F04BA5601B59}", "created_user": "MBINDL", "created_date": "2024-01-25T04:41:45Z", "last_edited_user": "KRICHARDSON", "last_edited_date": "2024-02-09T06:21:15Z" }, "geometry": { "type": "LineString", "coordinates": [ [ -119.952815084800633, 39.249585838917973 ], [ -119.952988557221602, 39.249633603117985 ], [ -119.953482043318587, 39.249655624149874 ], [ -119.954981543829348, 39.249725442157398 ], [ -119.955840275460744, 39.249770944167665 ], [ -119.956608790328062, 39.249811117352806 ], [ -119.956773427294522, 39.249771087578807 ], [ -119.956908763135559, 39.249738528558453 ], [ -119.957054965098379, 39.249743740252605 ], [ -119.957121064428122, 39.249784344638172 ], [ -119.957196210665813, 39.249762208653273 ], [ -119.957308411335006, 39.249787855594754 ], [ -119.957448034791526, 39.249738746099837 ], [ -119.957545461315007, 39.249798219548921 ], [ -119.957675970591566, 39.249794689159295 ], [ -119.957763339676163, 39.249880279703149 ], [ -119.957859837767316, 39.249878637159568 ], [ -119.958035638175119, 39.249793979696534 ], [ -119.958262263064739, 39.249822513471983 ], [ -119.958515976939637, 39.249881124123306 ], [ -119.958875782236987, 39.249884020830571 ], [ -119.959087782529323, 39.249885222098087 ], [ -119.959279789176293, 39.249934660352771 ], [ -119.959437933778901, 39.24995367034515 ], [ -119.959582411292885, 39.249939126089032 ], [ -119.959632312320437, 39.249989603326419 ], [ -119.959712108612308, 39.250037005168316 ], [ -119.959988063527248, 39.250107851546829 ], [ -119.96111172575948, 39.250224630910495 ], [ -119.961730842670775, 39.2502805058609 ], [ -119.961815182590627, 39.250235063428299 ], [ -119.962037664711602, 39.250261620559435 ], [ -119.962109408876415, 39.250325561703683 ], [ -119.963211627696609, 39.250435020875962 ] ] } },
{ "type": "Feature", "properties": { "OBJECTID": 1081, "CLASS": "PED", "NAME": "STATE ROUTE 28 (NORTH) PED", "MILES": 0.23104555, "ShapeSTLength": 371.83251442050539, "FROM_": "VILLAGE BLVD", "TO_": "RD D", "WNTR_MAINT": "N/A", "MAINT_JURS": "WASHOE COUNTY", "YR_OF_CONS": "Before 2006", "IMPLEMENT": "WASHOE COUNTY", "COUNTY": "WASHOE COUNTY", "E_BIKE": null, "GlobalID": "{1ECCB39A-0C3E-499C-9842-5FFEBD4D20EB}", "created_user": "MBINDL", "created_date": "2024-01-25T04:41:45Z", "last_edited_user": "KRICHARDSON", "last_edited_date": "2024-02-09T06:21:15Z" }, "geometry": { "type": "LineString", "coordinates": [ [ -119.952600259012101, 39.249826212588381 ], [ -119.952518836601556, 39.249755328867934 ], [ -119.952211281016773, 39.249733522968135 ], [ -119.952072719467694, 39.249724271364435 ], [ -119.951908729541287, 39.249764954587384 ], [ -119.951813417960906, 39.249787880396909 ], [ -119.951620266879942, 39.249775975735133 ], [ -119.951351066753958, 39.249787217092738 ], [ -119.951211017727132, 39.249793065910303 ], [ -119.951107954483049, 39.249786997173757 ], [ -119.951041773474245, 39.249747129561449 ], [ -119.950950088079267, 39.2497153930032 ], [ -119.950735244548312, 39.249710740435638 ], [ -119.950223959203882, 39.249735201103896 ], [ -119.949960842752859, 39.249705776222321 ], [ -119.949772986453439, 39.249652978522953 ], [ -119.949373779010131, 39.249629840809121 ], [ -119.949130193414604, 39.249609374182569 ], [ -119.948474556618351, 39.249569652598105 ], [ -119.948399723522087, 39.249583179087374 ] ] } },
{ "type": "Feature", "properties": { "OBJECTID": 1082, "CLASS": "2", "NAME": "STATE ROUTE 28 BIKE LANE", "MILES": 1.96884911, "ShapeSTLength": 3168.5618458941412, "FROM_": "LAKESHORE BLVD (WEST)", "TO_": "SOUTHWOOD BLVD (EAST)", "WNTR_MAINT": "N/A", "MAINT_JURS": "WASHOE COUNTY", "YR_OF_CONS": "2002", "IMPLEMENT": "NDOT", "COUNTY": "WASHOE COUNTY", "E_BIKE": null, "GlobalID": "{827152AD-DD30-4C8E-93DF-0763A999C011}", "created_user": "MBINDL", "created_date": "2024-01-25T04:41:45Z", "last_edited_user": "KRICHARDSON", "last_edited_date": "2024-02-09T06:21:15Z" }, "geometry": { "type": "LineString", "coordinates": [ [ -119.982498936841949, 39.249918002549549 ], [ -119.981562763537354, 39.250345835020489 ], [ -119.980752993708364, 39.250564199735528 ], [ -119.978088077910556, 39.250570336028041 ], [ -119.975675888805256, 39.251137425433726 ], [ -119.974693021632476, 39.251224518469854 ], [ -119.965290067238826, 39.250712595351523 ], [ -119.961396119839677, 39.250303095688096 ], [ -119.956776729211711, 39.249918947028654 ], [ -119.948343511441081, 39.249482264748181 ], [ -119.947234677156786, 39.249319475094381 ], [ -119.946275394787875, 39.249122830386511 ] ] } },
{ "type": "Feature", "properties": { "OBJECTID": 1083, "CLASS": "PED", "NAME": "STATE ROUTE 28 (SOUTH) PED", "MILES": 0.33063629, "ShapeSTLength": 532.10859167475166, "FROM_": "VILLAGE BLVD", "TO_": "SOUTHWOOD BLVD EAST", "WNTR_MAINT": "N/A", "MAINT_JURS": "WASHOE COUNTY", "YR_OF_CONS": "2006", "IMPLEMENT": "WASHOE COUNTY", "COUNTY": "WASHOE COUNTY", "E_BIKE": null, "GlobalID": "{FAD71996-85B3-4348-86BA-39DD67B24466}", "created_user": "MBINDL", "created_date": "2024-01-25T04:41:45Z", "last_edited_user": "KRICHARDSON", "last_edited_date": "2024-02-09T06:21:15Z" }, "geometry": { "type": "LineString", "coordinates": [ [ -119.946539676657125, 39.249108768292956 ], [ -119.946630575212325, 39.249050090201827 ], [ -119.946976031090983, 39.249120218269809 ], [ -119.947337261058834, 39.249218211343113 ], [ -119.947488703672306, 39.249287740266674 ], [ -119.948078102598174, 39.24934047140416 ], [ -119.948487365501194, 39.2493675112433 ], [ -119.948649244685029, 39.249399708611925 ], [ -119.948795792845701, 39.249370940270396 ], [ -119.94904394472924, 39.249395572989719 ], [ -119.949378891996233, 39.249389795598859 ], [ -119.949751928375647, 39.249423232968056 ], [ -119.950389591833016, 39.249507281357921 ], [ -119.950646128864989, 39.249528563102956 ], [ -119.951335263703385, 39.249557895012032 ], [ -119.952030710441676, 39.249592593231995 ], [ -119.952477930164761, 39.249602031665653 ], [ -119.952569242976608, 39.249560652255511 ] ] } },
{ "type": "Feature", "properties": { "OBJECTID": 1084, "CLASS": "PED", "NAME": "TANAGER ST", "MILES": 0.17716189, "ShapeSTLength": 285.11500047712258, "FROM_": "ORIOLE WAY", "TO_": "VILLAGE BLVD", "WNTR_MAINT": "N/A", "MAINT_JURS": "WASHOE COUNTY", "YR_OF_CONS": "2007", "IMPLEMENT": "WASHOE COUNTY", "COUNTY": "WASHOE COUNTY", "E_BIKE": null, "GlobalID": "{027FE1B8-97A0-4FEE-95C4-C7A5CC1F8471}", "created_user": "MBINDL", "created_date": "2024-01-25T04:41:45Z", "last_edited_user": "KRICHARDSON", "last_edited_date": "2024-02-09T06:21:15Z" }, "geometry": { "type": "LineString", "coordinates": [ [ -119.95598352011568, 39.247995828480931 ], [ -119.955645453026705, 39.248197888950827 ], [ -119.955088451850671, 39.248369013061613 ], [ -119.9530611483938, 39.248482227952678 ], [ -119.952841483858066, 39.248564053608085 ] ] } },
{ "type": "Feature", "properties": { "OBJECTID": 1085, "CLASS": "PED", "NAME": "COUNTRY CLUB DRIVE (WEST SIDE)", "MILES": 0.30179579, "ShapeSTLength": 485.69420993788248, "FROM_": "STATE ROUTE 28", "TO_": "INCLINE WAY", "WNTR_MAINT": "N/A", "MAINT_JURS": "WASHOE COUNTY", "YR_OF_CONS": "2007", "IMPLEMENT": "WASHOE COUNTY", "COUNTY": "WASHOE COUNTY", "E_BIKE": null, "GlobalID": "{D59C718C-1B16-488C-9787-DB93D16EB384}", "created_user": "MBINDL", "created_date": "2024-01-25T04:41:45Z", "last_edited_user": "KRICHARDSON", "last_edited_date": "2024-02-09T06:21:15Z" }, "geometry": { "type": "LineString", "coordinates": [ [ -119.937688872807598, 39.24492937172856 ], [ -119.937904448586934, 39.24321648164041 ], [ -119.938004733812804, 39.242932136803411 ], [ -119.938159347739557, 39.242677360022554 ], [ -119.940167692744751, 39.24131081673022 ] ] } },
{ "type": "Feature", "properties": { "OBJECTID": 1086, "CLASS": "PED", "NAME": "INCLINE WAY (NORTH SIDE)", "MILES": 0.22960002, "ShapeSTLength": 369.50615167646049, "FROM_": "INCLINE CREEK", "TO_": "COUNTRY CLUB DR", "WNTR_MAINT": "N/A", "MAINT_JURS": "HYATT HOTEL", "YR_OF_CONS": "2007", "IMPLEMENT": "WASHOE COUNTY", "COUNTY": "WASHOE COUNTY", "E_BIKE": null, "GlobalID": "{89982683-84F2-4D43-9FB2-B51B4DA53167}", "created_user": "MBINDL", "created_date": "2024-01-25T04:41:45Z", "last_edited_user": "KRICHARDSON", "last_edited_date": "2024-02-09T06:21:15Z" }, "geometry": { "type": "LineString", "coordinates": [ [ -119.940243327249576, 39.24124061948303 ], [ -119.94106706435872, 39.242013344222272 ], [ -119.943736107457639, 39.243056926110874 ] ] } },
{ "type": "Feature", "properties": { "OBJECTID": 1087, "CLASS": "PED", "NAME": "COUNTRY CLUB DRIVE (WEST SIDE)", "MILES": 0.20526373, "ShapeSTLength": 330.34060893242389, "FROM_": "INCLINE WAY", "TO_": "LAKESHORE BLVD", "WNTR_MAINT": "N/A", "MAINT_JURS": "HYATT HOTEL", "YR_OF_CONS": "2007", "IMPLEMENT": "WASHOE COUNTY", "COUNTY": "WASHOE COUNTY", "E_BIKE": null, "GlobalID": "{C933AA6A-53F0-4F8C-B31B-84F4C6FC1438}", "created_user": "MBINDL", "created_date": "2024-01-25T04:41:45Z", "last_edited_user": "KRICHARDSON", "last_edited_date": "2024-02-09T06:21:15Z" }, "geometry": { "type": "LineString", "coordinates": [ [ -119.94014592083127, 39.241323387473471 ], [ -119.943101742782886, 39.239435994360385 ] ] } },
{ "type": "Feature", "properties": { "OBJECTID": 1088, "CLASS": "2", "NAME": "STATE ROUTE 28 BIKE LANE", "MILES": 1.7181194, "ShapeSTLength": 2765.0506712698552, "FROM_": "SOUTHWOOD BLVD (EAST)", "TO_": "LAKESHORE BLVD (EAST)", "WNTR_MAINT": "N/A", "MAINT_JURS": "WASHOE COUNTY", "YR_OF_CONS": "2002", "IMPLEMENT": "NDOT", "COUNTY": "WASHOE COUNTY", "E_BIKE": null, "GlobalID": "{CE4FEA28-6C4F-4EE1-BAF1-13F8849DF865}", "created_user": "MBINDL", "created_date": "2024-01-25T04:41:45Z", "last_edited_user": "KRICHARDSON", "last_edited_date": "2024-02-09T06:21:15Z" }, "geometry": { "type": "LineString", "coordinates": [ [ -119.946385278167625, 39.24917131283641 ], [ -119.944924476078214, 39.248880347716664 ], [ -119.943661683209626, 39.248553695396012 ], [ -119.942413052335056, 39.248190569014483 ], [ -119.941299684583242, 39.24754909007563 ], [ -119.931231692861729, 39.241308533459367 ], [ -119.930115137398687, 39.240426420999675 ], [ -119.928971264361209, 39.239111098460221 ], [ -119.92861166513957, 39.238121073652394 ], [ -119.928783068473663, 39.237131512216926 ], [ -119.931703725457922, 39.232932305427205 ], [ -119.932124032150384, 39.232056934189629 ] ] } },
{ "type": "Feature", "properties": { "OBJECTID": 1090, "CLASS": "3", "NAME": "MCKINNEY DRIVE", "MILES": 0.74905245, "ShapeSTLength": 1205.4854720036287, "FROM_": "STATE ROUTE 89 (NORTH)", "TO_": "STATE ROUTE 89 (SOUTH)", "WNTR_MAINT": "N/A", "MAINT_JURS": "TCPUD", "YR_OF_CONS": "Before 2006", "IMPLEMENT": "TCPUD", "COUNTY": "PLACER COUNTY", "E_BIKE": null, "GlobalID": "{8B5CA36E-0509-41BF-876B-24841DE36803}", "created_user": "MBINDL", "created_date": "2024-01-25T04:41:45Z", "last_edited_user": "KRICHARDSON", "last_edited_date": "2024-02-09T06:21:15Z" }, "geometry": { "type": "LineString", "coordinates": [ [ -120.155986863127495, 39.078226579473657 ], [ -120.156162002445072, 39.078063522378784 ], [ -120.156196602833916, 39.077830867870894 ], [ -120.15605516735242, 39.077745207372729 ], [ -120.1554743322326, 39.077110665146158 ], [ -120.153373583770133, 39.07501651001968 ], [ -120.152786935164144, 39.074566122898467 ], [ -120.152189072496498, 39.074297553687479 ], [ -120.151483744916945, 39.074118072431631 ], [ -120.150921813646889, 39.074119643197939 ], [ -120.149853808401971, 39.074095006250047 ], [ -120.147096045316772, 39.074150202468246 ], [ -120.146690618144262, 39.074134171353315 ], [ -120.146092873153904, 39.0740039321662 ], [ -120.145646930192186, 39.073746557758881 ], [ -120.145375536239058, 39.073842236875315 ], [ -120.145167117131336, 39.073933419661053 ] ] } },
{ "type": "Feature", "properties": { "OBJECTID": 1091, "CLASS": "2", "NAME": "ELKS POINT ROAD", "MILES": 0.14007042, "ShapeSTLength": 225.42193717927401, "FROM_": "ELKS POINT CLASS I SHARED USE TRAIL", "TO_": "US-50", "WNTR_MAINT": "N/A", "MAINT_JURS": "DOUGLAS COUNTY", "YR_OF_CONS": "Before 2006", "IMPLEMENT": "DOUGLAS COUNTY", "COUNTY": "DOUGLAS COUNTY", "E_BIKE": null, "GlobalID": "{ED593519-4585-4FB1-BCE1-941C5435006B}", "created_user": "MBINDL", "created_date": "2024-01-25T04:41:45Z", "last_edited_user": "KRICHARDSON", "last_edited_date": "2024-02-09T06:21:15Z" }, "geometry": { "type": "LineString", "coordinates": [ [ -119.942791778777959, 38.983955817686414 ], [ -119.943803922582418, 38.983147377119643 ], [ -119.944737585734018, 38.982620421775906 ] ] } },
{ "type": "Feature", "properties": { "OBJECTID": 1092, "CLASS": "2", "NAME": "HEAVENLY VILLAGE WAY", "MILES": 0.1239386, "ShapeSTLength": 199.46023442776246, "FROM_": "US HWY 50", "TO_": "BELLAMY CT", "WNTR_MAINT": "N/A", "MAINT_JURS": "CITY OF SOUTH LAKE TAHOE", "YR_OF_CONS": "Before 2006", "IMPLEMENT": "CITY OF SOUTH LAKE TAHOE", "COUNTY": "CITY OF SOUTH LAKE TAHOE", "E_BIKE": null, "GlobalID": "{DE1BF494-0FE1-487B-8620-72147BAD6C15}", "created_user": "MBINDL", "created_date": "2024-01-25T04:41:45Z", "last_edited_user": "KRICHARDSON", "last_edited_date": "2024-02-09T06:21:15Z" }, "geometry": { "type": "LineString", "coordinates": [ [ -119.944310983760715, 38.95524387589812 ], [ -119.944081237569009, 38.95514806869226 ], [ -119.943695778989948, 38.955160477916948 ], [ -119.942642889184071, 38.955353239727714 ], [ -119.942107641934129, 38.955195008027012 ] ] } },
{ "type": "Feature", "properties": { "OBJECTID": 1093, "CLASS": "2", "NAME": "LAKEVIEW AVE", "MILES": 0.59340175, "ShapeSTLength": 954.98945420400605, "FROM_": "US HWY 50", "TO_": "BERKELEY AVE", "WNTR_MAINT": "N/A", "MAINT_JURS": "CITY OF SOUTH LAKE TAHOE", "YR_OF_CONS": "Before 2006", "IMPLEMENT": "CITY OF SOUTH LAKE TAHOE", "COUNTY": "CITY OF SOUTH LAKE TAHOE", "E_BIKE": null, "GlobalID": "{ACF570C5-7DC1-4FBA-900D-81763D9F9C24}", "created_user": "MBINDL", "created_date": "2024-01-25T04:41:45Z", "last_edited_user": "KRICHARDSON", "last_edited_date": "2024-02-09T06:21:15Z" }, "geometry": { "type": "LineString", "coordinates": [ [ -119.9774564740014, 38.944306680556338 ], [ -119.988381047631052, 38.943233606061519 ] ] } },
{ "type": "Feature", "properties": { "OBJECTID": 1094, "CLASS": "3", "NAME": "RUFUS ALLEN  BLVD", "MILES": 0.51704304, "ShapeSTLength": 832.10178311207039, "FROM_": "US HWY 50", "TO_": "LYONS AVE", "WNTR_MAINT": "N/A", "MAINT_JURS": "CITY OF SOUTH LAKE TAHOE", "YR_OF_CONS": "Before 2006", "IMPLEMENT": "CITY OF SOUTH LAKE TAHOE", "COUNTY": "CITY OF SOUTH LAKE TAHOE", "E_BIKE": null, "GlobalID": "{7B634D6B-43CC-4588-97C2-191ABA56C4E9}", "created_user": "MBINDL", "created_date": "2024-01-25T04:41:45Z", "last_edited_user": "KRICHARDSON", "last_edited_date": "2024-02-09T06:21:15Z" }, "geometry": { "type": "LineString", "coordinates": [ [ -119.973455880225927, 38.937931107938809 ], [ -119.973480993871618, 38.939323792203908 ], [ -119.97281744952231, 38.940311686409594 ], [ -119.972942708598168, 38.945294430578642 ] ] } },
{ "type": "Feature", "properties": { "OBJECTID": 1095, "CLASS": "3", "NAME": "BELLEVUE AVE/EL DORADO AVE", "MILES": 0.95925445, "ShapeSTLength": 1543.7734874960572, "FROM_": "LAKEVIEW AVE", "TO_": "OAKLAND AVE", "WNTR_MAINT": "N/A", "MAINT_JURS": "CITY OF SOUTH LAKE TAHOE", "YR_OF_CONS": "Before 2006", "IMPLEMENT": "CITY OF SOUTH LAKE TAHOE", "COUNTY": "CITY OF SOUTH LAKE TAHOE", "E_BIKE": null, "GlobalID": "{2778210D-BB9D-42E4-9372-90ABF3097BC2}", "created_user": "MBINDL", "created_date": "2024-01-25T04:41:45Z", "last_edited_user": "KRICHARDSON", "last_edited_date": "2024-02-09T06:21:15Z" }, "geometry": { "type": "LineString", "coordinates": [ [ -119.981157898740676, 38.933510674172005 ], [ -119.982056633436116, 38.933362774379546 ], [ -119.986854214342486, 38.936491411059336 ], [ -119.98916244309234, 38.937312321692893 ], [ -119.989036635699946, 38.937525289750361 ], [ -119.989757008679447, 38.941912648136878 ], [ -119.989561485734242, 38.94234630129926 ], [ -119.988437172901911, 38.943168198402979 ] ] } },
{ "type": "Feature", "properties": { "OBJECTID": 1096, "CLASS": "3", "NAME": "RUBICON TRAIL", "MILES": 0.22301062, "ShapeSTLength": 358.90151507410491, "FROM_": "MACKINAW", "TO_": "SUSSEX AVE", "WNTR_MAINT": "N/A", "MAINT_JURS": "CITY OF SOUTH LAKE TAHOE", "YR_OF_CONS": "Before 2006", "IMPLEMENT": "CITY OF SOUTH LAKE TAHOE", "COUNTY": "CITY OF SOUTH LAKE TAHOE", "E_BIKE": null, "GlobalID": "{3EA04E44-1268-48C9-8407-54A26B3781FD}", "created_user": "MBINDL", "created_date": "2024-01-25T04:41:45Z", "last_edited_user": "KRICHARDSON", "last_edited_date": "2024-02-09T06:21:15Z" }, "geometry": { "type": "LineString", "coordinates": [ [ -119.985237962359861, 38.930516736937086 ], [ -119.98524977646386, 38.928269699646144 ], [ -119.984434624465877, 38.927518878285461 ] ] } },
{ "type": "Feature", "properties": { "OBJECTID": 1097, "CLASS": "3", "NAME": "SUSSEX AVE", "MILES": 0.05238355, "ShapeSTLength": 84.303316522171386, "FROM_": "RUBICON TRAIL", "TO_": "SUSSEX AVE", "WNTR_MAINT": "N/A", "MAINT_JURS": "CITY OF SOUTH LAKE TAHOE", "YR_OF_CONS": "Before 2006", "IMPLEMENT": "CITY OF SOUTH LAKE TAHOE", "COUNTY": "CITY OF SOUTH LAKE TAHOE", "E_BIKE": null, "GlobalID": "{7400D1C6-BC53-416D-8880-6C836F50430C}", "created_user": "MBINDL", "created_date": "2024-01-25T04:41:45Z", "last_edited_user": "KRICHARDSON", "last_edited_date": "2024-02-09T06:21:15Z" }, "geometry": { "type": "LineString", "coordinates": [ [ -119.984434624465877, 38.927518878285461 ], [ -119.985169364925241, 38.927022102044873 ] ] } },
{ "type": "Feature", "properties": { "OBJECTID": 1098, "CLASS": "3", "NAME": "WILLIAM ST/RIVER DRIVE", "MILES": 0.57078296, "ShapeSTLength": 918.58796777172938, "FROM_": "RIVER DRIVE/US HWY 50", "TO_": "SIERRA BLVD", "WNTR_MAINT": "N/A", "MAINT_JURS": "CITY OF SOUTH LAKE TAHOE", "YR_OF_CONS": "Before 2006", "IMPLEMENT": "CITY OF SOUTH LAKE TAHOE", "COUNTY": "CITY OF SOUTH LAKE TAHOE", "E_BIKE": null, "GlobalID": "{21F03770-5988-4D9F-B2BE-86CD3CAB6357}", "created_user": "MBINDL", "created_date": "2024-01-25T04:41:45Z", "last_edited_user": "KRICHARDSON", "last_edited_date": "2024-02-09T06:21:15Z" }, "geometry": { "type": "LineString", "coordinates": [ [ -119.984605024641311, 38.923922989387634 ], [ -119.9799850589295, 38.927007286398933 ], [ -119.979996122257518, 38.928223797590036 ], [ -119.980352280028072, 38.928561854550772 ], [ -119.979033975858229, 38.930121893651567 ] ] } },
{ "type": "Feature", "properties": { "OBJECTID": 1099, "CLASS": "3", "NAME": "13TH STREET", "MILES": 0.10102941, "ShapeSTLength": 162.59139606583122, "FROM_": "ELOISE AVE", "TO_": "SR 89", "WNTR_MAINT": "N/A", "MAINT_JURS": "CITY OF SOUTH LAKE TAHOE", "YR_OF_CONS": "Before 2006", "IMPLEMENT": "CITY OF SOUTH LAKE TAHOE", "COUNTY": "CITY OF SOUTH LAKE TAHOE", "E_BIKE": null, "GlobalID": "{3286B643-40FF-4FA4-A6E0-598E3C83E0C0}", "created_user": "MBINDL", "created_date": "2024-01-25T04:41:45Z", "last_edited_user": "KRICHARDSON", "last_edited_date": "2024-02-09T06:21:15Z" }, "geometry": { "type": "LineString", "coordinates": [ [ -120.016713593076389, 38.922204210662386 ], [ -120.017202827798783, 38.920790993360335 ] ] } },
{ "type": "Feature", "properties": { "OBJECTID": 1100, "CLASS": "3", "NAME": "TAHOE ISLAND DRIVE/12 STREET", "MILES": 1.20370984, "ShapeSTLength": 1937.1870850731141, "FROM_": "TAHOE KEYS BLVD", "TO_": "ELOISE AVE", "WNTR_MAINT": "N/A", "MAINT_JURS": "CITY OF SOUTH LAKE TAHOE", "YR_OF_CONS": "Before 2006", "IMPLEMENT": "CITY OF SOUTH LAKE TAHOE", "COUNTY": "CITY OF SOUTH LAKE TAHOE", "E_BIKE": null, "GlobalID": "{9D23A0D6-F168-4218-B1AC-E0F14D357094}", "created_user": "MBINDL", "created_date": "2024-01-25T04:41:45Z", "last_edited_user": "KRICHARDSON", "last_edited_date": "2024-02-09T06:21:15Z" }, "geometry": { "type": "LineString", "coordinates": [ [ -120.014461151577848, 38.921737605460095 ], [ -120.013309437179416, 38.925564008792428 ], [ -120.0126483294748, 38.925366863305477 ], [ -120.009894230638665, 38.923836793018801 ], [ -120.007962479473704, 38.922516955137553 ], [ -120.007912614676954, 38.922605766421171 ], [ -120.007334243525733, 38.922424254900108 ], [ -120.006727691314268, 38.922467245239851 ], [ -120.00205084290883, 38.919955200404992 ], [ -120.000159872045614, 38.921920067546907 ], [ -119.999805469951255, 38.922154192730183 ] ] } },
{ "type": "Feature", "properties": { "OBJECTID": 1101, "CLASS": "2", "NAME": "PIONEER TRAIL", "MILES": 3.06513274, "ShapeSTLength": 4932.8628493284641, "FROM_": "GLEN RD", "TO_": "BLACK BART", "WNTR_MAINT": "N/A", "MAINT_JURS": "CITY OF SOUTH LAKE TAHOE", "YR_OF_CONS": "2002", "IMPLEMENT": "CITY OF SOUTH LAKE TAHOE", "COUNTY": "CITY OF SOUTH LAKE TAHOE", "E_BIKE": null, "GlobalID": "{94862622-97AC-4A10-8A9C-6B27C5577227}", "created_user": "MBINDL", "created_date": "2024-01-25T04:41:45Z", "last_edited_user": "KRICHARDSON", "last_edited_date": "2024-02-09T06:21:15Z" }, "geometry": { "type": "LineString", "coordinates": [ [ -119.962144463009679, 38.909385134278622 ], [ -119.961799131151835, 38.911291314282245 ], [ -119.961817075813101, 38.914957906665769 ], [ -119.961633391111192, 38.915434882496186 ], [ -119.960827780820992, 38.916427794784134 ], [ -119.956166255589039, 38.921242743617029 ], [ -119.955558056491881, 38.922267402954866 ], [ -119.95492394197386, 38.925570045377803 ], [ -119.954901561830212, 38.927232245560717 ], [ -119.95517148642287, 38.928234792309041 ], [ -119.955026201096061, 38.929911178233866 ], [ -119.954008376528577, 38.932907109348108 ], [ -119.953418433741732, 38.935067367769584 ], [ -119.95355426277068, 38.93578955896416 ], [ -119.954119625810279, 38.936554158532275 ], [ -119.954254965771256, 38.937147786602807 ], [ -119.954234984148158, 38.937849966579662 ], [ -119.954061910202327, 38.938187786117766 ], [ -119.952958124085583, 38.939433710428077 ], [ -119.95273997178785, 38.940234313188171 ], [ -119.95093633912731, 38.94308804017583 ], [ -119.94949172601828, 38.946781244903228 ], [ -119.94881332131537, 38.947862402267994 ], [ -119.947701642914765, 38.95084205486252 ] ] } },
{ "type": "Feature", "properties": { "OBJECTID": 1102, "CLASS": "2", "NAME": "PIONEER TRAIL", "MILES": 2.75703015, "ShapeSTLength": 4437.0188014355799, "FROM_": "BLACK BART", "TO_": "GLEN EAGLES ROAD", "WNTR_MAINT": "N/A", "MAINT_JURS": "EL DORADO COUNTY", "YR_OF_CONS": "2002", "IMPLEMENT": "CITY OF SOUTH LAKE TAHOE", "COUNTY": "EL DORADO COUNTY", "E_BIKE": null, "GlobalID": "{D9AE5276-F7F0-4CFF-AB99-C37A9B0CCF92}", "created_user": "MBINDL", "created_date": "2024-01-25T04:41:45Z", "last_edited_user": "KRICHARDSON", "last_edited_date": "2024-02-09T06:21:15Z" }, "geometry": { "type": "LineString", "coordinates": [ [ -119.989988846396912, 38.878382336823947 ], [ -119.989676321606481, 38.878874269422745 ], [ -119.989120515678948, 38.88047980186019 ], [ -119.988815055500993, 38.881009810872001 ], [ -119.987693917240705, 38.882172548639645 ], [ -119.986125611598851, 38.884103538438183 ], [ -119.985550208837026, 38.884583654215135 ], [ -119.984550424396673, 38.885159156721379 ], [ -119.980498778020944, 38.887068478903743 ], [ -119.976112659196659, 38.889429965781957 ], [ -119.974199225106148, 38.89112879563821 ], [ -119.972443334034253, 38.894477990977208 ], [ -119.970619885253754, 38.897245852084076 ], [ -119.969643698879523, 38.900764354386737 ], [ -119.969729366348901, 38.902834330682303 ], [ -119.968933662187212, 38.904464513840622 ], [ -119.968479423242911, 38.904951960397163 ], [ -119.967974608970323, 38.905274722812855 ], [ -119.965931867550793, 38.905832931645264 ], [ -119.965004164894665, 38.906287306196681 ], [ -119.962736447658642, 38.908218923351541 ], [ -119.962309037010698, 38.90881681908423 ], [ -119.962139427595474, 38.909348381461847 ] ] } },
{ "type": "Feature", "properties": { "OBJECTID": 1103, "CLASS": "2", "NAME": "PIONEER TRAIL", "MILES": 1.91558083, "ShapeSTLength": 3082.8346842512578, "FROM_": "GLEN EAGLES ROAD", "TO_": "US-50 MEYERS", "WNTR_MAINT": "N/A", "MAINT_JURS": "EL DORADO COUNTY", "YR_OF_CONS": "2002", "IMPLEMENT": "CITY OF SOUTH LAKE TAHOE", "COUNTY": "EL DORADO COUNTY", "E_BIKE": null, "GlobalID": "{DC37E3C8-750C-4657-B156-8C49ABACE153}", "created_user": "MBINDL", "created_date": "2024-01-25T04:41:45Z", "last_edited_user": "KRICHARDSON", "last_edited_date": "2024-02-09T06:21:15Z" }, "geometry": { "type": "LineString", "coordinates": [ [ -120.012129915229224, 38.859523779063181 ], [ -120.010345132220337, 38.85976724502931 ], [ -120.009921244657761, 38.859923536904439 ], [ -120.007532628105096, 38.861785164633169 ], [ -120.006791300385188, 38.862166789073015 ], [ -120.00572456570211, 38.862403724165347 ], [ -120.003285717215746, 38.862446054361122 ], [ -120.002361842058079, 38.862581244377459 ], [ -120.001490228719163, 38.862923213954581 ], [ -119.999830843866249, 38.863999314646534 ], [ -119.998397415910077, 38.864594048308888 ], [ -119.997497458325114, 38.865154355823584 ], [ -119.997020551563097, 38.865761266623345 ], [ -119.995792297588309, 38.868345735774028 ], [ -119.991666998518483, 38.874607083014951 ], [ -119.990585225286154, 38.877417440771701 ], [ -119.989988846396912, 38.878382336823947 ] ] } },
{ "type": "Feature", "properties": { "OBJECTID": 1104, "CLASS": "2", "NAME": "NORTH UPPER TRUCKEE", "MILES": 4.61513272, "ShapeSTLength": 7427.351014358529, "FROM_": "LAKE TAHOE BLVD", "TO_": "ELKS CLUB DR", "WNTR_MAINT": "N/A", "MAINT_JURS": "EL DORADO COUNTY", "YR_OF_CONS": "Before 2006", "IMPLEMENT": "EL DORADO COUNTY", "COUNTY": "EL DORADO COUNTY", "E_BIKE": null, "GlobalID": "{25F4FE5E-7D4B-4BF5-BFAE-4FA544F0B95D}", "created_user": "MBINDL", "created_date": "2024-01-25T04:41:45Z", "last_edited_user": "KRICHARDSON", "last_edited_date": "2024-02-09T06:21:15Z" }, "geometry": { "type": "LineString", "coordinates": [ [ -120.037557213392873, 38.87326260110158 ], [ -120.037702726032705, 38.871532118295498 ], [ -120.037631100111938, 38.864896412730772 ], [ -120.036945729982989, 38.861920925860325 ], [ -120.034915303368081, 38.857280997642967 ], [ -120.035527754375934, 38.853995747635075 ], [ -120.035186768780463, 38.853589661523884 ], [ -120.033621006267609, 38.853106930074595 ], [ -120.033166782617442, 38.852751055118851 ], [ -120.033056282518075, 38.852309651289936 ], [ -120.033334748031976, 38.851250044552927 ], [ -120.032134379730465, 38.849971322490646 ], [ -120.032177514469979, 38.848510907017484 ], [ -120.03188802374747, 38.847885309827994 ], [ -120.031299244286728, 38.847570802902482 ], [ -120.029895543453719, 38.847528276173861 ], [ -120.028822800646793, 38.846873843333775 ], [ -120.026486689819293, 38.848989408311446 ], [ -120.014873200146553, 38.8545458103914 ], [ -120.013990601216605, 38.855011930354522 ], [ -120.013608685433582, 38.855366742308888 ], [ -120.012895219289007, 38.856294852776244 ], [ -120.012141469038696, 38.857710626395878 ], [ -120.012028907158793, 38.858266257469786 ], [ -120.012054118650681, 38.858848689012724 ], [ -120.01239494509889, 38.861370727234572 ], [ -120.012379156959412, 38.862871246094393 ], [ -120.011717684480232, 38.864105709381072 ], [ -120.007717845684013, 38.867697814525982 ], [ -120.006918947401886, 38.868571181127997 ], [ -120.006078125433874, 38.871350358507733 ], [ -120.005398172328469, 38.875742596875902 ] ] } },
{ "type": "Feature", "properties": { "OBJECTID": 1105, "CLASS": "3", "NAME": "PONDEROSA", "MILES": 0.21221642, "ShapeSTLength": 341.52990850921481, "FROM_": "SILVER DOLLAR", "TO_": "SUNSET DR", "WNTR_MAINT": "N/A", "MAINT_JURS": "CITY OF SOUTH LAKE TAHOE", "YR_OF_CONS": "Before 2006", "IMPLEMENT": "CITY OF SOUTH LAKE TAHOE", "COUNTY": "CITY OF SOUTH LAKE TAHOE", "E_BIKE": null, "GlobalID": "{0C18D711-068A-4E58-9848-53970034CD27}", "created_user": "MBINDL", "created_date": "2024-01-25T04:41:45Z", "last_edited_user": "KRICHARDSON", "last_edited_date": "2024-02-09T06:21:15Z" }, "geometry": { "type": "LineString", "coordinates": [ [ -119.98793443524076, 38.926003354960002 ], [ -119.990952800239128, 38.924029223516968 ] ] } },
{ "type": "Feature", "properties": { "OBJECTID": 1106, "CLASS": "3", "NAME": "RIVER DRIVE/WILLIAM STREET", "MILES": 0.33441799, "ShapeSTLength": 538.19466095122891, "FROM_": "US HWY 50", "TO_": "SIERRA BLVD", "WNTR_MAINT": "N/A", "MAINT_JURS": "CITY OF SOUTH LAKE TAHOE", "YR_OF_CONS": "Before 2006", "IMPLEMENT": "CITY OF SOUTH LAKE TAHOE", "COUNTY": "CITY OF SOUTH LAKE TAHOE", "E_BIKE": null, "GlobalID": "{C856C277-40B5-42B2-9B00-E967C8234A74}", "created_user": "MBINDL", "created_date": "2024-01-25T04:41:45Z", "last_edited_user": "KRICHARDSON", "last_edited_date": "2024-02-09T06:21:15Z" }, "geometry": { "type": "LineString", "coordinates": [ [ -119.989924743822343, 38.92274182231462 ], [ -119.989461908092281, 38.922522663565374 ], [ -119.987170920221587, 38.922224734987417 ], [ -119.984622870590741, 38.923911115887428 ] ] } },
{ "type": "Feature", "properties": { "OBJECTID": 1107, "CLASS": "2", "NAME": "HELEN AVE", "MILES": 0.28622609, "ShapeSTLength": 460.63716366074993, "FROM_": "4TH AVE", "TO_": "WINNEMUCCA AVE", "WNTR_MAINT": "N/A", "MAINT_JURS": "CITY OF SOUTH LAKE TAHOE", "YR_OF_CONS": "Before 2006", "IMPLEMENT": "CITY OF SOUTH LAKE TAHOE", "COUNTY": "CITY OF SOUTH LAKE TAHOE", "E_BIKE": null, "GlobalID": "{74A31C73-BE83-4B47-ABF4-AE536F7ACBEB}", "created_user": "MBINDL", "created_date": "2024-01-25T04:41:45Z", "last_edited_user": "KRICHARDSON", "last_edited_date": "2024-02-09T06:21:15Z" }, "geometry": { "type": "LineString", "coordinates": [ [ -119.998768080625837, 38.91509740511448 ], [ -119.994732847753127, 38.917792617514358 ] ] } },
{ "type": "Feature", "properties": { "OBJECTID": 1108, "CLASS": "PED", "NAME": "US HWY 50 SIDEWALK", "MILES": 0.72014125, "ShapeSTLength": 1158.9573205947515, "FROM_": "SOUTH TAHOE \"Y\"", "TO_": "F STREET", "WNTR_MAINT": "NO", "MAINT_JURS": "CITY OF SOUTH LAKE TAHOE", "YR_OF_CONS": "Before 2006", "IMPLEMENT": "CITY OF SOUTH LAKE TAHOE", "COUNTY": "CITY OF SOUTH LAKE TAHOE", "E_BIKE": null, "GlobalID": "{28C46EFC-322F-4D3A-8FE2-2702636D3826}", "created_user": "MBINDL", "created_date": "2024-01-25T04:41:45Z", "last_edited_user": "KRICHARDSON", "last_edited_date": "2024-02-09T06:21:15Z" }, "geometry": { "type": "MultiLineString", "coordinates": [ [ [ -120.001145689886144, 38.907317221515555 ], [ -120.001145135703155, 38.907316308183006 ] ], [ [ -120.001145689886144, 38.907317221515555 ], [ -120.001122099250509, 38.907280399371977 ], [ -120.001130100050332, 38.907262599930398 ], [ -120.001142199375309, 38.907207299221113 ], [ -120.001143499667847, 38.907191699554581 ], [ -120.001045600011338, 38.907041399338304 ], [ -120.001016099219655, 38.906979799477647 ], [ -120.000983899768983, 38.906895299945283 ], [ -120.000930299128555, 38.906816999624851 ], [ -120.000848500188241, 38.906738799494335 ], [ -120.000820299462248, 38.906695999392163 ], [ -120.00076259987388, 38.906615599945354 ], [ -120.000734500100251, 38.90658329955604 ], [ -120.000702299397261, 38.906555099958972 ], [ -120.000647299342745, 38.906533199606805 ], [ -120.000615099240846, 38.906484099419743 ], [ -120.000328899251443, 38.906033999984125 ], [ -120.000294600000089, 38.905979999859433 ], [ -120.000265899437721, 38.905934299430754 ], [ -119.99975820008315, 38.905124299722438 ], [ -119.999742099846955, 38.905091899626257 ], [ -119.999685700010104, 38.904880099962675 ], [ -119.999669599455501, 38.904821600246194 ], [ -119.999634800067483, 38.904772599606282 ], [ -119.999549099826424, 38.904682300234292 ], [ -119.999456400262559, 38.904605599831214 ], [ -119.999401400029882, 38.904543000428141 ], [ -119.99933839986177, 38.904463699970918 ], [ -119.999201599664644, 38.904258100228056 ], [ -119.999143899969127, 38.904180799956706 ], [ -119.999056800148352, 38.904051399961048 ], [ -119.999007100024201, 38.903972100047007 ], [ -119.998991000453458, 38.903929300026363 ], [ -119.998989699668741, 38.903871899869401 ], [ -119.99897899986675, 38.903843699803538 ], [ -119.998953499929485, 38.903831199816857 ], [ -119.998787300419977, 38.903818499759431 ] ], [ [ -120.0011491995309, 38.907322699948949 ], [ -120.001145689886144, 38.907317221515555 ] ], [ [ -120.004445146151781, 38.913119214676698 ], [ -120.003523437969733, 38.91126060658619 ], [ -120.003147733328703, 38.910617509353422 ], [ -120.001145689886144, 38.907317221515555 ] ] ] } },
{ "type": "Feature", "properties": { "OBJECTID": 1109, "CLASS": "PED", "NAME": "HWY 50 SIDEWALK", "MILES": 0.15261804, "ShapeSTLength": 245.61541718769567, "FROM_": "KAHLE DRIVE", "TO_": "KINGSBURY GRADE", "WNTR_MAINT": "NO", "MAINT_JURS": "DOUGLAS COUNTY", "YR_OF_CONS": "Before 2006", "IMPLEMENT": "DOUGLAS COUNTY", "COUNTY": "DOUGLAS COUNTY", "E_BIKE": null, "GlobalID": "{E1CA0A7C-61CE-4011-8A4D-9FB649D49797}", "created_user": "MBINDL", "created_date": "2024-01-25T04:41:45Z", "last_edited_user": "KRICHARDSON", "last_edited_date": "2024-02-09T06:21:15Z" }, "geometry": { "type": "LineString", "coordinates": [ [ -119.935971036670153, 38.967909488459242 ], [ -119.935167669587159, 38.969310940438632 ], [ -119.934998889904051, 38.969974016567171 ] ] } },
{ "type": "Feature", "properties": { "OBJECTID": 1110, "CLASS": "PED", "NAME": "AL TAHOE BLVD SIDEWALK", "MILES": 0.37977444, "ShapeSTLength": 611.18894382766894, "FROM_": "US HWY 50", "TO_": "COLLEGE DR", "WNTR_MAINT": "NO", "MAINT_JURS": "CITY OF SOUTH LAKE TAHOE", "YR_OF_CONS": "Before 2006", "IMPLEMENT": "CITY OF SOUTH LAKE TAHOE", "COUNTY": "CITY OF SOUTH LAKE TAHOE", "E_BIKE": null, "GlobalID": "{EE630F42-3CD7-4D58-822F-5341F5952CC9}", "created_user": "MBINDL", "created_date": "2024-01-25T04:41:45Z", "last_edited_user": "KRICHARDSON", "last_edited_date": "2024-02-09T06:21:15Z" }, "geometry": { "type": "LineString", "coordinates": [ [ -119.977566759885619, 38.934264556644735 ], [ -119.977451846581232, 38.934262896471708 ], [ -119.977101720091397, 38.934275182453447 ], [ -119.976961465513298, 38.934272171267637 ], [ -119.976851145716807, 38.93424978861573 ], [ -119.976712105638654, 38.934248056331271 ], [ -119.976515945103202, 38.934279842221294 ], [ -119.9761985866256, 38.934288622841571 ], [ -119.97562762145823, 38.934292338727843 ], [ -119.975062711164114, 38.934291621581444 ], [ -119.974658712102539, 38.934282690723116 ], [ -119.974478395692188, 38.934281109304294 ], [ -119.974363338556529, 38.93426078423574 ], [ -119.974205181201057, 38.934221010634978 ], [ -119.973994385011949, 38.934149339322616 ], [ -119.973757695571365, 38.93403401748661 ], [ -119.973569511895505, 38.933913142381748 ], [ -119.973399246545043, 38.933781956576141 ], [ -119.972880188346195, 38.933187562837482 ], [ -119.97233569517617, 38.932570057541788 ], [ -119.971994878167848, 38.932205381714539 ], [ -119.971901899371787, 38.932055099999502 ] ] } },
{ "type": "Feature", "properties": { "OBJECTID": 1112, "CLASS": "PED", "NAME": "KINGSBURY GRADE", "MILES": 0.19755593, "ShapeSTLength": 317.93609160274031, "FROM_": "US HWY 50", "TO_": "DAGGETT WAY", "WNTR_MAINT": "NO", "MAINT_JURS": "DOUGLAS COUNTY", "YR_OF_CONS": "Before 2006", "IMPLEMENT": "DOUGLAS COUNTY", "COUNTY": "DOUGLAS COUNTY", "E_BIKE": null, "GlobalID": "{261CFA80-E10D-459A-AC10-8759DDAB2C9E}", "created_user": "MBINDL", "created_date": "2024-01-25T04:41:45Z", "last_edited_user": "KRICHARDSON", "last_edited_date": "2024-02-09T06:21:15Z" }, "geometry": { "type": "LineString", "coordinates": [ [ -119.936230916549547, 38.967447791143471 ], [ -119.934657892154917, 38.968106514754389 ], [ -119.933775599645969, 38.968313100251031 ], [ -119.932815099388748, 38.968299500636448 ] ] } },
{ "type": "Feature", "properties": { "OBJECTID": 1113, "CLASS": "PED", "NAME": "STATE ROUTE 28", "MILES": 0.16345921, "ShapeSTLength": 263.06262366286563, "FROM_": "STATELINE ROAD", "TO_": "RESERVOIR RD", "WNTR_MAINT": "NO", "MAINT_JURS": "WASHOE COUNTY", "YR_OF_CONS": "Before 2006", "IMPLEMENT": "WASHOE COUNTY", "COUNTY": "WASHOE COUNTY", "E_BIKE": null, "GlobalID": "{178FD7C5-B85A-4676-B60A-06680A400DC8}", "created_user": "MBINDL", "created_date": "2024-01-25T04:41:45Z", "last_edited_user": "KRICHARDSON", "last_edited_date": "2024-02-09T06:21:15Z" }, "geometry": { "type": "LineString", "coordinates": [ [ -120.005509937691329, 39.227612668796361 ], [ -120.00500413375795, 39.227846058652155 ], [ -120.004478152032789, 39.228100353648607 ], [ -120.004109550891101, 39.228281561375901 ], [ -120.003931438303653, 39.228437140357293 ], [ -120.003737284369222, 39.22871068694004 ], [ -120.003647022019038, 39.229032836178831 ], [ -120.003639326609942, 39.229272523948545 ] ] } },
{ "type": "Feature", "properties": { "OBJECTID": 1114, "CLASS": "PED", "NAME": "LAKE TAHOE BLVD", "MILES": 0.56788055, "ShapeSTLength": 913.91698288612179, "FROM_": "SOUTH TAHOE \"Y\"", "TO_": "VIKING WAY", "WNTR_MAINT": "NO", "MAINT_JURS": "CITY OF SOUTH LAKE TAHOE", "YR_OF_CONS": "Before 2006", "IMPLEMENT": "CITY OF SOUTH LAKE TAHOE", "COUNTY": "CITY OF SOUTH LAKE TAHOE", "E_BIKE": null, "GlobalID": "{9D0B9471-31EC-4F8E-8042-8DEBC7959DB4}", "created_user": "MBINDL", "created_date": "2024-01-25T04:41:45Z", "last_edited_user": "KRICHARDSON", "last_edited_date": "2024-02-09T06:21:15Z" }, "geometry": { "type": "LineString", "coordinates": [ [ -120.004963769618811, 38.913494433163535 ], [ -120.005262164082069, 38.91336047242622 ], [ -120.005606681106443, 38.91322635621907 ], [ -120.00600728249178, 38.913037835240374 ], [ -120.00639732199464, 38.912885370972539 ], [ -120.00662456942915, 38.912795332267194 ], [ -120.00668726940799, 38.912790192733674 ], [ -120.006855261550641, 38.912715474144342 ], [ -120.006914407149978, 38.912660478251745 ], [ -120.007266644666245, 38.912460547097751 ], [ -120.00786780854412, 38.912095899363472 ], [ -120.008028159615804, 38.912027715363749 ], [ -120.008208323384522, 38.911948015158202 ], [ -120.008228706523127, 38.911900098116071 ], [ -120.008964442001627, 38.911467370918182 ], [ -120.009429042852901, 38.911194488241257 ], [ -120.009653879957085, 38.911056548117124 ], [ -120.009851991513756, 38.910917923356941 ], [ -120.010033235334021, 38.910782784745571 ], [ -120.010180378233969, 38.91062525587261 ], [ -120.010295149572102, 38.910573125363527 ], [ -120.010441472794341, 38.910448277383466 ], [ -120.01045811731791, 38.910362971820916 ], [ -120.010539921963272, 38.910281376727575 ], [ -120.010756282232549, 38.910044013099636 ], [ -120.011803315967896, 38.908634790932197 ], [ -120.012328502146943, 38.907932864674898 ] ] } },
{ "type": "Feature", "properties": { "OBJECTID": 1115, "CLASS": "PED", "NAME": "HWY 50 SIDEWALK (EAST SIDE)", "MILES": 0.12444048, "ShapeSTLength": 200.26793645296294, "FROM_": "PIONEER TRAIL", "TO_": "HEAVENLY VILLAGE WAY", "WNTR_MAINT": "NO", "MAINT_JURS": "CITY OF SOUTH LAKE TAHOE", "YR_OF_CONS": "Before 2006", "IMPLEMENT": "CITY OF SOUTH LAKE TAHOE", "COUNTY": "CITY OF SOUTH LAKE TAHOE", "E_BIKE": null, "GlobalID": "{EE789217-0936-4F7F-B4C5-19EC61950501}", "created_user": "MBINDL", "created_date": "2024-01-25T04:41:45Z", "last_edited_user": "KRICHARDSON", "last_edited_date": "2024-02-09T06:21:15Z" }, "geometry": { "type": "LineString", "coordinates": [ [ -119.944555048013441, 38.95518986178746 ], [ -119.944942282755122, 38.954726299936759 ], [ -119.945162014665229, 38.95449412926429 ], [ -119.945277302986199, 38.954346716550653 ], [ -119.945439484766993, 38.954206992295433 ], [ -119.945527718343612, 38.954069204491383 ], [ -119.94561910560391, 38.954023156660845 ], [ -119.945725335897265, 38.95398650446797 ], [ -119.945831993978985, 38.953900360452295 ], [ -119.945965723487987, 38.953792351317375 ] ] } },
{ "type": "Feature", "properties": { "OBJECTID": 1116, "CLASS": "PED", "NAME": "HWY 50 SIDEWALK (WEST SIDE)", "MILES": 0.12285789, "ShapeSTLength": 197.72100907166705, "FROM_": "HEAVENLY VILLAGE WAY", "TO_": "PIONEER TRAIL", "WNTR_MAINT": "NO", "MAINT_JURS": "CITY OF SOUTH LAKE TAHOE", "YR_OF_CONS": "Before 2006", "IMPLEMENT": "CITY OF SOUTH LAKE TAHOE", "COUNTY": "CITY OF SOUTH LAKE TAHOE", "E_BIKE": null, "GlobalID": "{EC49BED1-001C-4BD3-A3A6-6D7D19313425}", "created_user": "MBINDL", "created_date": "2024-01-25T04:41:45Z", "last_edited_user": "KRICHARDSON", "last_edited_date": "2024-02-09T06:21:15Z" }, "geometry": { "type": "LineString", "coordinates": [ [ -119.944950503199721, 38.955357403147666 ], [ -119.94556718888812, 38.954599592691132 ], [ -119.945991635927143, 38.954196084744765 ], [ -119.946388909468197, 38.954012997981984 ] ] } },
{ "type": "Feature", "properties": { "OBJECTID": 1117, "CLASS": "PED", "NAME": "HWY 50 SIDEWALK (EAST SIDE)", "MILES": 0.26975276, "ShapeSTLength": 434.12586063931428, "FROM_": "WILDWOOD AVE", "TO_": "MIDWAY RD", "WNTR_MAINT": "NO", "MAINT_JURS": "CITY OF SOUTH LAKE TAHOE", "YR_OF_CONS": "Before 2006", "IMPLEMENT": "CITY OF SOUTH LAKE TAHOE", "COUNTY": "CITY OF SOUTH LAKE TAHOE", "E_BIKE": null, "GlobalID": "{8591F487-57BC-4793-8AFE-BEFAF47CA798}", "created_user": "MBINDL", "created_date": "2024-01-25T04:41:45Z", "last_edited_user": "KRICHARDSON", "last_edited_date": "2024-02-09T06:21:15Z" }, "geometry": { "type": "LineString", "coordinates": [ [ -119.948954424466777, 38.952303950613846 ], [ -119.953296128100888, 38.95035854107654 ] ] } },
{ "type": "Feature", "properties": { "OBJECTID": 1118, "CLASS": "PED", "NAME": "HWY 50 SIDEWALK (EAST SIDE)", "MILES": 0.21828184, "ShapeSTLength": 351.29126771314884, "FROM_": "SKI RUN BLVD", "TO_": "WILDWOOD AVE", "WNTR_MAINT": "NO", "MAINT_JURS": "CITY OF SOUTH LAKE TAHOE", "YR_OF_CONS": "Before 2006", "IMPLEMENT": "CITY OF SOUTH LAKE TAHOE", "COUNTY": "CITY OF SOUTH LAKE TAHOE", "E_BIKE": null, "GlobalID": "{DA163BA5-9AC2-42F5-8B83-5785AF9428AF}", "created_user": "MBINDL", "created_date": "2024-01-25T04:41:45Z", "last_edited_user": "KRICHARDSON", "last_edited_date": "2024-02-09T06:21:15Z" }, "geometry": { "type": "LineString", "coordinates": [ [ -119.953604225278937, 38.950212547390635 ], [ -119.957138340699672, 38.948667160303295 ] ] } },
{ "type": "Feature", "properties": { "OBJECTID": 1119, "CLASS": "2", "NAME": "15TH STREET", "MILES": 0.33924115, "ShapeSTLength": 545.95680185557251, "FROM_": "VENICE DRIVE", "TO_": "ELOISE AVE", "WNTR_MAINT": "N/A", "MAINT_JURS": "CITY OF SOUTH LAKE TAHOE", "YR_OF_CONS": "2008", "IMPLEMENT": "CITY OF SOUTH LAKE TAHOE", "COUNTY": "CITY OF SOUTH LAKE TAHOE", "E_BIKE": null, "GlobalID": "{80DC8DEA-E2ED-4C42-9C2B-2870EEA313A0}", "created_user": "MBINDL", "created_date": "2024-01-25T04:41:45Z", "last_edited_user": "KRICHARDSON", "last_edited_date": "2024-02-09T06:21:15Z" }, "geometry": { "type": "LineString", "coordinates": [ [ -120.020205842056214, 38.927954376227795 ], [ -120.02056948545389, 38.926963243345284 ], [ -120.02054342912291, 38.923078494109681 ] ] } },
{ "type": "Feature", "properties": { "OBJECTID": 1120, "CLASS": "2", "NAME": "PIONEER TRAIL", "MILES": 0.2131649, "ShapeSTLength": 343.05634370555794, "FROM_": "US HWY 50 (SOUTH LAKE TAHOE)", "TO_": "GLEN RD", "WNTR_MAINT": "N/A", "MAINT_JURS": "CITY OF SOUTH LAKE TAHOE", "YR_OF_CONS": "2007", "IMPLEMENT": "CITY OF SOUTH LAKE TAHOE", "COUNTY": "CITY OF SOUTH LAKE TAHOE", "E_BIKE": null, "GlobalID": "{90BB99FF-20FD-4DFD-B6DC-D5EF066B590F}", "created_user": "MBINDL", "created_date": "2024-01-25T04:41:45Z", "last_edited_user": "KRICHARDSON", "last_edited_date": "2024-02-09T06:21:15Z" }, "geometry": { "type": "LineString", "coordinates": [ [ -119.946052710581796, 38.953632271686907 ], [ -119.946887539763537, 38.952531454313252 ], [ -119.94755486032011, 38.951303853065262 ], [ -119.947701642914765, 38.95084205486252 ] ] } },
{ "type": "Feature", "properties": { "OBJECTID": 1121, "CLASS": "2", "NAME": "SIERRA BLVD", "MILES": 0.62622681, "ShapeSTLength": 1007.816370564295, "FROM_": "PALMIRA AVE", "TO_": "FOUNTAIN AVE", "WNTR_MAINT": "N/A", "MAINT_JURS": "CITY OF SOUTH LAKE TAHOE", "YR_OF_CONS": "Before 2006", "IMPLEMENT": "CITY OF SOUTH LAKE TAHOE", "COUNTY": "CITY OF SOUTH LAKE TAHOE", "E_BIKE": null, "GlobalID": "{82841AE5-C9A2-400B-B467-9EB41DF211A7}", "created_user": "MBINDL", "created_date": "2024-01-25T04:41:45Z", "last_edited_user": "KRICHARDSON", "last_edited_date": "2024-02-09T06:21:15Z" }, "geometry": { "type": "LineString", "coordinates": [ [ -119.978725268392665, 38.918455866456206 ], [ -119.986200304876576, 38.925401699371861 ] ] } },
{ "type": "Feature", "properties": { "OBJECTID": 1122, "CLASS": "2", "NAME": "LAKE TAHOE BLVD", "MILES": 0.63390711, "ShapeSTLength": 1020.1766512694641, "FROM_": "GLORENE AVE", "TO_": "TATA LN", "WNTR_MAINT": "N/A", "MAINT_JURS": "CITY OF SOUTH LAKE TAHOE", "YR_OF_CONS": "Before 2006", "IMPLEMENT": "CITY OF SOUTH LAKE TAHOE", "COUNTY": "CITY OF SOUTH LAKE TAHOE", "E_BIKE": null, "GlobalID": "{9A3765F2-9D1A-4487-8B6E-2D965E830F14}", "created_user": "MBINDL", "created_date": "2024-01-25T04:41:45Z", "last_edited_user": "KRICHARDSON", "last_edited_date": "2024-02-09T06:21:15Z" }, "geometry": { "type": "LineString", "coordinates": [ [ -120.004638414479714, 38.913428118260988 ], [ -120.005210431881949, 38.913252309821566 ], [ -120.006431125262225, 38.912750405398839 ], [ -120.006749812647655, 38.912646730477192 ], [ -120.007316788419928, 38.912368248505366 ], [ -120.009588761623036, 38.910996064235476 ], [ -120.010287917441389, 38.910413903470157 ], [ -120.010591409936666, 38.910114017509912 ], [ -120.011177186906835, 38.909317231167989 ], [ -120.011490780417688, 38.908900335529687 ], [ -120.01279008410512, 38.907167676328228 ] ] } },
{ "type": "Feature", "properties": { "OBJECTID": 1123, "CLASS": "2", "NAME": "TAHOE KEYS BLVD", "MILES": 0.80052862, "ShapeSTLength": 1288.3285017793221, "FROM_": "ELOISE AVE", "TO_": "VENICE DR", "WNTR_MAINT": "N/A", "MAINT_JURS": "CITY OF SOUTH LAKE TAHOE", "YR_OF_CONS": "Before 2006", "IMPLEMENT": "CITY OF SOUTH LAKE TAHOE", "COUNTY": "CITY OF SOUTH LAKE TAHOE", "E_BIKE": null, "GlobalID": "{7AAC6272-953E-488D-9C7A-DFF61531F470}", "created_user": "MBINDL", "created_date": "2024-01-25T04:41:45Z", "last_edited_user": "KRICHARDSON", "last_edited_date": "2024-02-09T06:21:15Z" }, "geometry": { "type": "LineString", "coordinates": [ [ -120.004656134728066, 38.929742945121589 ], [ -120.00369563958354, 38.927970501924179 ], [ -120.002134722798203, 38.92438530213321 ], [ -119.997317767282723, 38.919855887250172 ] ] } },
{ "type": "Feature", "properties": { "OBJECTID": 1124, "CLASS": "3", "NAME": "VENICE DRIVE", "MILES": 0.40953355, "ShapeSTLength": 659.08167956539376, "FROM_": "MARINA", "TO_": "TAHOE KEYS BLVD", "WNTR_MAINT": "N/A", "MAINT_JURS": "CITY OF SOUTH LAKE TAHOE", "YR_OF_CONS": "Before 2006", "IMPLEMENT": "CITY OF SOUTH LAKE TAHOE", "COUNTY": "CITY OF SOUTH LAKE TAHOE", "E_BIKE": null, "GlobalID": "{C283EF74-591F-46B7-ADCF-622CE8C6543A}", "created_user": "MBINDL", "created_date": "2024-01-25T04:41:45Z", "last_edited_user": "KRICHARDSON", "last_edited_date": "2024-02-09T06:21:15Z" }, "geometry": { "type": "LineString", "coordinates": [ [ -120.004656134728066, 38.929742945121589 ], [ -120.003716834700924, 38.930205301072839 ], [ -120.003015637254748, 38.930953049469331 ], [ -120.000777353875492, 38.932336945929976 ], [ -120.000548941631351, 38.932813056543687 ], [ -120.000543634832781, 38.933434546338617 ], [ -120.000883941166222, 38.93416853317526 ] ] } },
{ "type": "Feature", "properties": { "OBJECTID": 1125, "CLASS": "3", "NAME": "ELOISE AVE", "MILES": 1.70238256, "ShapeSTLength": 2739.7246371041119, "FROM_": "SOUTH LAKE TAHOE BIKE PATH NEAR TAHOE KEYS", "TO_": "15TH STREET", "WNTR_MAINT": "N/A", "MAINT_JURS": "CITY OF SOUTH LAKE TAHOE", "YR_OF_CONS": "Before 2006", "IMPLEMENT": "CITY OF SOUTH LAKE TAHOE", "COUNTY": "CITY OF SOUTH LAKE TAHOE", "E_BIKE": null, "GlobalID": "{125F5A5E-70F5-4F2A-81F7-7B92BA325EDD}", "created_user": "MBINDL", "created_date": "2024-01-25T04:41:45Z", "last_edited_user": "KRICHARDSON", "last_edited_date": "2024-02-09T06:21:15Z" }, "geometry": { "type": "LineString", "coordinates": [ [ -120.020603917543767, 38.923011831168111 ], [ -120.014371445386573, 38.921717263551187 ], [ -120.013197817371875, 38.921326841653666 ], [ -120.012433123602122, 38.920879318490641 ], [ -120.01028234026839, 38.919198047313607 ], [ -120.006719157418416, 38.917273277392333 ], [ -120.005103241554394, 38.916177717063604 ], [ -120.00394514917123, 38.915832650355881 ], [ -120.003950603935621, 38.915463415205608 ], [ -119.995051146453719, 38.921362068612808 ] ] } },
{ "type": "Feature", "properties": { "OBJECTID": 1126, "CLASS": "3", "NAME": "BLACKWOOD ROAD", "MILES": 0.67063937, "ShapeSTLength": 1079.2915969361768, "FROM_": "PIONEER TRAIL", "TO_": "FAWN WAY", "WNTR_MAINT": "N/A", "MAINT_JURS": "CITY OF SOUTH LAKE TAHOE", "YR_OF_CONS": "Before 2006", "IMPLEMENT": "CITY OF SOUTH LAKE TAHOE", "COUNTY": "CITY OF SOUTH LAKE TAHOE", "E_BIKE": null, "GlobalID": "{0A418A6E-BE9E-45F6-8D6B-5EA396A8D8ED}", "created_user": "MBINDL", "created_date": "2024-01-25T04:41:45Z", "last_edited_user": "KRICHARDSON", "last_edited_date": "2024-02-09T06:21:15Z" }, "geometry": { "type": "LineString", "coordinates": [ [ -119.953906845311778, 38.938378290761001 ], [ -119.95911158528385, 38.943090769639028 ], [ -119.963586063453107, 38.943072286948251 ] ] } },
{ "type": "Feature", "properties": { "OBJECTID": 1127, "CLASS": "3", "NAME": "TAMARACK AVE", "MILES": 0.48368723, "ShapeSTLength": 778.42069641642991, "FROM_": "PIONEER TRAIL", "TO_": "BLACKWOOD ROAD", "WNTR_MAINT": "N/A", "MAINT_JURS": "CITY OF SOUTH LAKE TAHOE", "YR_OF_CONS": "Before 2006", "IMPLEMENT": "CITY OF SOUTH LAKE TAHOE", "COUNTY": "CITY OF SOUTH LAKE TAHOE", "E_BIKE": null, "GlobalID": "{7AC65B96-7CC5-48FD-9317-9BAC3FDF293A}", "created_user": "MBINDL", "created_date": "2024-01-25T04:41:45Z", "last_edited_user": "KRICHARDSON", "last_edited_date": "2024-02-09T06:21:15Z" }, "geometry": { "type": "LineString", "coordinates": [ [ -119.950041746394504, 38.945407835819367 ], [ -119.957831182374548, 38.941926725038179 ] ] } },
{ "type": "Feature", "properties": { "OBJECTID": 1128, "CLASS": "PED", "NAME": "STATE ROUTE 28 SIDEWALK", "MILES": 0.56656288, "ShapeSTLength": 911.79640253809066, "FROM_": "SOUTHWOOD BLVD", "TO_": "COUNTRY CLUB DR", "WNTR_MAINT": "N/A", "MAINT_JURS": "WASHOE COUNTY", "YR_OF_CONS": "2006", "IMPLEMENT": "WASHOE COUNTY", "COUNTY": "WASHOE COUNTY", "E_BIKE": null, "GlobalID": "{07C5E26B-0C0B-442A-ABD1-D661EB84AF1E}", "created_user": "MBINDL", "created_date": "2024-01-25T04:41:45Z", "last_edited_user": "KRICHARDSON", "last_edited_date": "2024-02-09T06:21:15Z" }, "geometry": { "type": "LineString", "coordinates": [ [ -119.946296328790908, 39.249048966832383 ], [ -119.946190694554332, 39.249063353705886 ], [ -119.945402310239984, 39.248907175474208 ], [ -119.944561074157221, 39.248724796799323 ], [ -119.943774519772745, 39.248526673845937 ], [ -119.943438081325993, 39.248418608249082 ], [ -119.943321226484244, 39.248283871037565 ], [ -119.943105909912049, 39.248180857289974 ], [ -119.942886686049846, 39.248117888187956 ], [ -119.942642243934074, 39.248038952607793 ], [ -119.942274474136667, 39.247861364260245 ], [ -119.942060574988147, 39.247813762226123 ], [ -119.941819961028244, 39.247759731944043 ], [ -119.941624465160444, 39.247628717666032 ], [ -119.941568251335738, 39.247543210774936 ], [ -119.941436010744781, 39.247514087941134 ], [ -119.94138939090611, 39.247466454884446 ], [ -119.941351986311645, 39.247411840217744 ], [ -119.941240954631766, 39.247412480764957 ], [ -119.941125092622926, 39.24736791174449 ], [ -119.940834541218962, 39.247186852807829 ], [ -119.940275565490239, 39.246797534577532 ], [ -119.939790801513496, 39.246539816892437 ], [ -119.939212427079752, 39.246195540689669 ], [ -119.939061364189996, 39.246057634768867 ], [ -119.938639596043842, 39.245824267943583 ], [ -119.938185474421559, 39.245524370858099 ], [ -119.937511167730932, 39.245107135374141 ], [ -119.937479631745916, 39.244997748030073 ] ] } },
{ "type": "Feature", "properties": { "OBJECTID": 1129, "CLASS": "2", "NAME": "STATE ROUTE 28 BIKE LANE", "MILES": 7.27998123, "ShapeSTLength": 11716.017537643223, "FROM_": "DOLLAR DRIVE", "TO_": "CHIPMUNK ST KINGS BEACH", "WNTR_MAINT": "N/A", "MAINT_JURS": "PLACER COUNTY", "YR_OF_CONS": "2009", "IMPLEMENT": "CALTRANS", "COUNTY": "PLACER COUNTY", "E_BIKE": null, "GlobalID": "{71926B63-6E9E-4063-B218-885E112EE2AC}", "created_user": "MBINDL", "created_date": "2024-01-25T04:41:45Z", "last_edited_user": "KRICHARDSON", "last_edited_date": "2024-02-09T06:21:15Z" }, "geometry": { "type": "LineString", "coordinates": [ [ -120.016023816421736, 39.233355626641348 ], [ -120.017220317024368, 39.234259309291254 ], [ -120.020095186424172, 39.235293270298726 ], [ -120.022981211336116, 39.236065542140963 ], [ -120.026456433209503, 39.237507559196892 ], [ -120.029646905551516, 39.237719989585258 ], [ -120.035199533437861, 39.238396927643755 ], [ -120.03717313697878, 39.239494039321336 ], [ -120.038130244667187, 39.239689770356321 ], [ -120.038841095120702, 39.239590136684264 ], [ -120.043519798565796, 39.238269751762722 ], [ -120.044157973992242, 39.238239550742342 ], [ -120.044807861743365, 39.23842974733347 ], [ -120.045814148234967, 39.239205180930007 ], [ -120.04664058114875, 39.23953038047469 ], [ -120.048187792321428, 39.239579957968658 ], [ -120.056656296338232, 39.240808243464492 ], [ -120.057448814466952, 39.240751392660009 ], [ -120.058126277486892, 39.240458835153483 ], [ -120.060498592772618, 39.238554236680713 ], [ -120.061722133932136, 39.237792366343363 ], [ -120.062779272497139, 39.23729160520206 ], [ -120.06373433026711, 39.236978197868027 ], [ -120.064991031916918, 39.236737915382768 ], [ -120.068809638269443, 39.236574238581518 ], [ -120.069456213181027, 39.236368010268173 ], [ -120.069972147329992, 39.236030097566811 ], [ -120.070385790844284, 39.235496692552594 ], [ -120.070530743827618, 39.234907315028714 ], [ -120.070367584675978, 39.23274056588383 ], [ -120.069995051630315, 39.230669423604446 ], [ -120.070095176020061, 39.229977630046207 ], [ -120.071125668136659, 39.228306390049589 ], [ -120.072867594496842, 39.227237951732441 ], [ -120.073745392318017, 39.226440041868052 ], [ -120.074347751409448, 39.226234953961246 ], [ -120.075159812151284, 39.226236026420551 ], [ -120.077535772911489, 39.2268443662308 ], [ -120.08134450021727, 39.226811167811384 ], [ -120.082616089064743, 39.226408150394576 ], [ -120.086118031720432, 39.224387282141443 ], [ -120.086383028171454, 39.224215243131837 ], [ -120.086723027097136, 39.223885243020035 ], [ -120.086853026738879, 39.223555243331489 ], [ -120.08687163966276, 39.222724282303012 ], [ -120.086864330105087, 39.220034187877516 ], [ -120.086873027398397, 39.219305241900294 ], [ -120.086963028169009, 39.218885243197313 ], [ -120.087362576392877, 39.218060109550969 ], [ -120.087477778635545, 39.217813366775196 ], [ -120.087961365306583, 39.216151351235439 ], [ -120.088206456492429, 39.215151452548 ], [ -120.088474958245655, 39.213343169196911 ], [ -120.088613950491848, 39.212672879237225 ], [ -120.088663028930185, 39.21246524255448 ], [ -120.089393026559591, 39.21115524210439 ], [ -120.089453027439959, 39.210995242130949 ], [ -120.089562304703918, 39.210319733931364 ], [ -120.089633640974782, 39.20968237546407 ], [ -120.089821532934749, 39.209261886173337 ], [ -120.090183026921025, 39.208955241382611 ], [ -120.09050757318181, 39.208809433533979 ], [ -120.091127035032187, 39.208668575359447 ], [ -120.091943026634326, 39.208545241477289 ], [ -120.092323027784374, 39.208395241123071 ], [ -120.092781859886102, 39.20811290874672 ], [ -120.093823027158408, 39.207325242642519 ], [ -120.094179181466387, 39.207072321822565 ], [ -120.094513026818206, 39.206835241540894 ], [ -120.094823025113527, 39.206355240390003 ], [ -120.095103028027253, 39.205665242254263 ], [ -120.095257243219521, 39.204925305244394 ], [ -120.09536302567885, 39.204355241656891 ], [ -120.095462689447061, 39.204096916970506 ], [ -120.095763028621178, 39.203655239911981 ], [ -120.095953027938137, 39.203215241622942 ], [ -120.096095281643144, 39.202788478426783 ], [ -120.096224486866575, 39.202315098336115 ], [ -120.096293028047185, 39.201995239989799 ], [ -120.096313026989407, 39.201271309950258 ], [ -120.096313028591922, 39.200689226549365 ], [ -120.096313027767522, 39.200065239986728 ], [ -120.09633302799395, 39.199525239489375 ], [ -120.096433026819582, 39.19906524068373 ], [ -120.096759698662282, 39.198697357956561 ], [ -120.097023028436524, 39.198515240522546 ], [ -120.097463026674546, 39.19835524051544 ], [ -120.098103026493021, 39.198285239791907 ], [ -120.098252008355786, 39.198269360517706 ], [ -120.098563026785328, 39.198185241170265 ], [ -120.098894904347503, 39.198005400829295 ], [ -120.099123027291597, 39.197795238963465 ], [ -120.099203027457307, 39.197645240312561 ], [ -120.099260191066747, 39.1974356403108 ], [ -120.099304431639496, 39.196850247091163 ], [ -120.099309162540138, 39.196429016946489 ], [ -120.09933302725959, 39.195885240629792 ], [ -120.099403026839468, 39.195705238623923 ], [ -120.099513025536567, 39.195505240182186 ], [ -120.099723027676731, 39.195275241414997 ], [ -120.099963026299264, 39.195075239888503 ], [ -120.100263026900521, 39.194885239374671 ], [ -120.100653025448153, 39.194715239324417 ], [ -120.101403025850075, 39.194445238251419 ], [ -120.102403025931636, 39.194125239854024 ], [ -120.103040972820025, 39.193871035599734 ], [ -120.103391058662439, 39.193688554942064 ], [ -120.103963028330114, 39.19330523950876 ], [ -120.10418302855139, 39.193115240147179 ], [ -120.104469839290331, 39.192782739176984 ], [ -120.104793028322433, 39.192375239195265 ] ] } },
{ "type": "Feature", "properties": { "OBJECTID": 1130, "CLASS": "2", "NAME": "LAKE TAHOE BLVD", "MILES": 1.08159966, "ShapeSTLength": 1740.6694097776299, "FROM_": "MT RAINIER DR", "TO_": "SAWMILL RD", "WNTR_MAINT": "N/A", "MAINT_JURS": "EL DORADO COUNTY", "YR_OF_CONS": "2015", "IMPLEMENT": "EL DORADO COUNTY", "COUNTY": "EL DORADO COUNTY", "E_BIKE": " ", "GlobalID": "{B1B90BDF-2DFE-4334-B55D-D3BE1F063C2C}", "created_user": "MBINDL", "created_date": "2024-01-25T04:41:45Z", "last_edited_user": "KRICHARDSON", "last_edited_date": "2024-02-09T06:21:15Z" }, "geometry": { "type": "LineString", "coordinates": [ [ -120.038712602954632, 38.880329030225674 ], [ -120.040764103333274, 38.88126283091556 ], [ -120.040966783020536, 38.88170884782302 ], [ -120.040829543675272, 38.882070732192211 ], [ -120.038084857826306, 38.884920507020702 ], [ -120.037493400427181, 38.885405494706013 ], [ -120.03651985337558, 38.885844730645026 ], [ -120.03169071550667, 38.887054019216485 ], [ -120.02880944245797, 38.887043240141459 ], [ -120.027751679645021, 38.887454233624723 ], [ -120.027483115763957, 38.888135577923038 ] ] } },
{ "type": "Feature", "properties": { "OBJECTID": 1131, "CLASS": "PED", "NAME": "BLACKWOOD ROAD", "MILES": 0.05113494, "ShapeSTLength": 82.293877545000953, "FROM_": "GLENWOOD WAY", "TO_": "HERBERT AVE", "WNTR_MAINT": "NO", "MAINT_JURS": "CITY OF SOUTH LAKE TAHOE", "YR_OF_CONS": "Before 2006", "IMPLEMENT": "CITY OF SOUTH LAKE TAHOE", "COUNTY": "CITY OF SOUTH LAKE TAHOE", "E_BIKE": null, "GlobalID": "{DAC0F183-8604-496E-A2D5-3166CB9FDE2B}", "created_user": "MBINDL", "created_date": "2024-01-25T04:41:45Z", "last_edited_user": "KRICHARDSON", "last_edited_date": "2024-02-09T06:21:15Z" }, "geometry": { "type": "LineString", "coordinates": [ [ -119.961609161934646, 38.943035281015639 ], [ -119.960660368499205, 38.94303639358975 ] ] } },
{ "type": "Feature", "properties": { "OBJECTID": 1132, "CLASS": "PED", "NAME": "US HWY 50 (WEST)", "MILES": 0.32164933, "ShapeSTLength": 517.64545443481836, "FROM_": "STATE ROUTE 207/KINGSBURY GRADE", "TO_": "LAKE PARKWAY", "WNTR_MAINT": "NO", "MAINT_JURS": "DOUGLAS COUNTY", "YR_OF_CONS": "Before 2006", "IMPLEMENT": "DOUGLAS COUNTY", "COUNTY": "DOUGLAS COUNTY", "E_BIKE": null, "GlobalID": "{ECF79865-977C-42E1-91F6-EF3A07063BCC}", "created_user": "MBINDL", "created_date": "2024-01-25T04:41:45Z", "last_edited_user": "KRICHARDSON", "last_edited_date": "2024-02-09T06:21:15Z" }, "geometry": { "type": "LineString", "coordinates": [ [ -119.938925371330512, 38.964023359695219 ], [ -119.936215375051958, 38.968176174952056 ] ] } },
{ "type": "Feature", "properties": { "OBJECTID": 1133, "CLASS": "PED", "NAME": "STATE ROUTE 28 SIDEWALK", "MILES": 0.2048754, "ShapeSTLength": 329.71565892885212, "FROM_": "STATELINE RD", "TO_": "CALNEVA DR EAST", "WNTR_MAINT": "NO", "MAINT_JURS": "WASHOE COUNTY", "YR_OF_CONS": "Before 2006", "IMPLEMENT": "WASHOE COUNTY", "COUNTY": "WASHOE COUNTY", "E_BIKE": null, "GlobalID": "{EA689941-87DF-4C4A-95B0-58599AA01DB5}", "created_user": "MBINDL", "created_date": "2024-01-25T04:41:45Z", "last_edited_user": "KRICHARDSON", "last_edited_date": "2024-02-09T06:21:15Z" }, "geometry": { "type": "LineString", "coordinates": [ [ -120.005630846331798, 39.226518738523779 ], [ -120.005624284812839, 39.226932102181053 ], [ -120.005362873813681, 39.227464001603536 ], [ -120.005165040459971, 39.227516078922669 ], [ -120.00500666328449, 39.227596369814862 ], [ -120.004911648252175, 39.227680702739974 ], [ -120.004413911192458, 39.22790653045309 ], [ -120.004093619320244, 39.228073313999481 ], [ -120.003751208178457, 39.228415894963163 ], [ -120.003530059032059, 39.228757310876993 ] ] } },
{ "type": "Feature", "properties": { "OBJECTID": 1134, "CLASS": "PED", "NAME": "US HWY 50 SIDEWALK", "MILES": 0.59707311, "ShapeSTLength": 960.89794259733378, "FROM_": "SOUTH TAHOE \"Y\"", "TO_": "E STREET", "WNTR_MAINT": "NO", "MAINT_JURS": "CITY OF SOUTH LAKE TAHOE", "YR_OF_CONS": "Before 2006", "IMPLEMENT": "CITY OF SOUTH LAKE TAHOE", "COUNTY": "CITY OF SOUTH LAKE TAHOE", "E_BIKE": null, "GlobalID": "{5F503DD3-CE2C-4EBC-A0EF-D72529F06C01}", "created_user": "MBINDL", "created_date": "2024-01-25T04:41:45Z", "last_edited_user": "KRICHARDSON", "last_edited_date": "2024-02-09T06:21:15Z" }, "geometry": { "type": "LineString", "coordinates": [ [ -120.00398600491431, 38.913326543424795 ], [ -120.004054028008994, 38.91321914092282 ], [ -120.004094040339936, 38.913044394747658 ], [ -120.003945122771214, 38.912530258766886 ], [ -120.003775248206622, 38.912126151049627 ], [ -120.003629751256597, 38.911875763351496 ], [ -120.003353748685058, 38.911173813486585 ], [ -120.002784467801732, 38.910264962169265 ], [ -120.002040972991566, 38.909077946709182 ], [ -120.00140044627571, 38.908055281079442 ], [ -120.00103052717634, 38.907464644094794 ], [ -120.000555749202476, 38.906706572627712 ], [ -120.000056651105879, 38.906043303011316 ], [ -119.999574908052054, 38.90551351082307 ] ] } },
{ "type": "Feature", "properties": { "OBJECTID": 1135, "CLASS": "PED", "NAME": "LAKE PARKWAY (WEST)", "MILES": 0.27183865, "ShapeSTLength": 437.48277420375246, "FROM_": "US HWY 50", "TO_": "EDGEWOOD ENTRANCE", "WNTR_MAINT": "NO", "MAINT_JURS": "DOUGLAS COUNTY", "YR_OF_CONS": "Before 2006", "IMPLEMENT": "DOUGLAS COUNTY", "COUNTY": "DOUGLAS COUNTY", "E_BIKE": null, "GlobalID": "{7DC01BBA-CA64-480D-9D30-B8DD0C8B7D03}", "created_user": "MBINDL", "created_date": "2024-01-25T04:41:45Z", "last_edited_user": "KRICHARDSON", "last_edited_date": "2024-02-09T06:21:15Z" }, "geometry": { "type": "LineString", "coordinates": [ [ -119.939360068219273, 38.964039123437914 ], [ -119.940196792067226, 38.964356498722942 ], [ -119.940506793519035, 38.964446498434747 ], [ -119.94103314773453, 38.964558672256366 ], [ -119.941347794884891, 38.964596411435096 ], [ -119.941581729310798, 38.964616579982952 ], [ -119.941830504839857, 38.964624110744793 ], [ -119.94225679612012, 38.96461649808623 ], [ -119.942700647068435, 38.964555042534961 ], [ -119.943256797219917, 38.964446497794903 ], [ -119.943532091831614, 38.964354732515936 ], [ -119.943871727939822, 38.964225487714707 ], [ -119.944146800409996, 38.964116496788989 ] ] } },
{ "type": "Feature", "properties": { "OBJECTID": 1136, "CLASS": "2", "NAME": "STATE ROUTE 28 BIKE LANE", "MILES": 0.78443856, "ShapeSTLength": 1262.4340157615045, "FROM_": "CHIPMUNK STREET", "TO_": "STATELINE", "WNTR_MAINT": "N/A", "MAINT_JURS": "PLACER COUNTY", "YR_OF_CONS": "2009", "IMPLEMENT": "CALTRANS", "COUNTY": "PLACER COUNTY", "E_BIKE": null, "GlobalID": "{FDFA98A9-BB36-48F9-9272-97CCA9AF30DC}", "created_user": "MBINDL", "created_date": "2024-01-25T04:41:45Z", "last_edited_user": "KRICHARDSON", "last_edited_date": "2024-02-09T06:21:15Z" }, "geometry": { "type": "LineString", "coordinates": [ [ -120.015964930697351, 39.233349292677673 ], [ -120.015691724962252, 39.233062512711619 ], [ -120.015417680983688, 39.232663140948389 ], [ -120.015020736189598, 39.231934534582983 ], [ -120.014446573006353, 39.230882803940453 ], [ -120.014217667742258, 39.230463493040325 ], [ -120.013773016907109, 39.229775248260594 ], [ -120.013414245380176, 39.229395375933464 ], [ -120.013263016475335, 39.229235249173648 ], [ -120.012637242223676, 39.228684880146204 ], [ -120.012305994262633, 39.228456807441937 ], [ -120.012173016438226, 39.228365249613987 ], [ -120.011553983769375, 39.228059861024114 ], [ -120.010918011472668, 39.227784830668554 ], [ -120.01028301702982, 39.227565250565156 ], [ -120.008313017679725, 39.227015249384927 ], [ -120.007733016428489, 39.226935249082693 ], [ -120.007383015107195, 39.226945250415149 ], [ -120.0066230142602, 39.226995250969821 ], [ -120.005633016665954, 39.227425251378442 ] ] } },
{ "type": "Feature", "properties": { "OBJECTID": 1138, "CLASS": "3", "NAME": "SAN SOUCI/TAHOE SKI BOWL WAY", "MILES": 0.44716563, "ShapeSTLength": 719.64476431597598, "FROM_": "MCKINNEY DRIVE", "TO_": "FAWN ST", "WNTR_MAINT": "N/A", "MAINT_JURS": "TCPUD", "YR_OF_CONS": "Before 2006", "IMPLEMENT": "TCPUD", "COUNTY": "PLACER COUNTY", "E_BIKE": null, "GlobalID": "{CDF02BB9-126E-4CCE-B63B-8D41A6499D94}", "created_user": "MBINDL", "created_date": "2024-01-25T04:41:45Z", "last_edited_user": "KRICHARDSON", "last_edited_date": "2024-02-09T06:21:15Z" }, "geometry": { "type": "LineString", "coordinates": [ [ -120.160583360129522, 39.084524558562691 ], [ -120.159465117903693, 39.08232748423886 ], [ -120.157811292479536, 39.079189056626248 ], [ -120.156943020100172, 39.079445225705783 ] ] } },
{ "type": "Feature", "properties": { "OBJECTID": 1139, "CLASS": "2", "NAME": "US HIGHWAY 50 BIKE LANE", "MILES": 1.95365298, "ShapeSTLength": 3144.1059969319249, "FROM_": "TROUT CREEK", "TO_": "SKI RUN BLVD", "WNTR_MAINT": "N/A", "MAINT_JURS": "CITY OF SOUTH LAKE TAHOE", "YR_OF_CONS": "2011", "IMPLEMENT": "CALTRANS", "COUNTY": "CITY OF SOUTH LAKE TAHOE", "E_BIKE": null, "GlobalID": "{BED8938F-19B0-4B61-A827-7C0BFB5BEFEE}", "created_user": "MBINDL", "created_date": "2024-01-25T04:41:45Z", "last_edited_user": "KRICHARDSON", "last_edited_date": "2024-02-09T06:21:15Z" }, "geometry": { "type": "LineString", "coordinates": [ [ -119.978874647495303, 38.931872884613263 ], [ -119.978192974674158, 38.933255225620286 ], [ -119.977745013469629, 38.934363681162324 ], [ -119.977382974550224, 38.935755226189841 ], [ -119.977272974416252, 38.936695225978454 ], [ -119.977242975455482, 38.938325226057856 ], [ -119.977232975073548, 38.939015226093062 ], [ -119.977222975634362, 38.940085226894482 ], [ -119.977232974945437, 38.94151522643552 ], [ -119.977212975646481, 38.942265226810889 ], [ -119.977000511601162, 38.943337417474105 ], [ -119.976312975141354, 38.944165226787007 ], [ -119.975419582931849, 38.944756139028897 ], [ -119.973006908582846, 38.945364080914544 ], [ -119.971012974653647, 38.94578522762194 ], [ -119.969873677470588, 38.945794082308076 ], [ -119.968662974353919, 38.94563522809532 ], [ -119.967568319173537, 38.945546201688934 ], [ -119.966452974150911, 38.945615227962136 ], [ -119.964174617534624, 38.946212512889005 ], [ -119.962597060281752, 38.946682806231394 ], [ -119.960662973538945, 38.947275228152776 ], [ -119.958840761251139, 38.948022276732551 ], [ -119.957562972797305, 38.948585228303955 ] ] } },
{ "type": "Feature", "properties": { "OBJECTID": 1140, "CLASS": "2", "NAME": "STATE ROUTE 28 BIKE LANE", "MILES": 2.27423491, "ShapeSTLength": 3660.0336318665932, "FROM_": "TAHOE STATE RECREATION AREA", "TO_": "DOLLAR DR", "WNTR_MAINT": "N/A", "MAINT_JURS": "PLACER COUNTY", "YR_OF_CONS": "2012", "IMPLEMENT": "CALTRANS", "COUNTY": "PLACER COUNTY", "E_BIKE": null, "GlobalID": "{50C7BB84-786B-4E57-9B5D-EB7B2B70030A}", "created_user": "MBINDL", "created_date": "2024-01-25T04:41:45Z", "last_edited_user": "KRICHARDSON", "last_edited_date": "2024-02-09T06:21:15Z" }, "geometry": { "type": "LineString", "coordinates": [ [ -120.104793028322433, 39.192375239195265 ], [ -120.105293028291968, 39.191815238922786 ], [ -120.105894648696705, 39.191260501330042 ], [ -120.1062930283734, 39.190955238615096 ], [ -120.107248344353309, 39.19054234909833 ], [ -120.107975662800897, 39.190309646082952 ], [ -120.108653028203918, 39.19017523887841 ], [ -120.109614110023998, 39.190119496878957 ], [ -120.110846338726262, 39.190048016632957 ], [ -120.111674721071736, 39.18999995490438 ], [ -120.112713029078378, 39.189925238022916 ], [ -120.113363029489363, 39.189825237859097 ], [ -120.113963028807078, 39.189685238012359 ], [ -120.115313029413571, 39.189185237192312 ], [ -120.118723029256472, 39.187705237265881 ], [ -120.119835612336431, 39.186862053407168 ], [ -120.120261657896023, 39.186470699612428 ], [ -120.1207592133009, 39.185982445243717 ], [ -120.12111302914488, 39.185635237453099 ], [ -120.121496875736085, 39.185304704814584 ], [ -120.121833029165515, 39.185015237465748 ], [ -120.122423906636726, 39.184662988826837 ], [ -120.123120348955624, 39.184247797966322 ], [ -120.123893028919667, 39.183805236541168 ], [ -120.124862149695062, 39.18335558906125 ], [ -120.125713135450155, 39.183033163791748 ], [ -120.126628995197223, 39.182699721013634 ], [ -120.127273030770553, 39.182465236055855 ], [ -120.127663030644513, 39.182295236191464 ], [ -120.128126042584242, 39.182041078826714 ], [ -120.12855302983786, 39.181795236246217 ], [ -120.129043030107425, 39.181335236265525 ], [ -120.12939482290632, 39.180932845686918 ], [ -120.129543030280189, 39.180735235669701 ], [ -120.12980303029974, 39.18031523595981 ], [ -120.130229707457701, 39.179604114774811 ], [ -120.130401532875979, 39.179317735761778 ], [ -120.130522880418155, 39.179115487687213 ], [ -120.130613030441992, 39.178965235020925 ], [ -120.130703029761278, 39.178835235700831 ], [ -120.131073029504151, 39.17846523526196 ], [ -120.131373030325022, 39.178225235314635 ], [ -120.132618094290549, 39.17756685666383 ], [ -120.133719332812376, 39.176939345381605 ], [ -120.134706437014586, 39.176405154616404 ], [ -120.134951675877446, 39.176284866525883 ], [ -120.138061149678606, 39.174002218670424 ] ] } },
{ "type": "Feature", "properties": { "OBJECTID": 1141, "CLASS": "2", "NAME": "APACHE AVE (WEST)", "MILES": 0.37704071, "ShapeSTLength": 606.78941663429021, "FROM_": "EAST SAN BERNADINO", "TO_": "US-50", "WNTR_MAINT": "N/A", "MAINT_JURS": "EL DORADO COUNTY", "YR_OF_CONS": "Before 2006", "IMPLEMENT": "EL DORADO COUNTY", "COUNTY": "EL DORADO COUNTY", "E_BIKE": null, "GlobalID": "{09DED2A6-502A-4D1A-97EA-0BDC4FA61B8F}", "created_user": "MBINDL", "created_date": "2024-01-25T04:41:45Z", "last_edited_user": "KRICHARDSON", "last_edited_date": "2024-02-09T06:21:15Z" }, "geometry": { "type": "LineString", "coordinates": [ [ -120.020242972161526, 38.858945216522116 ], [ -120.018532970551618, 38.856765215798497 ], [ -120.016517304297494, 38.854323410358276 ] ] } },
{ "type": "Feature", "properties": { "OBJECTID": 1142, "CLASS": "PED", "NAME": "INCLINE WAY", "MILES": 0.25841432, "ShapeSTLength": 415.87836178121495, "FROM_": "VILLAGE BLVD", "TO_": "SOUTHWOOD BLVD", "WNTR_MAINT": "N/A", "MAINT_JURS": "WASHOE COUNTY", "YR_OF_CONS": "2012?", "IMPLEMENT": "WASHOE COUNTY", "COUNTY": "WASHOE COUNTY", "E_BIKE": null, "GlobalID": "{59EECC08-84BD-4405-A04E-61C3DA81FBE7}", "created_user": "MBINDL", "created_date": "2024-01-25T04:41:45Z", "last_edited_user": "KRICHARDSON", "last_edited_date": "2024-02-09T06:21:15Z" }, "geometry": { "type": "LineString", "coordinates": [ [ -119.952203009630651, 39.247695255414293 ], [ -119.951234688306982, 39.248013119242145 ], [ -119.951025125678981, 39.248083109653919 ], [ -119.949119125538772, 39.24800756605179 ], [ -119.948863009297526, 39.24780525561026 ], [ -119.948573010026223, 39.247515255621309 ], [ -119.948173007471297, 39.246985256144846 ] ] } },
{ "type": "Feature", "properties": { "OBJECTID": 1143, "CLASS": "PED", "NAME": "ORIOLE WAY", "MILES": 0.35056647, "ShapeSTLength": 564.18316561829499, "FROM_": "SOUTHWOOD BLD", "TO_": "TANAGER ST", "WNTR_MAINT": "N/A", "MAINT_JURS": "WASHOE COUNTY", "YR_OF_CONS": "2012?", "IMPLEMENT": "WASHOE COUNTY", "COUNTY": "WASHOE COUNTY", "E_BIKE": null, "GlobalID": "{ED89CD1C-67CB-45EB-A7C6-CAA87D6B01AD}", "created_user": "MBINDL", "created_date": "2024-01-25T04:41:45Z", "last_edited_user": "KRICHARDSON", "last_edited_date": "2024-02-09T06:21:15Z" }, "geometry": { "type": "LineString", "coordinates": [ [ -119.962163011467595, 39.249335254697776 ], [ -119.960216480391821, 39.249078728351847 ], [ -119.958948024623993, 39.248911545111469 ], [ -119.957755320886719, 39.248754332647451 ], [ -119.957383011103346, 39.248705255442793 ], [ -119.957043011554603, 39.248605255163476 ], [ -119.956688188398786, 39.248431191787994 ], [ -119.95651301134798, 39.248345255015273 ], [ -119.95598352011568, 39.247995828480931 ] ] } },
{ "type": "Feature", "properties": { "OBJECTID": 1144, "CLASS": "2", "NAME": "LAKE PARKWAY (EAST)", "MILES": 0.60531814, "ShapeSTLength": 974.16705871527267, "FROM_": "STATELINE", "TO_": "LAKE PARKWAY", "WNTR_MAINT": "N/A", "MAINT_JURS": "DOUGLAS COUNTY", "YR_OF_CONS": "2013", "IMPLEMENT": "DOUGLAS COUNTY", "COUNTY": "DOUGLAS COUNTY", "E_BIKE": null, "GlobalID": "{FD47DFBE-05CD-45A4-BC63-D01A34CB5C4B}", "created_user": "MBINDL", "created_date": "2024-01-25T04:41:45Z", "last_edited_user": "KRICHARDSON", "last_edited_date": "2024-02-09T06:21:15Z" }, "geometry": { "type": "LineString", "coordinates": [ [ -119.938397455343392, 38.957170592296443 ], [ -119.937396949414065, 38.958055153444555 ], [ -119.936665935579839, 38.958689892107728 ], [ -119.936273025104768, 38.959002516301382 ], [ -119.935913059824259, 38.959343596714447 ], [ -119.935772970738483, 38.959465230757324 ], [ -119.935504324814787, 38.959793575953555 ], [ -119.935412970061563, 38.959905231309989 ], [ -119.935345498852016, 38.960107648156573 ], [ -119.935212970150616, 38.960505230985341 ], [ -119.935198731634941, 38.960687481912672 ], [ -119.935172679147385, 38.961020957567847 ], [ -119.935162970068944, 38.961145232260037 ], [ -119.935262618552429, 38.961528050913039 ], [ -119.935351316845797, 38.961740968655171 ], [ -119.935452970790266, 38.961915231811453 ], [ -119.935606441314249, 38.962107184994906 ], [ -119.935862971118979, 38.962365231585977 ], [ -119.936082427973474, 38.962528055361808 ], [ -119.936532970305834, 38.962815232007017 ], [ -119.93724272311951, 38.963099140875464 ], [ -119.937927289023079, 38.963372968128155 ], [ -119.938654494215953, 38.963663844649354 ] ] } },
{ "type": "Feature", "properties": { "OBJECTID": 1145, "CLASS": "PED", "NAME": "LAKE PARKWAY SIDEWALKS - EAST", "MILES": 0.59310948, "ShapeSTLength": 954.51909800322846, "FROM_": "STATELINE", "TO_": "LAKE PARKWAY", "WNTR_MAINT": "NO", "MAINT_JURS": "DOUGLAS COUNTY", "YR_OF_CONS": "2013", "IMPLEMENT": "DOUGLAS COUNTY", "COUNTY": "DOUGLAS COUNTY", "E_BIKE": null, "GlobalID": "{E7F6CA19-447F-44D3-91D6-E6C74818CB33}", "created_user": "MBINDL", "created_date": "2024-01-25T04:41:45Z", "last_edited_user": "KRICHARDSON", "last_edited_date": "2024-02-09T06:21:15Z" }, "geometry": { "type": "LineString", "coordinates": [ [ -119.938481676322397, 38.957256548586194 ], [ -119.937036740079122, 38.958551013214432 ], [ -119.936796189868659, 38.958769567350103 ], [ -119.935982471095187, 38.959449456795625 ], [ -119.935624815720033, 38.95982856140099 ], [ -119.935328680884595, 38.960447244776198 ], [ -119.935321431917032, 38.960615359214046 ], [ -119.935278862088936, 38.961324860635969 ], [ -119.935461677221653, 38.961801679022763 ], [ -119.936167726539452, 38.96244249084701 ], [ -119.936365947013101, 38.962593001517547 ], [ -119.936712882032822, 38.962748807309076 ], [ -119.937954708129809, 38.963279259040874 ], [ -119.938713396847973, 38.963596680938437 ] ] } },
{ "type": "Feature", "properties": { "OBJECTID": 1146, "CLASS": "2", "NAME": "LAKE PARKWAY (WEST)", "MILES": 0.50783017, "ShapeSTLength": 817.27507801347656, "FROM_": "STATELINE", "TO_": "LAKE PARKWAY", "WNTR_MAINT": "N/A", "MAINT_JURS": "DOUGLAS COUNTY", "YR_OF_CONS": "2013", "IMPLEMENT": "DOUGLAS COUNTY", "COUNTY": "DOUGLAS COUNTY", "E_BIKE": null, "GlobalID": "{E809A212-A5B3-4300-824A-81460CFA5415}", "created_user": "MBINDL", "created_date": "2024-01-25T04:41:45Z", "last_edited_user": "KRICHARDSON", "last_edited_date": "2024-02-09T06:21:15Z" }, "geometry": { "type": "LineString", "coordinates": [ [ -119.939310564323719, 38.963919491973904 ], [ -119.939717727972123, 38.964073934939343 ], [ -119.940142972138034, 38.964235230958458 ], [ -119.940552624839469, 38.964346470276496 ], [ -119.940817070059083, 38.964402827125376 ], [ -119.941230371595168, 38.964463361547509 ], [ -119.941642972394803, 38.964505231717489 ], [ -119.942067796358756, 38.964497645215189 ], [ -119.942438898495979, 38.964462564583236 ], [ -119.942852971818155, 38.964405230989016 ], [ -119.94307823399285, 38.964349117641888 ], [ -119.943290384835876, 38.96429609334043 ], [ -119.943534272428877, 38.964214797078519 ], [ -119.943791501754077, 38.964111321035723 ], [ -119.944092973731202, 38.963995231481448 ], [ -119.944226120106634, 38.963911240228335 ], [ -119.944398136324509, 38.963802730489441 ], [ -119.944782350363667, 38.963538025103084 ], [ -119.944880098119967, 38.963461382707415 ], [ -119.945036429089129, 38.963318845893191 ], [ -119.945329737280716, 38.962985740005699 ], [ -119.945452973049541, 38.962825230704041 ], [ -119.946087676188583, 38.961890393232999 ], [ -119.946392972967757, 38.961155231406863 ] ] } },
{ "type": "Feature", "properties": { "OBJECTID": 1147, "CLASS": "2", "NAME": "US HIGHWAY 50 BIKE LANE", "MILES": 0.25099926, "ShapeSTLength": 403.94496004717354, "FROM_": "SKI RUN BLVD", "TO_": "WILDWOOD AVE", "WNTR_MAINT": "N/A", "MAINT_JURS": "CITY OF SOUTH LAKE TAHOE", "YR_OF_CONS": "2013", "IMPLEMENT": "CALTRANS", "COUNTY": "CITY OF SOUTH LAKE TAHOE", "E_BIKE": null, "GlobalID": "{930A0FF7-2521-42F5-B4CB-45E92A63DB9A}", "created_user": "MBINDL", "created_date": "2024-01-25T04:41:45Z", "last_edited_user": "KRICHARDSON", "last_edited_date": "2024-02-09T06:21:15Z" }, "geometry": { "type": "LineString", "coordinates": [ [ -119.957562972797305, 38.948585228303955 ], [ -119.953515645594919, 38.95038507123062 ] ] } },
{ "type": "Feature", "properties": { "OBJECTID": 1148, "CLASS": "2", "NAME": "MELBA", "MILES": 0.30973954, "ShapeSTLength": 498.47847432382082, "FROM_": "B STREET", "TO_": "D STREET/US-50", "WNTR_MAINT": "N/A", "MAINT_JURS": "CITY OF SOUTH LAKE TAHOE", "YR_OF_CONS": "before 2010", "IMPLEMENT": "CITY OF SOUTH LAKE TAHOE", "COUNTY": "CITY OF SOUTH LAKE TAHOE", "E_BIKE": null, "GlobalID": "{25007926-59EE-47B2-B4E2-27E5F2B5705F}", "created_user": "MBINDL", "created_date": "2024-01-25T04:41:45Z", "last_edited_user": "KRICHARDSON", "last_edited_date": "2024-02-09T06:21:15Z" }, "geometry": { "type": "LineString", "coordinates": [ [ -120.001329488171081, 38.911285375300203 ], [ -119.999620158113146, 38.908488108759627 ], [ -120.00118248399761, 38.907826261463725 ] ] } },
{ "type": "Feature", "properties": { "OBJECTID": 1149, "CLASS": "2", "NAME": "HWY 50", "MILES": 0.51165876, "ShapeSTLength": 823.43659749650817, "FROM_": "SOUTH TAHOE \"Y\"", "TO_": "E STREET", "WNTR_MAINT": "N/A", "MAINT_JURS": "CITY OF SOUTH LAKE TAHOE", "YR_OF_CONS": "2014", "IMPLEMENT": "CALTRANS", "COUNTY": "CITY OF SOUTH LAKE TAHOE", "E_BIKE": null, "GlobalID": "{451ACC56-CA6B-41D3-8B7F-F8463FF0CE76}", "created_user": "MBINDL", "created_date": "2024-01-25T04:41:45Z", "last_edited_user": "KRICHARDSON", "last_edited_date": "2024-02-09T06:21:15Z" }, "geometry": { "type": "LineString", "coordinates": [ [ -120.003703270115295, 38.911775812896828 ], [ -120.003313578071044, 38.911003428226323 ], [ -120.003035175116054, 38.910550118458048 ], [ -120.002362136687353, 38.909468883858466 ], [ -120.001419698157918, 38.907963305315761 ], [ -120.000566538057981, 38.906630107074257 ], [ -119.999610865512182, 38.905089190856771 ] ] } },
{ "type": "Feature", "properties": { "OBJECTID": 1151, "CLASS": "PED", "NAME": "HEAVENLY VILLAGE  (WEST SIDE)", "MILES": 0.18779552, "ShapeSTLength": 302.22820239184387, "FROM_": "HWY 50", "TO_": "MONTREAL RD", "WNTR_MAINT": "NO", "MAINT_JURS": "CITY OF SOUTH LAKE TAHOE", "YR_OF_CONS": "UNKNOWN", "IMPLEMENT": "CITY OF SOUTH LAKE TAHOE", "COUNTY": "CITY OF SOUTH LAKE TAHOE", "E_BIKE": null, "GlobalID": "{6ECE1A37-6F93-4465-8554-123974D528D9}", "created_user": "MBINDL", "created_date": "2024-01-25T04:41:45Z", "last_edited_user": "KRICHARDSON", "last_edited_date": "2024-02-09T06:21:15Z" }, "geometry": { "type": "LineString", "coordinates": [ [ -119.944555048013441, 38.95518986178746 ], [ -119.944451673751686, 38.955162319516504 ], [ -119.944236906559169, 38.955089256666582 ], [ -119.944019698494344, 38.955042065553215 ], [ -119.943807700999628, 38.955028209533502 ], [ -119.943535391043753, 38.955057382471743 ], [ -119.943297220900263, 38.955109496765026 ], [ -119.942777007996909, 38.955233646771404 ], [ -119.942544467410428, 38.955234034025715 ], [ -119.942252096089618, 38.955129104797713 ], [ -119.942021900035186, 38.955032109735882 ], [ -119.941817426226365, 38.954980637833664 ], [ -119.941571809197384, 38.954856040137606 ], [ -119.941300262171737, 38.954733642736763 ] ] } },
{ "type": "Feature", "properties": { "OBJECTID": 1152, "CLASS": "3", "NAME": "HELEN AVE", "MILES": 0.20057089, "ShapeSTLength": 322.78820920074691, "FROM_": "4TH STREET", "TO_": "SOUTH AVE BIKE PATH", "WNTR_MAINT": "N/A", "MAINT_JURS": "CITY OF SOUTH LAKE TAHOE", "YR_OF_CONS": "before 2006", "IMPLEMENT": "CITY OF SOUTH LAKE TAHOE", "COUNTY": "CITY OF SOUTH LAKE TAHOE", "E_BIKE": null, "GlobalID": "{B992BC3A-6EAF-4D63-9854-D57EBBC26310}", "created_user": "MBINDL", "created_date": "2024-01-25T04:41:45Z", "last_edited_user": "KRICHARDSON", "last_edited_date": "2024-02-09T06:21:15Z" }, "geometry": { "type": "LineString", "coordinates": [ [ -120.001629377458599, 38.913214017991855 ], [ -119.998779011324189, 38.915081645190533 ] ] } },
{ "type": "Feature", "properties": { "OBJECTID": 1153, "CLASS": "PED", "NAME": "WILDWOOD AVE (EAST SIDE)", "MILES": 0.05489458, "ShapeSTLength": 88.344447555506662, "FROM_": "HWY 50", "TO_": "OSGOOD AVE", "WNTR_MAINT": "NO", "MAINT_JURS": "CITY OF SOUTH LAKE TAHOE", "YR_OF_CONS": "2012", "IMPLEMENT": "CITY OF SOUTH LAKE TAHOE", "COUNTY": "CITY OF SOUTH LAKE TAHOE", "E_BIKE": null, "GlobalID": "{C8D05CE7-EF3C-470C-8D54-95CB4E60ABC2}", "created_user": "MBINDL", "created_date": "2024-01-25T04:41:45Z", "last_edited_user": "KRICHARDSON", "last_edited_date": "2024-02-09T06:21:15Z" }, "geometry": { "type": "LineString", "coordinates": [ [ -119.953310130156495, 38.950386576359463 ], [ -119.952812824200734, 38.949692382497084 ] ] } },
{ "type": "Feature", "properties": { "OBJECTID": 1154, "CLASS": "PED", "NAME": "WILDWOOD AVE (WEST SIDE)", "MILES": 0.05317735, "ShapeSTLength": 85.580826556065077, "FROM_": "HWY 50", "TO_": "OSGOOD AVE", "WNTR_MAINT": "NO", "MAINT_JURS": "CITY OF SOUTH LAKE TAHOE", "YR_OF_CONS": "2012", "IMPLEMENT": "CITY OF SOUTH LAKE TAHOE", "COUNTY": "CITY OF SOUTH LAKE TAHOE", "E_BIKE": null, "GlobalID": "{DAD3CCE0-6E84-4977-99CB-6B8E6006C30B}", "created_user": "MBINDL", "created_date": "2024-01-25T04:41:45Z", "last_edited_user": "KRICHARDSON", "last_edited_date": "2024-02-09T06:21:15Z" }, "geometry": { "type": "LineString", "coordinates": [ [ -119.953632255500779, 38.950236078096204 ], [ -119.953142961605749, 38.949566930209826 ] ] } },
{ "type": "Feature", "properties": { "OBJECTID": 1155, "CLASS": "PED", "NAME": "PIONEER TRAIL (NORTH SIDE)", "MILES": 0.39933303, "ShapeSTLength": 642.66550651648504, "FROM_": "LARCH AVE", "TO_": "HWY 50", "WNTR_MAINT": "NO", "MAINT_JURS": "CITY OF SOUTH LAKE TAHOE", "YR_OF_CONS": "2013", "IMPLEMENT": "CITY OF SOUTH LAKE TAHOE", "COUNTY": "CITY OF SOUTH LAKE TAHOE", "E_BIKE": null, "GlobalID": "{DB6A7D47-53A0-4980-AC0D-53C51C236631}", "created_user": "MBINDL", "created_date": "2024-01-25T04:41:45Z", "last_edited_user": "KRICHARDSON", "last_edited_date": "2024-02-09T06:21:15Z" }, "geometry": { "type": "LineString", "coordinates": [ [ -119.94916670440837, 38.947453773576598 ], [ -119.949047180435073, 38.947665797569471 ], [ -119.948931924806104, 38.9478884012536 ], [ -119.948852240833162, 38.948032726266405 ], [ -119.948720545274639, 38.948372147321628 ], [ -119.948561788955388, 38.948795500720202 ], [ -119.948443415875815, 38.949090660574157 ], [ -119.948431994484693, 38.94916896737832 ], [ -119.948354954900111, 38.949318818685015 ], [ -119.948254426451243, 38.949570347556239 ], [ -119.948156797696981, 38.949815665019656 ], [ -119.948069859782592, 38.950082422798417 ], [ -119.94782782661369, 38.950718534671672 ], [ -119.947745061154535, 38.951096584387564 ], [ -119.947605014226639, 38.951399925152998 ], [ -119.94737112737684, 38.951758435263805 ], [ -119.947266540672686, 38.951908935703074 ], [ -119.947144118646236, 38.952148359087026 ], [ -119.94694515816623, 38.952516836411974 ], [ -119.946905768270412, 38.952593443171139 ], [ -119.946748406187297, 38.952830345886674 ], [ -119.946712978637279, 38.952890411803715 ] ] } },
{ "type": "Feature", "properties": { "OBJECTID": 1156, "CLASS": "PED", "NAME": "PIONEER TRAIL (SOUTH SIDE)", "MILES": 0.47123838, "ShapeSTLength": 758.38618058680584, "FROM_": "LARCH AVE", "TO_": "HWY 50", "WNTR_MAINT": "NO", "MAINT_JURS": "CITY OF SOUTH LAKE TAHOE", "YR_OF_CONS": "2013", "IMPLEMENT": "CITY OF SOUTH LAKE TAHOE", "COUNTY": "CITY OF SOUTH LAKE TAHOE", "E_BIKE": null, "GlobalID": "{6DCBAFB6-5FF4-4571-ABA5-6260BE59ABDE}", "created_user": "MBINDL", "created_date": "2024-01-25T04:41:45Z", "last_edited_user": "KRICHARDSON", "last_edited_date": "2024-02-09T06:21:15Z" }, "geometry": { "type": "LineString", "coordinates": [ [ -119.949001799480669, 38.947462928975781 ], [ -119.948779537395524, 38.947869831541972 ], [ -119.948615582871824, 38.948200874385222 ], [ -119.9484730112177, 38.948649414385294 ], [ -119.948317409321106, 38.948990993010959 ], [ -119.948271990686393, 38.94912565786705 ], [ -119.94814985798439, 38.949384537225981 ], [ -119.948098753290509, 38.94958277194106 ], [ -119.947975289294703, 38.9498906381477 ], [ -119.947815358555758, 38.950319518887767 ], [ -119.947685889795054, 38.95067899531184 ], [ -119.947604758588867, 38.950996281482468 ], [ -119.947470320445674, 38.951332167893327 ], [ -119.947330069835303, 38.951576718314548 ], [ -119.947105666364905, 38.951892518911045 ], [ -119.947015319395959, 38.952107980889053 ], [ -119.946817545577289, 38.952443870265185 ], [ -119.946689916431311, 38.952627526099128 ], [ -119.946506919524182, 38.952905456811244 ], [ -119.946275412714598, 38.95318434286699 ], [ -119.946151505496459, 38.953310482037978 ], [ -119.946103726914984, 38.95334117926037 ], [ -119.945952876417451, 38.953528483567602 ], [ -119.945945790937301, 38.95364744105121 ], [ -119.945968507164963, 38.953790102677779 ] ] } },
{ "type": "Feature", "properties": { "OBJECTID": 1157, "CLASS": "PED", "NAME": "PINE BLVD SIDEWALK", "MILES": 0.41743297, "ShapeSTLength": 671.79459128934013, "FROM_": "STATELINE AVE", "TO_": "FRIDAY AVE", "WNTR_MAINT": "NO", "MAINT_JURS": "CITY OF SOUTH LAKE TAHOE", "YR_OF_CONS": "2014", "IMPLEMENT": "CITY OF SOUTH LAKE TAHOE", "COUNTY": "CITY OF SOUTH LAKE TAHOE", "E_BIKE": null, "GlobalID": "{94A57527-BF4C-48A3-A80E-1E49B5D150A5}", "created_user": "MBINDL", "created_date": "2024-01-25T04:41:45Z", "last_edited_user": "KRICHARDSON", "last_edited_date": "2024-02-09T06:21:15Z" }, "geometry": { "type": "LineString", "coordinates": [ [ -119.946320134390362, 38.9610331070079 ], [ -119.947693342466181, 38.95735070564281 ], [ -119.947758389812421, 38.957158543386413 ], [ -119.947761353761209, 38.957089515965755 ], [ -119.947735320636397, 38.956941831977971 ], [ -119.947676583885837, 38.956887856455808 ], [ -119.947618255039785, 38.956824356751262 ], [ -119.947354195096125, 38.956678053810734 ], [ -119.946971137597259, 38.956529815646654 ], [ -119.946823996336747, 38.956570012863473 ], [ -119.94661441318523, 38.956912950624023 ], [ -119.946512724671237, 38.957077137330181 ], [ -119.94635396190894, 38.957432897821349 ] ] } },
{ "type": "Feature", "properties": { "OBJECTID": 1158, "CLASS": "PED", "NAME": "PINE BLVD SIDEWALK", "MILES": 0.25754083, "ShapeSTLength": 414.47261741738947, "FROM_": "STATELINE AVE", "TO_": "PARK AVE", "WNTR_MAINT": "NO", "MAINT_JURS": "CITY OF SOUTH LAKE TAHOE", "YR_OF_CONS": "2014", "IMPLEMENT": "CITY OF SOUTH LAKE TAHOE", "COUNTY": "CITY OF SOUTH LAKE TAHOE", "E_BIKE": null, "GlobalID": "{4B480B4C-5817-47B1-9A97-016584BB997A}", "created_user": "MBINDL", "created_date": "2024-01-25T04:41:45Z", "last_edited_user": "KRICHARDSON", "last_edited_date": "2024-02-09T06:21:15Z" }, "geometry": { "type": "LineString", "coordinates": [ [ -119.946577041193805, 38.961039960256372 ], [ -119.947930047773127, 38.957471368306038 ], [ -119.947920593578047, 38.957478271963971 ] ] } },
{ "type": "Feature", "properties": { "OBJECTID": 1159, "CLASS": "PED", "NAME": "PARK AVE SIDEWALK (WEST SIDE)", "MILES": 0.05580866, "ShapeSTLength": 89.815510181685028, "FROM_": "MANZANITA", "TO_": "PINE BLVD", "WNTR_MAINT": "NO", "MAINT_JURS": "CITY OF SOUTH LAKE TAHOE", "YR_OF_CONS": "2014", "IMPLEMENT": "CITY OF SOUTH LAKE TAHOE", "COUNTY": "CITY OF SOUTH LAKE TAHOE", "E_BIKE": null, "GlobalID": "{CA6B6D4A-3F58-46ED-B339-2B197428B545}", "created_user": "MBINDL", "created_date": "2024-01-25T04:41:45Z", "last_edited_user": "KRICHARDSON", "last_edited_date": "2024-02-09T06:21:15Z" }, "geometry": { "type": "LineString", "coordinates": [ [ -119.947943567400984, 38.956742762485682 ], [ -119.947797410284267, 38.95666201396299 ], [ -119.947603673293173, 38.956596099402098 ], [ -119.947028037580623, 38.956368341288076 ] ] } },
{ "type": "Feature", "properties": { "OBJECTID": 1160, "CLASS": "PED", "NAME": "RED CEDAR STREET", "MILES": 0.0666055, "ShapeSTLength": 107.19138022984293, "FROM_": "N. LAKE BLVD (CA-28)", "TO_": "TAHOE ST", "WNTR_MAINT": "NO", "MAINT_JURS": "PLACER COUNTY", "YR_OF_CONS": "2014", "IMPLEMENT": "PLACER COUNTY", "COUNTY": "PLACER COUNTY", "E_BIKE": null, "GlobalID": "{ECE1BE70-29E9-414E-B9F4-CA5D95317A8E}", "created_user": "MBINDL", "created_date": "2024-01-25T04:41:45Z", "last_edited_user": "KRICHARDSON", "last_edited_date": "2024-02-09T06:21:15Z" }, "geometry": { "type": "LineString", "coordinates": [ [ -120.139494851883441, 39.174083923230839 ], [ -120.139237199337515, 39.173987622125146 ], [ -120.139109912755629, 39.173922931204594 ], [ -120.138955519007595, 39.173814384087308 ], [ -120.138817295414555, 39.173707895351356 ], [ -120.138592626036655, 39.173537006929649 ], [ -120.138516772063539, 39.173506283076222 ] ] } },
{ "type": "Feature", "properties": { "OBJECTID": 1162, "CLASS": "3", "NAME": "SEQUOIA AVE", "MILES": 0.34230429, "ShapeSTLength": 550.88646316106485, "FROM_": "CA-89", "TO_": "FIR AVE", "WNTR_MAINT": "N/A", "MAINT_JURS": "PLACER COUNTY", "YR_OF_CONS": "UNKNOWN", "IMPLEMENT": "PLACER COUNTY", "COUNTY": "PLACER COUNTY", "E_BIKE": null, "GlobalID": "{59908A25-3F06-4405-9C54-8C1B9C00024D}", "created_user": "MBINDL", "created_date": "2024-01-25T04:41:45Z", "last_edited_user": "KRICHARDSON", "last_edited_date": "2024-02-09T06:21:15Z" }, "geometry": { "type": "LineString", "coordinates": [ [ -120.153767846054123, 39.140573691339448 ], [ -120.153581670863929, 39.141276042925057 ], [ -120.153343803100285, 39.141628803122764 ], [ -120.152853326357771, 39.142047100644213 ], [ -120.15275206272743, 39.143253528665795 ], [ -120.152747566708328, 39.145322897399147 ] ] } },
{ "type": "Feature", "properties": { "OBJECTID": 1163, "CLASS": "PED", "NAME": "HWY 50 SIDEWALK (SOUTHSIDE)", "MILES": 0.13640623, "ShapeSTLength": 219.52498307654375, "FROM_": "SOUTH UPPER TRUCKEE", "TO_": "CIRUGU ST", "WNTR_MAINT": "NO", "MAINT_JURS": "EL DORADO COUNTY", "YR_OF_CONS": "2014", "IMPLEMENT": "CALTRANS", "COUNTY": "EL DORADO COUNTY", "E_BIKE": null, "GlobalID": "{42069750-9D15-449A-87D7-1BECCD342A70}", "created_user": "MBINDL", "created_date": "2024-01-25T04:41:45Z", "last_edited_user": "KRICHARDSON", "last_edited_date": "2024-02-09T06:21:15Z" }, "geometry": { "type": "LineString", "coordinates": [ [ -120.024506576010552, 38.849920411082906 ], [ -120.024211970882732, 38.849898610968516 ], [ -120.023645344049484, 38.850098945743859 ], [ -120.023055555643595, 38.850395200016486 ], [ -120.022759205271811, 38.850458687385633 ], [ -120.022366257045533, 38.850602833293671 ], [ -120.022201708752988, 38.850628146259666 ] ] } },
{ "type": "Feature", "properties": { "OBJECTID": 1164, "CLASS": "PED", "NAME": "HWY 50 SIDEWALK", "MILES": 0.14315886, "ShapeSTLength": 230.39231454265655, "FROM_": "KAHLE DRIVE", "TO_": "4TH RD", "WNTR_MAINT": "NO", "MAINT_JURS": "DOUGLAS COUNTY", "YR_OF_CONS": "2013", "IMPLEMENT": "DOUGLAS COUNTY", "COUNTY": "DOUGLAS COUNTY", "E_BIKE": null, "GlobalID": "{C2C529E7-E88D-4EB9-94B3-249A12D3F041}", "created_user": "MBINDL", "created_date": "2024-01-25T04:41:45Z", "last_edited_user": "KRICHARDSON", "last_edited_date": "2024-02-09T06:21:15Z" }, "geometry": { "type": "LineString", "coordinates": [ [ -119.936134202030388, 38.968351489622933 ], [ -119.935620909559916, 38.969202483457039 ], [ -119.935351765332101, 38.969917635564727 ], [ -119.935251252277652, 38.970297992335226 ] ] } },
{ "type": "Feature", "properties": { "OBJECTID": 1165, "CLASS": "PED", "NAME": "KAHLE DRIVE", "MILES": 0.08802789, "ShapeSTLength": 141.66743340822529, "FROM_": "HWY 50", "TO_": "LAURA DR", "WNTR_MAINT": "NO", "MAINT_JURS": "DOUGLAS COUNTY", "YR_OF_CONS": " 2013", "IMPLEMENT": "DOUGLAS COUNTY", "COUNTY": "DOUGLAS COUNTY", "E_BIKE": null, "GlobalID": "{110385E6-115B-4247-83E9-0F4F73E0E6C2}", "created_user": "MBINDL", "created_date": "2024-01-25T04:41:45Z", "last_edited_user": "KRICHARDSON", "last_edited_date": "2024-02-09T06:21:15Z" }, "geometry": { "type": "LineString", "coordinates": [ [ -119.935282914961761, 38.97042763982828 ], [ -119.935350530741331, 38.970481021633667 ], [ -119.935397804478526, 38.970500297837781 ], [ -119.935439967416372, 38.97058460761572 ], [ -119.935465018617137, 38.970657975185105 ], [ -119.935920444323145, 38.970858428416413 ], [ -119.936341040453684, 38.971036244727074 ], [ -119.936360152170636, 38.970983016421613 ], [ -119.936438613076774, 38.971004242307558 ], [ -119.936553155689296, 38.970988777018391 ] ] } },
{ "type": "Feature", "properties": { "OBJECTID": 1166, "CLASS": "PED", "NAME": "VILLAGE BLVD SIDEWALK", "MILES": 0.05810248, "ShapeSTLength": 93.507057151437934, "FROM_": "PEEPSIGHT CT", "TO_": "LAKE COUNTRY DR", "WNTR_MAINT": "N/A", "MAINT_JURS": "WASHOE COUNTY", "YR_OF_CONS": "UNKNOWN", "IMPLEMENT": "WASHOE COUNTY", "COUNTY": "WASHOE COUNTY", "E_BIKE": null, "GlobalID": "{05CC4C74-A7B0-4D49-A4C4-E812C9E1B91B}", "created_user": "MBINDL", "created_date": "2024-01-25T04:41:45Z", "last_edited_user": "KRICHARDSON", "last_edited_date": "2024-02-09T06:21:15Z" }, "geometry": { "type": "LineString", "coordinates": [ [ -119.947285211929, 39.262955003378522 ], [ -119.946289685727663, 39.263286399393962 ] ] } },
{ "type": "Feature", "properties": { "OBJECTID": 1167, "CLASS": "2", "NAME": "JOHNSON BLVD", "MILES": 0.91252186, "ShapeSTLength": 1468.5645242308799, "FROM_": "US-50", "TO_": "AL TAHOE BLVD", "WNTR_MAINT": "N/A", "MAINT_JURS": "CITY OF SOUTH LAKE TAHOE", "YR_OF_CONS": "i dont know", "IMPLEMENT": "CITY OF SOUTH LAKE TAHOE", "COUNTY": "CITY OF SOUTH LAKE TAHOE", "E_BIKE": null, "GlobalID": "{EA26984D-5509-4B72-B4C9-74082162ECFA}", "created_user": "MBINDL", "created_date": "2024-01-25T04:41:45Z", "last_edited_user": "KRICHARDSON", "last_edited_date": "2024-02-09T06:21:15Z" }, "geometry": { "type": "LineString", "coordinates": [ [ -119.966440368412876, 38.945166901209156 ], [ -119.966645779148152, 38.94323023574708 ], [ -119.96758296964326, 38.939250714866198 ], [ -119.968984173571869, 38.936625868547772 ], [ -119.970602900040291, 38.933215463055816 ], [ -119.971000418778701, 38.932530500604834 ] ] } },
{ "type": "Feature", "properties": { "OBJECTID": 1168, "CLASS": "PED", "NAME": "KB SIDEWALKS - SECLINE AVE", "MILES": 0.15538286, "ShapeSTLength": 250.06497631395371, "FROM_": "STATE ROUTE 28", "TO_": "STEELHEAD AVE", "WNTR_MAINT": "N/A", "MAINT_JURS": "PLACER COUNTY", "YR_OF_CONS": "2015", "IMPLEMENT": "PLACER COUNTY", "COUNTY": "PLACER COUNTY", "E_BIKE": null, "GlobalID": "{1AF70BAF-8214-42E1-B26D-41A3557FA873}", "created_user": "MBINDL", "created_date": "2024-01-25T04:41:45Z", "last_edited_user": "KRICHARDSON", "last_edited_date": "2024-02-09T06:21:15Z" }, "geometry": { "type": "LineString", "coordinates": [ [ -120.029885721759143, 39.240132700801176 ], [ -120.029887627031087, 39.239316690593803 ], [ -120.029900669186262, 39.23917590009782 ], [ -120.029919247625116, 39.238024088446188 ], [ -120.029922108515322, 39.237881665171074 ] ] } },
{ "type": "Feature", "properties": { "OBJECTID": 1169, "CLASS": "PED", "NAME": "KB SIDEWALKS - FOX STREET", "MILES": 0.33898134, "ShapeSTLength": 545.53866971948207, "FROM_": "STATE ROUTE 28", "TO_": "STEELHEAD AVE", "WNTR_MAINT": "N/A", "MAINT_JURS": "PLACER COUNTY", "YR_OF_CONS": "2015", "IMPLEMENT": "PLACER COUNTY", "COUNTY": "PLACER COUNTY", "E_BIKE": null, "GlobalID": "{87C288C7-8C62-4E8B-B5D6-EE7172B5E51D}", "created_user": "MBINDL", "created_date": "2024-01-25T04:41:45Z", "last_edited_user": "KRICHARDSON", "last_edited_date": "2024-02-09T06:21:15Z" }, "geometry": { "type": "LineString", "coordinates": [ [ -120.019246221459611, 39.24009259074915 ], [ -120.019261749391475, 39.235461699013626 ], [ -120.01939282278056, 39.235199913443417 ] ] } },
{ "type": "Feature", "properties": { "OBJECTID": 1170, "CLASS": "PED", "NAME": "KB SIDEWALKS - STEELHEAD AVE", "MILES": 0.56756357, "ShapeSTLength": 913.4068569101122, "FROM_": "SECLINE STREET", "TO_": "FOX STREET", "WNTR_MAINT": "N/A", "MAINT_JURS": "PLACER COUNTY", "YR_OF_CONS": "2015", "IMPLEMENT": "PLACER COUNTY", "COUNTY": "PLACER COUNTY", "E_BIKE": null, "GlobalID": "{6AC99E51-D74A-422E-B1E4-230081138B7F}", "created_user": "MBINDL", "created_date": "2024-01-25T04:41:45Z", "last_edited_user": "KRICHARDSON", "last_edited_date": "2024-02-09T06:21:15Z" }, "geometry": { "type": "LineString", "coordinates": [ [ -120.029846761196623, 39.240148823548303 ], [ -120.019271052076121, 39.240148868832875 ] ] } },
{ "type": "Feature", "properties": { "OBJECTID": 1171, "CLASS": "PED", "NAME": "KB SIDEWALKS - DEER STREET", "MILES": 0.06711419, "ShapeSTLength": 108.01003843369138, "FROM_": "STATE ROUTE 28", "TO_": "RAINBOW AVE", "WNTR_MAINT": "N/A", "MAINT_JURS": "PLACER COUNTY", "YR_OF_CONS": "2015", "IMPLEMENT": "PLACER COUNTY", "COUNTY": "PLACER COUNTY", "E_BIKE": null, "GlobalID": "{94A6F002-9B25-493B-B170-D922FD0DAD94}", "created_user": "MBINDL", "created_date": "2024-01-25T04:41:45Z", "last_edited_user": "KRICHARDSON", "last_edited_date": "2024-02-09T06:21:15Z" }, "geometry": { "type": "LineString", "coordinates": [ [ -120.026968798987255, 39.238591714205782 ], [ -120.026958260922271, 39.237619260281569 ] ] } },
{ "type": "Feature", "properties": { "OBJECTID": 1172, "CLASS": "PED", "NAME": "KB SIDEWALKS - BEAR STREET", "MILES": 0.04433161, "ShapeSTLength": 71.34496124142207, "FROM_": "STATE ROUTE 28", "TO_": "TROUT STREET", "WNTR_MAINT": "N/A", "MAINT_JURS": "PLACER COUNTY", "YR_OF_CONS": "2015", "IMPLEMENT": "PLACER COUNTY", "COUNTY": "PLACER COUNTY", "E_BIKE": null, "GlobalID": "{4FF0DFBF-E1D5-495D-B0DE-2C34CCE09778}", "created_user": "MBINDL", "created_date": "2024-01-25T04:41:45Z", "last_edited_user": "KRICHARDSON", "last_edited_date": "2024-02-09T06:21:15Z" }, "geometry": { "type": "LineString", "coordinates": [ [ -120.024651468002318, 39.237697219945275 ], [ -120.024618490284666, 39.237055365209514 ] ] } },
{ "type": "Feature", "properties": { "OBJECTID": 1173, "CLASS": "PED", "NAME": "KB SIDEWALKS - BROOKE AVE", "MILES": 0.13707932, "ShapeSTLength": 220.60821704775074, "FROM_": "BEAR STREET", "TO_": "COON STREET", "WNTR_MAINT": "N/A", "MAINT_JURS": "PLACER COUNTY", "YR_OF_CONS": "2015", "IMPLEMENT": "PLACER COUNTY", "COUNTY": "PLACER COUNTY", "E_BIKE": null, "GlobalID": "{D1D7FE26-2592-4FBE-A22F-5FD870ED7B30}", "created_user": "MBINDL", "created_date": "2024-01-25T04:41:45Z", "last_edited_user": "KRICHARDSON", "last_edited_date": "2024-02-09T06:21:15Z" }, "geometry": { "type": "LineString", "coordinates": [ [ -120.024416201294201, 39.236877084016982 ], [ -120.024288997797612, 39.236918985847282 ], [ -120.024235584019905, 39.236919583886717 ], [ -120.02187324021304, 39.23694599417707 ] ] } },
{ "type": "Feature", "properties": { "OBJECTID": 1174, "CLASS": "PED", "NAME": "KB SIDEWALKS -COON STREET", "MILES": 0.38967754, "ShapeSTLength": 627.12646188102178, "FROM_": "STATE ROUTE 28", "TO_": "DOLLY VARDEN AVE", "WNTR_MAINT": "N/A", "MAINT_JURS": "PLACER COUNTY", "YR_OF_CONS": "2015", "IMPLEMENT": "PLACER COUNTY", "COUNTY": "PLACER COUNTY", "E_BIKE": null, "GlobalID": "{A11DF839-6041-47BA-A8DE-68EEB0DEA41F}", "created_user": "MBINDL", "created_date": "2024-01-25T04:41:45Z", "last_edited_user": "KRICHARDSON", "last_edited_date": "2024-02-09T06:21:15Z" }, "geometry": { "type": "LineString", "coordinates": [ [ -120.02196893680059, 39.236072200013055 ], [ -120.021899374582617, 39.236151722817212 ], [ -120.021874796895673, 39.23627524498368 ], [ -120.021862194497459, 39.241700498436089 ] ] } },
{ "type": "Feature", "properties": { "OBJECTID": 1175, "CLASS": "PED", "NAME": "KB SIDEWALKS - MINNOW AVE", "MILES": 0.06633248, "ShapeSTLength": 106.75199491529899, "FROM_": "FOX STREET", "TO_": "CHIPMUNK STREET", "WNTR_MAINT": "N/A", "MAINT_JURS": "PLACER COUNTY", "YR_OF_CONS": "2015", "IMPLEMENT": "PLACER COUNTY", "COUNTY": "PLACER COUNTY", "E_BIKE": null, "GlobalID": "{C481E1C1-8629-49D6-A523-DCF9DC4859D0}", "created_user": "MBINDL", "created_date": "2024-01-25T04:41:45Z", "last_edited_user": "KRICHARDSON", "last_edited_date": "2024-02-09T06:21:15Z" }, "geometry": { "type": "LineString", "coordinates": [ [ -120.019219914927376, 39.235411910243961 ], [ -120.017986975119044, 39.235345202861119 ] ] } },
{ "type": "Feature", "properties": { "OBJECTID": 1177, "CLASS": "2", "NAME": "WARD CREEK TO TAHOMA BIKE LANE", "MILES": 6.11799665, "ShapeSTLength": 9845.9808908616269, "FROM_": "TAHOMA", "TO_": "WARD CREEK", "WNTR_MAINT": "N/A", "MAINT_JURS": "PLACER COUNTY", "YR_OF_CONS": "2015", "IMPLEMENT": "CALTRANS", "COUNTY": "PLACER COUNTY", "E_BIKE": null, "GlobalID": "{6AB795E9-1089-4C03-8E50-3E43E910FF1D}", "created_user": "MBINDL", "created_date": "2024-01-25T04:41:45Z", "last_edited_user": "KRICHARDSON", "last_edited_date": "2024-02-09T06:21:15Z" }, "geometry": { "type": "LineString", "coordinates": [ [ -120.156216173892957, 39.13424324125738 ], [ -120.157039378541683, 39.133196618708105 ], [ -120.157727363639836, 39.132457653053429 ], [ -120.158641664312157, 39.131596769359533 ], [ -120.160444865120112, 39.129872119497598 ], [ -120.161068332974637, 39.129212307489745 ], [ -120.161481694213975, 39.128613844624802 ], [ -120.161741384564621, 39.128061752871659 ], [ -120.162125847138057, 39.127311574470056 ], [ -120.162457376553931, 39.126523982128539 ], [ -120.162587168274527, 39.126305333465659 ], [ -120.162767445925198, 39.125873956902922 ], [ -120.162778776777984, 39.125633372103962 ], [ -120.162793442538543, 39.125321993779011 ], [ -120.162705889009956, 39.125066719289435 ], [ -120.162603376998362, 39.124767826846686 ], [ -120.162371727097025, 39.124389506381107 ], [ -120.162102875805147, 39.123770500202035 ], [ -120.161890868338986, 39.1232918559826 ], [ -120.161762940045321, 39.122772876063088 ], [ -120.161693906743807, 39.122146400116293 ], [ -120.161516114749375, 39.121318325861523 ], [ -120.161271926577172, 39.12044543461176 ], [ -120.160907047232286, 39.119670507074353 ], [ -120.16062830443029, 39.119134890474349 ], [ -120.160387958229123, 39.118792905047535 ], [ -120.160216780575865, 39.118589306459718 ], [ -120.159836854791308, 39.118301134196095 ], [ -120.159494992006515, 39.118139549499226 ], [ -120.158879327471865, 39.117869602362219 ], [ -120.15857949223593, 39.117580929140892 ], [ -120.158482431481943, 39.117291247970698 ], [ -120.158416306801399, 39.116970898389042 ], [ -120.158452987822002, 39.116682626624915 ], [ -120.158499234816531, 39.116160283040379 ], [ -120.158543553332692, 39.115913924921877 ], [ -120.158530417104416, 39.1155022609897 ], [ -120.158410116522447, 39.115115581580937 ], [ -120.15820681266537, 39.114585439205271 ], [ -120.158079319670293, 39.114139133367793 ], [ -120.158118812201707, 39.113264934723837 ], [ -120.158253572289667, 39.112895705336229 ], [ -120.158789442889343, 39.112066310705053 ], [ -120.159192156234312, 39.111619457881766 ], [ -120.159738091460454, 39.110967916264748 ], [ -120.160339841492856, 39.110449216606064 ], [ -120.160642458207192, 39.110161399324788 ], [ -120.161068843986669, 39.109574208295236 ], [ -120.161211035183513, 39.107861472889262 ], [ -120.161706215585681, 39.106500577491367 ], [ -120.162806530277763, 39.104696766409013 ], [ -120.163288873067913, 39.102820689797113 ], [ -120.163480442833773, 39.100708705096977 ], [ -120.163612348839834, 39.099717126346903 ], [ -120.163883910562134, 39.098815033843984 ], [ -120.163940767318834, 39.098366664556657 ], [ -120.164097045223485, 39.097391132943706 ], [ -120.164076341003749, 39.096833150255328 ], [ -120.164096612159085, 39.09647167132421 ], [ -120.164004046292476, 39.095498240247167 ], [ -120.164078120007261, 39.094721525114998 ], [ -120.16400801954812, 39.0941403796283 ], [ -120.163747991420053, 39.093433137585805 ], [ -120.163341363424308, 39.092390241957951 ], [ -120.162980507658006, 39.091519826539312 ], [ -120.160299912635139, 39.085806673951019 ], [ -120.157754596045194, 39.080577906550843 ], [ -120.156819148096218, 39.079213275142635 ], [ -120.156074543071014, 39.078346534899204 ], [ -120.155224485710576, 39.077796299252228 ], [ -120.153097821265973, 39.076864763308762 ], [ -120.152344468744587, 39.076410188859555 ], [ -120.151613007401551, 39.075867452759773 ], [ -120.150921703749759, 39.075246699304458 ], [ -120.149909684663967, 39.074743466487504 ], [ -120.149066051662075, 39.074622316624762 ], [ -120.148506193690153, 39.074672461091453 ], [ -120.146925891229387, 39.074774680751659 ], [ -120.14562730695593, 39.074389460146037 ], [ -120.14514744252223, 39.073943314079919 ], [ -120.143919005449291, 39.072524882611525 ], [ -120.142643121582168, 39.07136492567107 ], [ -120.140041321316701, 39.070405870798005 ], [ -120.13874733991365, 39.069856815397124 ], [ -120.136793908294507, 39.068935457758137 ], [ -120.136266128381251, 39.06875799296953 ], [ -120.13498138992189, 39.068502515835561 ], [ -120.13383368346652, 39.068443299611957 ], [ -120.131194464764121, 39.068473533933869 ], [ -120.130152439499327, 39.068336132884312 ], [ -120.129031284836785, 39.067879589202228 ], [ -120.128146939006541, 39.067215945323738 ], [ -120.126293590208434, 39.065473392783758 ] ] } },
{ "type": "Feature", "properties": { "OBJECTID": 1178, "CLASS": "2", "NAME": "NATIONAL AVENUE", "MILES": 0.22782908, "ShapeSTLength": 366.65610390600989, "FROM_": "SR 28", "TO_": "TOYON RD", "WNTR_MAINT": "N/A", "MAINT_JURS": "PLACER COUNTY", "YR_OF_CONS": "UNKNOWN", "IMPLEMENT": "PLACER COUNTY", "COUNTY": "PLACER COUNTY", "E_BIKE": null, "GlobalID": "{BD260C62-3370-4315-905A-DE5390128A82}", "created_user": "MBINDL", "created_date": "2024-01-25T04:41:45Z", "last_edited_user": "KRICHARDSON", "last_edited_date": "2024-02-09T06:21:15Z" }, "geometry": { "type": "LineString", "coordinates": [ [ -120.04863812645722, 39.239780752733836 ], [ -120.048676504063891, 39.243081911489867 ] ] } },
{ "type": "Feature", "properties": { "OBJECTID": 1179, "CLASS": "PED", "NAME": "SR 89 SIDEWALKS (WEST SIDE)", "MILES": 0.99137035, "ShapeSTLength": 1595.4591165410466, "FROM_": "TUCKER AVE", "TO_": "15TH STREET", "WNTR_MAINT": "NO", "MAINT_JURS": "CITY OF SOUTH LAKE TAHOE", "YR_OF_CONS": "2016", "IMPLEMENT": "CITY OF SOUTH LAKE TAHOE", "COUNTY": "CITY OF SOUTH LAKE TAHOE", "E_BIKE": null, "GlobalID": "{070A6C6A-69CE-46D0-8081-87063FDA3940}", "created_user": "MBINDL", "created_date": "2024-01-25T04:41:45Z", "last_edited_user": "KRICHARDSON", "last_edited_date": "2024-02-09T06:21:15Z" }, "geometry": { "type": "LineString", "coordinates": [ [ -120.00537862486577, 38.914066803039717 ], [ -120.005395025543166, 38.914086598577434 ], [ -120.006111836518016, 38.914761171222345 ], [ -120.007225990549514, 38.915607846249571 ], [ -120.011701041172628, 38.91807256604293 ], [ -120.012755464921469, 38.918877556976177 ], [ -120.01353940570371, 38.919523225488646 ], [ -120.01422988066065, 38.919949944464008 ], [ -120.014795779908738, 38.920164940788005 ], [ -120.017314853374728, 38.920687213670078 ], [ -120.019618656494302, 38.921164801911836 ], [ -120.020576920094626, 38.921363439234376 ], [ -120.020674604550933, 38.921387172920703 ] ] } },
{ "type": "Feature", "properties": { "OBJECTID": 1180, "CLASS": "PED", "NAME": "NORTH TAHOE RECREATION AREA", "MILES": 0.15442522, "ShapeSTLength": 248.52380577434479, "FROM_": "NATIONAL AVE", "TO_": "NORTH TAHOE REC AREA", "WNTR_MAINT": "YES", "MAINT_JURS": "NTPUD", "YR_OF_CONS": "UNKNOWN", "IMPLEMENT": "NTPUD", "COUNTY": "PLACER COUNTY", "E_BIKE": null, "GlobalID": "{938A58C2-6AF2-4EA9-83E7-78E49BF6CD14}", "created_user": "MBINDL", "created_date": "2024-01-25T04:41:45Z", "last_edited_user": "KRICHARDSON", "last_edited_date": "2024-02-09T06:21:15Z" }, "geometry": { "type": "MultiLineString", "coordinates": [ [ [ -120.046935116485372, 39.239420775025486 ], [ -120.046946399486572, 39.239371007007257 ], [ -120.046999749912871, 39.239341374914581 ], [ -120.04706800828572, 39.239321655756115 ], [ -120.047154538700681, 39.239304782959962 ], [ -120.047224959891125, 39.239306569802451 ] ], [ [ -120.048291099298012, 39.239464710120664 ], [ -120.048135047499457, 39.239458368218763 ], [ -120.04796664785566, 39.239454096549302 ], [ -120.047859383735499, 39.239453759201119 ], [ -120.047725163250817, 39.239438436787829 ], [ -120.047639532953369, 39.239433880727283 ], [ -120.047522984147136, 39.239435691186365 ], [ -120.04742836768466, 39.23942613964654 ], [ -120.047272115150491, 39.239424558830883 ], [ -120.047124748928766, 39.239430353393182 ], [ -120.047016986513128, 39.239441920064543 ], [ -120.046931554932868, 39.239432602088954 ], [ -120.046862032887361, 39.239409385769967 ], [ -120.046758730145598, 39.23938769671863 ], [ -120.046672900200178, 39.239387901315823 ], [ -120.04659595525554, 39.239395483245922 ] ], [ [ -120.048567129031483, 39.239533682856823 ], [ -120.048517473868571, 39.239475219047073 ], [ -120.048465523154931, 39.239471517779549 ], [ -120.048358559746106, 39.2394640375121 ], [ -120.048273028063505, 39.239457100750137 ], [ -120.048194320618919, 39.239433653141901 ], [ -120.04813308408329, 39.239432099859648 ], [ -120.047958660387479, 39.23942529170705 ], [ -120.047812292980424, 39.239407277593912 ] ] ] } },
{ "type": "Feature", "properties": { "OBJECTID": 1181, "CLASS": "2", "NAME": "SR 89 BIKE LANES", "MILES": 1.37959271, "ShapeSTLength": 2220.2436856492409, "FROM_": "SOUTH TAHOE \"Y\"", "TO_": "ONE LANE MERGE", "WNTR_MAINT": "N/A", "MAINT_JURS": "CITY OF SOUTH LAKE TAHOE", "YR_OF_CONS": "2016", "IMPLEMENT": "CALTRANS", "COUNTY": "CITY OF SOUTH LAKE TAHOE", "E_BIKE": null, "GlobalID": "{53EC938D-9921-461C-B2B2-78A90440BBD3}", "created_user": "MBINDL", "created_date": "2024-01-25T04:41:45Z", "last_edited_user": "KRICHARDSON", "last_edited_date": "2024-02-09T06:21:15Z" }, "geometry": { "type": "LineString", "coordinates": [ [ -120.004681638216667, 38.9134888381165 ], [ -120.005277053903541, 38.91420751745968 ], [ -120.005993864857132, 38.914882090821948 ], [ -120.007108019212595, 38.915728766981019 ], [ -120.011583072792789, 38.91819349139822 ], [ -120.012637496842089, 38.918998483402248 ], [ -120.013421437764379, 38.919644152706915 ], [ -120.014111913095761, 38.92007087239179 ], [ -120.014677812926678, 38.920285868408584 ], [ -120.02045896040886, 38.92148437389249 ], [ -120.022450964695878, 38.921968348252975 ], [ -120.024858797146862, 38.922575182354308 ], [ -120.025524297407159, 38.922864851487219 ], [ -120.026205294029936, 38.923275217690225 ] ] } },
{ "type": "Feature", "properties": { "OBJECTID": 1182, "CLASS": "3", "NAME": "MARKET STREET BIKE ROUTE", "MILES": 0.19018264, "ShapeSTLength": 306.06989770842745, "FROM_": "SR 207", "TO_": "MARKET STREET", "WNTR_MAINT": "N/A", "MAINT_JURS": "TRPA", "YR_OF_CONS": "2017", "IMPLEMENT": "TRPA", "COUNTY": "DOUGLAS COUNTY", "E_BIKE": null, "GlobalID": "{4192156C-1FA4-4BBF-BD42-DD7D459F07AD}", "created_user": "MBINDL", "created_date": "2024-01-25T04:41:45Z", "last_edited_user": "KRICHARDSON", "last_edited_date": "2024-02-09T06:21:15Z" }, "geometry": { "type": "LineString", "coordinates": [ [ -119.930543158759647, 38.965295065148986 ], [ -119.9306182778692, 38.966631835713478 ], [ -119.930499113742471, 38.967187268312649 ], [ -119.930579595519006, 38.968039449778189 ] ] } },
{ "type": "Feature", "properties": { "OBJECTID": 1183, "CLASS": "2", "NAME": "HWY 50 BIKE LANES", "MILES": 1.89664427, "ShapeSTLength": 3052.3591833904998, "FROM_": "South Tahoe Y", "TO_": "Trout Creek", "WNTR_MAINT": "YES", "MAINT_JURS": "Caltrans", "YR_OF_CONS": "2019", "IMPLEMENT": "CALTRANS", "COUNTY": "El Dorado County", "E_BIKE": null, "GlobalID": "{E82FAB64-4CCE-432D-A117-325DF572A844}", "created_user": "MBINDL", "created_date": "2024-01-25T04:41:45Z", "last_edited_user": "KRICHARDSON", "last_edited_date": "2024-02-09T06:21:15Z" }, "geometry": { "type": "LineString", "coordinates": [ [ -120.004638414479714, 38.913428118260988 ], [ -120.002808262897517, 38.91431692856564 ], [ -119.98268927007841, 38.9277109100776 ], [ -119.981781114313264, 38.928465355341814 ], [ -119.980810961171244, 38.929369733576863 ], [ -119.980180764844278, 38.929979983221422 ], [ -119.979549197781864, 38.930874236050748 ], [ -119.978874647495303, 38.931872884613263 ] ] } },
{ "type": "Feature", "properties": { "OBJECTID": 1184, "CLASS": "PED", "NAME": "SIERRA BLVD", "MILES": 0.58200552, "ShapeSTLength": 936.64896531112322, "FROM_": "PALMIRA AVE", "TO_": "BARBARA AVE", "WNTR_MAINT": "YES", "MAINT_JURS": "CITY OF SOUTH LAKE TAHOE", "YR_OF_CONS": "2019", "IMPLEMENT": "CITY OF SOUTH LAKE TAHOE", "COUNTY": "CITY OF SOUTH LAKE TAHOE", "E_BIKE": null, "GlobalID": "{D926D369-6412-4CA5-9696-595CB59FEE54}", "created_user": "MBINDL", "created_date": "2024-01-25T04:41:45Z", "last_edited_user": "KRICHARDSON", "last_edited_date": "2024-02-09T06:21:15Z" }, "geometry": { "type": "LineString", "coordinates": [ [ -119.978774324428159, 38.918380230656233 ], [ -119.979534911295076, 38.919084102504499 ], [ -119.98065247531153, 38.920111326158079 ], [ -119.981807293588744, 38.921184211515524 ], [ -119.982045635802635, 38.921401812349401 ], [ -119.982488998938692, 38.921806587178573 ], [ -119.982645081149471, 38.921949081740557 ], [ -119.9830247165945, 38.922295669260116 ], [ -119.983194624992322, 38.922450785358123 ], [ -119.983361178425142, 38.922653157610014 ], [ -119.983522880308328, 38.922774622939656 ], [ -119.983684607812904, 38.922950519123397 ], [ -119.984076933745158, 38.92331280506199 ], [ -119.984238745356052, 38.923462226642165 ], [ -119.984649615098419, 38.923814725532303 ], [ -119.984754021764573, 38.923906240933803 ], [ -119.985179661278039, 38.92431565471567 ], [ -119.985302020286227, 38.924428347675047 ], [ -119.985758124532467, 38.924804915099244 ] ] } },
{ "type": "Feature", "properties": { "OBJECTID": 1185, "CLASS": "3", "NAME": "Venice Blvd Bike Route", "MILES": 0.88095366, "ShapeSTLength": 1417.7603190367895, "FROM_": "Tahoe Keys Blvd", "TO_": "15th St", "WNTR_MAINT": "YES", "MAINT_JURS": "City of South Lake Tahoe", "YR_OF_CONS": "2019", "IMPLEMENT": "City of South Lake Tahoe", "COUNTY": "El Dorado County", "E_BIKE": null, "GlobalID": "{62EC44F3-4635-43A1-A85E-F3D4C43CF804}", "created_user": "MBINDL", "created_date": "2024-01-25T04:41:45Z", "last_edited_user": "KRICHARDSON", "last_edited_date": "2024-02-09T06:21:15Z" }, "geometry": { "type": "LineString", "coordinates": [ [ -120.0042813390817, 38.92991490844171 ], [ -120.007339478371989, 38.928793819337891 ], [ -120.008229972942729, 38.928582435942879 ], [ -120.011626609743885, 38.928205575226194 ], [ -120.012966854309028, 38.927949507760161 ], [ -120.015509976631421, 38.928030261605343 ], [ -120.01789942456756, 38.928340169757583 ], [ -120.020153364959697, 38.928261641029366 ] ] } },
{ "type": "Feature", "properties": { "OBJECTID": 1186, "CLASS": "1", "NAME": "Sawmill Bike Path 2A", "MILES": 1.85190067, "ShapeSTLength": 2980.3512005938765, "FROM_": "Lake Tahoe Blvd", "TO_": "US-50", "WNTR_MAINT": "YES", "MAINT_JURS": "EL Dorado County", "YR_OF_CONS": "2012", "IMPLEMENT": "El Dorado County", "COUNTY": "El Dorado County", "E_BIKE": "No", "GlobalID": "{445D21FB-937F-44F3-8404-283A442C4F22}", "created_user": "MBINDL", "created_date": "2024-01-25T04:41:45Z", "last_edited_user": "KRICHARDSON", "last_edited_date": "2024-02-09T06:21:15Z" }, "geometry": { "type": "LineString", "coordinates": [ [ -120.005552771656568, 38.875632419043448 ], [ -120.00592087154233, 38.875628418855989 ], [ -120.006333471950214, 38.875567619353475 ], [ -120.007282572034981, 38.875385218934071 ], [ -120.008147471349673, 38.875226218961011 ], [ -120.009024471703, 38.875090618882595 ], [ -120.010381971744209, 38.874927018112231 ], [ -120.01135497338467, 38.874833417442744 ], [ -120.012051773550908, 38.874805418040069 ], [ -120.012790573281421, 38.874823817269927 ], [ -120.01332967328139, 38.874819617429075 ], [ -120.013777573277409, 38.874884417290971 ], [ -120.014260372959157, 38.874896917083596 ], [ -120.014697573477221, 38.874851017150874 ], [ -120.015003372893702, 38.874869817366168 ], [ -120.015212573171468, 38.874896917657956 ], [ -120.015480773052005, 38.874909416974823 ], [ -120.016202373480965, 38.87486141734027 ], [ -120.016886272507122, 38.874809216905376 ], [ -120.017790172971104, 38.874744516945896 ], [ -120.018162974101656, 38.874725717166356 ], [ -120.018420074189393, 38.874730617089895 ], [ -120.018857174419168, 38.874805416901921 ], [ -120.019331674585743, 38.874922317042184 ], [ -120.019960074678522, 38.875149617344327 ], [ -120.020289974507151, 38.875325018070704 ], [ -120.020576973647891, 38.875692518242808 ], [ -120.021003473967895, 38.876273017614182 ], [ -120.021142974755961, 38.876433817718485 ], [ -120.021376274091693, 38.876619617501262 ], [ -120.021472874120704, 38.876815918130767 ], [ -120.021604274020703, 38.877068517417086 ], [ -120.021724974597859, 38.877262717760495 ], [ -120.02181347491539, 38.877475717542495 ], [ -120.022207774651122, 38.878356917278879 ], [ -120.022382174860496, 38.878822517865437 ], [ -120.022465274314968, 38.878968717673814 ], [ -120.02260477450983, 38.879148217735114 ], [ -120.022658374677391, 38.879315317610285 ], [ -120.022669175067378, 38.879563817457267 ], [ -120.022669175263886, 38.879803917431843 ], [ -120.0227093749114, 38.880000217434585 ], [ -120.022752274539656, 38.880188117014619 ], [ -120.02290517487539, 38.880359317296538 ], [ -120.02311977535723, 38.880549317649361 ], [ -120.023302175298497, 38.880674617295988 ], [ -120.023471774275023, 38.880744517537117 ], [ -120.023841474980159, 38.880979118085058 ], [ -120.02405367514767, 38.881148917847064 ], [ -120.024243574913726, 38.881282218100552 ], [ -120.024654975596235, 38.881516218429766 ], [ -120.024753176239528, 38.881593318502311 ], [ -120.024793475476855, 38.8816831184675 ], [ -120.024836375685339, 38.881777018047373 ], [ -120.024914975750292, 38.881856218150489 ], [ -120.025292376112162, 38.882050518047016 ], [ -120.025437175661594, 38.882144518141317 ], [ -120.025545975991093, 38.882268218089244 ], [ -120.025694676570936, 38.882499418113106 ], [ -120.025810976023166, 38.882623218005186 ], [ -120.02600577603765, 38.882756317854813 ], [ -120.026172076592857, 38.882866918158662 ], [ -120.026389376199603, 38.882996417925149 ], [ -120.026517976633386, 38.883066217529347 ], [ -120.026601976504722, 38.883172217913774 ], [ -120.026754176511403, 38.883439018167692 ], [ -120.026842676764858, 38.883601917341309 ], [ -120.026952976583388, 38.883775217828926 ], [ -120.026979476832778, 38.883898317442501 ], [ -120.026984775904751, 38.884105717619477 ], [ -120.026976776312949, 38.884476717340917 ], [ -120.027017476720204, 38.884690217762525 ], [ -120.027011676637159, 38.884929817732107 ], [ -120.026952576342055, 38.88513231740469 ], [ -120.026917776664163, 38.885439217491211 ], [ -120.026915077041792, 38.885752417502161 ], [ -120.026915077102885, 38.885913117186178 ], [ -120.026914977004637, 38.886029217356615 ], [ -120.026886976689511, 38.886278217230114 ], [ -120.026802977161339, 38.886500218134053 ], [ -120.026704476856878, 38.886703918019748 ], [ -120.026587976821475, 38.886884218706697 ], [ -120.02648197613594, 38.887002217981667 ], [ -120.026392476154683, 38.887198718188721 ], [ -120.026385076551065, 38.887467218464749 ], [ -120.026436277293527, 38.887694118067493 ], [ -120.026518076331641, 38.887873618605397 ], [ -120.026646877106103, 38.888046817931411 ], [ -120.026797076329203, 38.88818881855692 ], [ -120.026906377086661, 38.888254617896351 ], [ -120.026966777228992, 38.888259818323455 ], [ -120.027027577036137, 38.888246818236226 ] ] } },
{ "type": "Feature", "properties": { "OBJECTID": 1187, "CLASS": "1", "NAME": "South Lake Tahoe Bikeway", "MILES": 0.47686236, "ShapeSTLength": 767.43711788678922, "FROM_": "Trout Creek", "TO_": "Macinaw Rd", "WNTR_MAINT": "YES", "MAINT_JURS": "City of South Lake Tahoe", "YR_OF_CONS": "Before 2006", "IMPLEMENT": "City of South Lake Tahoe", "COUNTY": "El Dorado County", "E_BIKE": "Yes", "GlobalID": "{C1F305C8-DC20-4848-B7A7-23B8578DA122}", "created_user": "MBINDL", "created_date": "2024-01-25T04:41:45Z", "last_edited_user": "KRICHARDSON", "last_edited_date": "2024-02-09T06:21:15Z" }, "geometry": { "type": "LineString", "coordinates": [ [ -119.979166673552044, 38.931826825893324 ], [ -119.979222973945042, 38.931762125298469 ], [ -119.979274974220459, 38.931721525364203 ], [ -119.979325974486585, 38.931711025853083 ], [ -119.979403774413186, 38.931706925705775 ], [ -119.98027707444065, 38.931714225773625 ], [ -119.980406873870322, 38.931731925829233 ], [ -119.980511475372566, 38.931771525110449 ], [ -119.980594675685026, 38.931792425592121 ], [ -119.980671375706891, 38.931793425736693 ], [ -119.980738475364646, 38.931783025289448 ], [ -119.98078777500487, 38.931759025552424 ], [ -119.980813374804271, 38.931739125670234 ], [ -119.980836075405335, 38.931721525451103 ], [ -119.980851074805699, 38.931657825082468 ], [ -119.98083877482452, 38.931567125793848 ], [ -119.98081727566597, 38.931504525566965 ], [ -119.980802775124459, 38.931376125097529 ], [ -119.980797475028368, 38.930468526010429 ], [ -119.980824275321481, 38.93037052558622 ], [ -119.980861774579196, 38.930316225484709 ], [ -119.980915475168089, 38.930270325672943 ], [ -119.981001274438952, 38.930216125409707 ], [ -119.981070975476072, 38.930184825880943 ], [ -119.981199775458109, 38.930166025175502 ], [ -119.981305474675608, 38.930171225867205 ], [ -119.981408974424482, 38.930205625650572 ], [ -119.981487874867867, 38.930256725232105 ], [ -119.981552174847394, 38.930319325904996 ], [ -119.981624675581415, 38.930419525350878 ], [ -119.981709375551404, 38.930568725886353 ], [ -119.981756075103007, 38.930607325524072 ], [ -119.981832775222529, 38.930645925865974 ], [ -119.981899774500192, 38.93065632528036 ], [ -119.982005474536777, 38.930661525367789 ], [ -119.983314374680759, 38.930644825007107 ], [ -119.98371137556461, 38.9306490257284 ], [ -119.98445167550598, 38.930661525466412 ], [ -119.984703775496016, 38.93068452518591 ], [ -119.984840575226997, 38.930707425489857 ], [ -119.984931775138122, 38.93075122559825 ], [ -119.985017574632579, 38.930790924851259 ], [ -119.98508737538711, 38.930809725313409 ], [ -119.985146375523982, 38.930809725307981 ], [ -119.985208074835214, 38.930782525355752 ], [ -119.985248275600512, 38.930753325533374 ], [ -119.985272474903653, 38.930707425031166 ], [ -119.985272475077181, 38.930661525110246 ], [ -119.985157874797139, 38.930442924969242 ] ] } },
{ "type": "Feature", "properties": { "OBJECTID": 1188, "CLASS": "1", "NAME": "El Dorado/ Harrison Bike Path", "MILES": 1.36266577, "ShapeSTLength": 2193.0023636546016, "FROM_": "Trout Creek", "TO_": "Lakeview Commons", "WNTR_MAINT": "YES", "MAINT_JURS": "City of South Lake Tahoe", "YR_OF_CONS": "2014", "IMPLEMENT": "City of South Lake Tahoe", "COUNTY": "El Dorado County", "E_BIKE": "Yes", "GlobalID": "{F64F53FB-0A16-4EB1-860C-9AE73D19A63A}", "created_user": "MBINDL", "created_date": "2024-01-25T04:41:45Z", "last_edited_user": "KRICHARDSON", "last_edited_date": "2024-02-09T06:21:15Z" }, "geometry": { "type": "LineString", "coordinates": [ [ -119.970488074988566, 38.945920628142311 ], [ -119.970619473997601, 38.945931028005973 ], [ -119.970788474318852, 38.945931028199404 ], [ -119.97098857471758, 38.945913327441737 ], [ -119.971136074941938, 38.945898727588173 ], [ -119.971236474290464, 38.945881027691279 ], [ -119.971525074717349, 38.945844527805221 ], [ -119.971724574890899, 38.945818427520564 ], [ -119.97187207463422, 38.945793427884801 ], [ -119.972035774117643, 38.945757927360077 ], [ -119.97210007461851, 38.945734927320217 ], [ -119.972204674697934, 38.945697428056469 ], [ -119.972381774630833, 38.945657827338316 ], [ -119.972696474199097, 38.945573227699072 ], [ -119.973037975961873, 38.945498228087381 ], [ -119.97322927608883, 38.945459627977534 ], [ -119.973563475952815, 38.945387627291424 ], [ -119.973953476103134, 38.945301028083591 ], [ -119.974220675642059, 38.945235327198986 ], [ -119.974398775435191, 38.945186327034293 ], [ -119.974577376070584, 38.945143526818917 ], [ -119.974765176179375, 38.945110226911197 ], [ -119.974880475493592, 38.945083126838433 ], [ -119.975058575128671, 38.945021526863108 ], [ -119.975247975277782, 38.944943326452503 ], [ -119.975460876113132, 38.944869227053019 ], [ -119.97562987533675, 38.944787926676852 ], [ -119.9758390750562, 38.944669026288743 ], [ -119.976045675987237, 38.944554226488734 ], [ -119.976174375100598, 38.944458326546226 ], [ -119.976275275908833, 38.94438002684214 ], [ -119.976356775011979, 38.944285127092947 ], [ -119.976401374975822, 38.944225526430174 ], [ -119.97650557565413, 38.944125627023496 ], [ -119.976564575697893, 38.944121627114704 ], [ -119.976600875308804, 38.944119226874889 ], [ -119.976638675042963, 38.944066126223277 ], [ -119.976688075007786, 38.944021227007411 ], [ -119.976755375260424, 38.943927426379936 ], [ -119.976834175108309, 38.943870026546605 ], [ -119.976874475109753, 38.943794926305983 ], [ -119.976925375543473, 38.943634226375742 ], [ -119.976975274936137, 38.943539326784915 ], [ -119.977035375589608, 38.943434027007207 ], [ -119.977098675176691, 38.943301526999136 ], [ -119.977227374966446, 38.943059526699955 ], [ -119.977276775388887, 38.943014726322218 ], [ -119.977333075389808, 38.9429959266525 ], [ -119.977424775444149, 38.94299902686658 ], [ -119.977471375620524, 38.943000026583377 ], [ -119.978254675561985, 38.942944826895712 ], [ -119.978640975158072, 38.942913526172738 ], [ -119.978742875284425, 38.942907226784698 ], [ -119.978761675487803, 38.942878026277363 ], [ -119.978767575201005, 38.942838126933133 ], [ -119.97870267511972, 38.942450426864035 ], [ -119.978668075708001, 38.942177227081018 ], [ -119.978591875532246, 38.941517126262688 ], [ -119.978471574617146, 38.940770227120389 ], [ -119.9783753755314, 38.940076326737646 ], [ -119.978340575069396, 38.940051226519515 ], [ -119.978273475232584, 38.940063827205059 ], [ -119.977573375134369, 38.940155527133626 ], [ -119.977541275416144, 38.940153526755068 ], [ -119.977522475041624, 38.940132626471069 ], [ -119.977510674675997, 38.940084327187371 ], [ -119.977475275085567, 38.93995212726221 ], [ -119.977498274483565, 38.939341926230192 ], [ -119.977509075100514, 38.938996426103188 ], [ -119.97749297498865, 38.938703525692581 ], [ -119.977484874706036, 38.938570026126087 ], [ -119.977450074997662, 38.938469926550901 ], [ -119.977410874997005, 38.938339526246878 ], [ -119.977422875168173, 38.938244426019281 ], [ -119.977441975101272, 38.938125626582298 ], [ -119.97745007448323, 38.938008825759582 ], [ -119.977466175016957, 38.937873226449057 ], [ -119.977462374613495, 38.937812625779394 ], [ -119.977458074786099, 38.937743825872431 ], [ -119.977436674296811, 38.937587426255277 ], [ -119.977423174762066, 38.937431825989663 ], [ -119.977425874632019, 38.937318226576302 ], [ -119.977455375156154, 38.937207626223362 ], [ -119.977498275139723, 38.9370637261826 ], [ -119.97751977478211, 38.936959426401053 ], [ -119.977503674229155, 38.936834226472904 ], [ -119.977479574788717, 38.936677226281219 ], [ -119.977479574237421, 38.93653582598678 ], [ -119.977511774632504, 38.936410726548985 ], [ -119.977573374828921, 38.936256326681836 ], [ -119.977602874051769, 38.936116526016924 ], [ -119.977613674362232, 38.936014326335872 ], [ -119.977600274293138, 38.935911626498743 ], [ -119.977616374354426, 38.935797326611443 ], [ -119.977645874997606, 38.935680426326691 ], [ -119.977667274459478, 38.935551126280153 ], [ -119.977728974286407, 38.935377926616603 ], [ -119.977753174569969, 38.935298626795245 ], [ -119.977780074684176, 38.935131825996528 ], [ -119.97780947421694, 38.934950226338131 ], [ -119.977844274929382, 38.934831326440701 ], [ -119.977879174720741, 38.934716526299255 ], [ -119.977889874700139, 38.934616426620394 ], [ -119.977903374449852, 38.934514226567437 ], [ -119.977914073975242, 38.934424426632773 ], [ -119.977927474302263, 38.934360325818439 ], [ -119.977948973874462, 38.934276325431355 ], [ -119.977986474856294, 38.934220025531893 ], [ -119.978045473904928, 38.934138625612881 ], [ -119.978099174669993, 38.934032225885431 ], [ -119.97812867397144, 38.933915425394481 ], [ -119.978158174210947, 38.933758925831214 ], [ -119.978198374010759, 38.933650425813596 ], [ -119.978246674132563, 38.933518925381847 ], [ -119.97828957367399, 38.933383325629485 ], [ -119.978333174140928, 38.93325082592856 ], [ -119.97839527386482, 38.933106925592845 ], [ -119.978494473956687, 38.9328941258496 ], [ -119.978631274351457, 38.932647925219428 ], [ -119.97873317418518, 38.932493525387777 ], [ -119.978836774256493, 38.932338025383977 ], [ -119.978965473642504, 38.932131525265071 ], [ -119.979166673552044, 38.931826825893324 ] ] } },
{ "type": "Feature", "properties": { "OBJECTID": 1189, "CLASS": "1", "NAME": "El Dorado Beach to Ski Run", "MILES": 0.69651605, "ShapeSTLength": 1120.9361693005401, "FROM_": "Lakeview Commons", "TO_": "Ski Run Blvd", "WNTR_MAINT": "YES", "MAINT_JURS": "City of South Lake Tahoe", "YR_OF_CONS": "2017", "IMPLEMENT": "City of South Lake Tahoe", "COUNTY": "El Dorado County", "E_BIKE": "Yes", "GlobalID": "{5BEA7BF5-519D-4F52-A489-9F2152A6EFD8}", "created_user": "MBINDL", "created_date": "2024-01-25T04:41:45Z", "last_edited_user": "KRICHARDSON", "last_edited_date": "2024-02-09T06:21:15Z" }, "geometry": { "type": "LineString", "coordinates": [ [ -119.958321772973306, 38.948403028356402 ], [ -119.958390272909114, 38.948362328929683 ], [ -119.958465372306676, 38.94833102835711 ], [ -119.958561872642832, 38.948312228818722 ], [ -119.958640872007237, 38.948292428622764 ], [ -119.95869727250583, 38.948254928654904 ], [ -119.958749673279996, 38.948201728393734 ], [ -119.958864974292325, 38.948139128301463 ], [ -119.959597073664042, 38.947826328156737 ], [ -119.959870873991179, 38.947709428722547 ], [ -119.961872873180951, 38.947047128560072 ], [ -119.963093274028154, 38.946705028035275 ], [ -119.963569273713119, 38.946556428758456 ], [ -119.963922973020146, 38.946446027852929 ], [ -119.964288373529158, 38.946331927873608 ], [ -119.964393073537124, 38.946299228267009 ], [ -119.96579697330867, 38.945877628328766 ], [ -119.965952474976007, 38.945830927907295 ], [ -119.966250174521861, 38.945770428084039 ], [ -119.966560274866211, 38.945729727929262 ], [ -119.966933074931958, 38.945692227984878 ], [ -119.967158974046427, 38.94567722820009 ], [ -119.967340774581103, 38.945665127889505 ], [ -119.967756574169968, 38.945660928270335 ], [ -119.968197474525667, 38.945687027620799 ], [ -119.96848877440722, 38.945723527860565 ], [ -119.968553874021708, 38.945735228034131 ], [ -119.968782174227897, 38.945776428376568 ], [ -119.968939374543481, 38.945804828273545 ], [ -119.969643174649676, 38.945891427737429 ], [ -119.969844374358473, 38.945910227735176 ], [ -119.970077675067913, 38.945924828258349 ], [ -119.970488074988566, 38.945920628142311 ] ] } },
{ "type": "Feature", "properties": { "OBJECTID": 1190, "CLASS": "1", "NAME": "Linear Park Bike Path", "MILES": 0.74470548, "ShapeSTLength": 1198.4896998144086, "FROM_": "Ski Run Blvd", "TO_": "Pioneer Trail", "WNTR_MAINT": "YES", "MAINT_JURS": "City of South Lake Tahoe", "YR_OF_CONS": "Before 2006", "IMPLEMENT": "City of South Lake Tahoe", "COUNTY": "El Dorado County", "E_BIKE": "Yes", "GlobalID": "{8A42C641-ABE3-4238-B2E8-A139172F5226}", "created_user": "MBINDL", "created_date": "2024-01-25T04:41:45Z", "last_edited_user": "KRICHARDSON", "last_edited_date": "2024-02-09T06:21:15Z" }, "geometry": { "type": "LineString", "coordinates": [ [ -119.946500071632599, 38.953833630108839 ], [ -119.946567072350931, 38.953802329812355 ], [ -119.946620772398404, 38.953773129760705 ], [ -119.946687771937746, 38.953693929976382 ], [ -119.94674147256832, 38.953639729771552 ], [ -119.946805771624611, 38.953591730287251 ], [ -119.946849572154051, 38.953563930322467 ], [ -119.947056472426951, 38.953444629866013 ], [ -119.947134271952777, 38.9534217297278 ], [ -119.947209372197591, 38.953392530235405 ], [ -119.947296672260848, 38.953349729800649 ], [ -119.947355671566399, 38.953324730167026 ], [ -119.947418572515829, 38.953311129585209 ], [ -119.947556771911948, 38.953291330110758 ], [ -119.947646572425853, 38.953265229476898 ], [ -119.94770967151824, 38.953232930005136 ], [ -119.947794071735629, 38.953169329607562 ], [ -119.947836971806993, 38.953129729482974 ], [ -119.947912072238623, 38.953079630186878 ], [ -119.948026172563331, 38.953028530052094 ], [ -119.948199071693409, 38.952954529823813 ], [ -119.948359971879469, 38.952862730273907 ], [ -119.94848337171176, 38.952798030241333 ], [ -119.948571872287005, 38.952748029836854 ], [ -119.948669972344518, 38.95269893009101 ], [ -119.948814771465194, 38.952644729901394 ], [ -119.948976871698221, 38.952587330078224 ], [ -119.949054671791941, 38.952554029869823 ], [ -119.949137872121014, 38.952506029917977 ], [ -119.949218272137927, 38.952460129545464 ], [ -119.949320271825798, 38.952418430137286 ], [ -119.949505271673715, 38.952360029616706 ], [ -119.949746272487388, 38.952281929504359 ], [ -119.949879571368371, 38.952225429897126 ], [ -119.949978871913757, 38.952181629630282 ], [ -119.950194671501748, 38.952088830183946 ], [ -119.950379671523251, 38.951984529661942 ], [ -119.950516472379647, 38.951915729383352 ], [ -119.950662772225911, 38.951854229380679 ], [ -119.950830271629442, 38.95178432976234 ], [ -119.950995372385407, 38.951691530038126 ], [ -119.951207271296767, 38.951587229724645 ], [ -119.951330671391872, 38.951535029823965 ], [ -119.951522372338559, 38.951463129576247 ], [ -119.951732972742676, 38.951364029311094 ], [ -119.951910073068959, 38.951276430077662 ], [ -119.952058773248197, 38.951214829766947 ], [ -119.952218473019371, 38.951147029568872 ], [ -119.952331172461754, 38.951094929968008 ], [ -119.952411572723349, 38.951038629451354 ], [ -119.952502773350815, 38.950992729754851 ], [ -119.952642272960531, 38.950930129691081 ], [ -119.952788372405195, 38.950881129448156 ], [ -119.953102572738857, 38.950763830012669 ], [ -119.953240372633616, 38.950698629925292 ], [ -119.953361072646572, 38.950627629907089 ], [ -119.953501773107646, 38.950564029564255 ], [ -119.953654672576107, 38.950486829239487 ], [ -119.953792972810817, 38.950427429667478 ], [ -119.953994073220201, 38.950344029714252 ], [ -119.95416847289755, 38.950281429539707 ], [ -119.954324072916293, 38.950223029827697 ], [ -119.954437873374317, 38.95017402887602 ], [ -119.954530572430883, 38.950112428414762 ], [ -119.954612272284805, 38.950063428525027 ], [ -119.954687873117862, 38.950021228549566 ], [ -119.954766572476416, 38.949970628611368 ], [ -119.954844372431822, 38.949951828514081 ], [ -119.95494357333871, 38.94992472892222 ], [ -119.954991873334933, 38.949901728746717 ], [ -119.955032172671338, 38.949860028286267 ], [ -119.955078973018004, 38.949827728826421 ], [ -119.955194273123439, 38.949769328715881 ], [ -119.955309573068106, 38.949723429016487 ], [ -119.955445173070032, 38.949661929062501 ], [ -119.955601972429378, 38.949577429053853 ], [ -119.955745572358182, 38.949515828600823 ], [ -119.955859472709534, 38.949489829059168 ], [ -119.956051372238051, 38.949430328712438 ], [ -119.956155973114932, 38.949386528980156 ], [ -119.956302072259078, 38.94931872838157 ], [ -119.956464472656918, 38.949246828870798 ], [ -119.956692372544651, 38.949146628634132 ], [ -119.95690817317994, 38.949070528601958 ], [ -119.957000872531651, 38.949017328580297 ], [ -119.957162972672435, 38.948949528225874 ], [ -119.95733737274648, 38.948876528919691 ], [ -119.957468772429266, 38.948824328395261 ], [ -119.957522472067481, 38.948786828812516 ], [ -119.95755507285314, 38.948756728940758 ], [ -119.95757257291136, 38.94874162832172 ], [ -119.957630172604183, 38.948716028299629 ], [ -119.957766372602777, 38.948655728584512 ], [ -119.957910172512996, 38.948575128462224 ], [ -119.958052272121392, 38.948537528509569 ], [ -119.958159572632297, 38.948497928772014 ], [ -119.958248072941217, 38.948458328611899 ], [ -119.958321772973306, 38.948403028356402 ] ] } },
{ "type": "Feature", "properties": { "OBJECTID": 1191, "CLASS": "1", "NAME": "Greenway Phase 1A", "MILES": 0.48927372, "ShapeSTLength": 787.41130550850471, "FROM_": "Glenwood Way", "TO_": "Herbert Ave", "WNTR_MAINT": "YES", "MAINT_JURS": "City of South Lake Tahoe", "YR_OF_CONS": "2015", "IMPLEMENT": "California Tahoe Conservancy", "COUNTY": "El Dorado County", "E_BIKE": "Yes", "GlobalID": "{B2F335E4-A8DB-478D-B3A0-AD50F703EA2C}", "created_user": "MBINDL", "created_date": "2024-01-25T04:41:45Z", "last_edited_user": "KRICHARDSON", "last_edited_date": "2024-02-09T06:21:15Z" }, "geometry": { "type": "LineString", "coordinates": [ [ -119.962384971272442, 38.930245227324647 ], [ -119.96230667167913, 38.930287527329313 ], [ -119.9622369719511, 38.930302126773427 ], [ -119.962145771917335, 38.930314626541438 ], [ -119.961996171850402, 38.930318326793056 ], [ -119.961968072158015, 38.930340426662539 ], [ -119.961971271425554, 38.930383326916434 ], [ -119.961971471087395, 38.930413226842816 ], [ -119.961968371181754, 38.930477427318756 ], [ -119.961945171566171, 38.930601726967744 ], [ -119.961907371373599, 38.930696527197732 ], [ -119.961843571721417, 38.930784626849182 ], [ -119.961747671489093, 38.930861426510575 ], [ -119.961619972057875, 38.930899826547574 ], [ -119.961486471382472, 38.930886227093588 ], [ -119.96125417186353, 38.930854626641725 ], [ -119.961062571988549, 38.93082982664648 ], [ -119.960824471607197, 38.930841127120168 ], [ -119.96064447125049, 38.930881727015446 ], [ -119.960455771477285, 38.930926926802378 ], [ -119.96031927198122, 38.930958526850823 ], [ -119.960211871551536, 38.931021726729924 ], [ -119.960116071751628, 38.931091726910168 ], [ -119.960031872154516, 38.931193426755655 ], [ -119.959979671367222, 38.931288226609212 ], [ -119.959956371824191, 38.931412426798424 ], [ -119.959950571540588, 38.931523126743002 ], [ -119.959915771319274, 38.931620226935237 ], [ -119.959866371852229, 38.931708326954492 ], [ -119.959768572216788, 38.931859026618618 ], [ -119.95962347214207, 38.931995726758977 ], [ -119.959139070830389, 38.932197726947564 ], [ -119.958919070645152, 38.93232702740444 ], [ -119.958656271022917, 38.932527327402404 ], [ -119.958363870581238, 38.932733926655729 ], [ -119.95799107083117, 38.932978026973267 ], [ -119.9577522702252, 38.93310942747901 ], [ -119.957623570404323, 38.93321792747782 ], [ -119.957484071263366, 38.933376527112699 ], [ -119.957317770612562, 38.933495427477162 ], [ -119.957065671408827, 38.933620627469899 ], [ -119.956826971298568, 38.933733327340647 ], [ -119.956590970931742, 38.933885627617123 ], [ -119.956472871245353, 38.933998228032245 ], [ -119.956282470330876, 38.934154728396379 ], [ -119.956097370855119, 38.934271628253697 ], [ -119.955883670734764, 38.934398327821981 ] ] } },
{ "type": "Feature", "properties": { "OBJECTID": 1192, "CLASS": "1", "NAME": "Meyers Bike Path", "MILES": 2.21063488, "ShapeSTLength": 3557.679099056465, "FROM_": "Sawmill Road", "TO_": "SR-89 Meyers", "WNTR_MAINT": "YES", "MAINT_JURS": "El Dorado County", "YR_OF_CONS": "2007 (1A) 2008 (1B)", "IMPLEMENT": "El Dorado County", "COUNTY": "El Dorado County", "E_BIKE": "No", "GlobalID": "{C5A030FF-EAC2-4356-AEFB-489271376871}", "created_user": "MBINDL", "created_date": "2024-01-25T04:41:45Z", "last_edited_user": "KRICHARDSON", "last_edited_date": "2024-02-09T06:21:15Z" }, "geometry": { "type": "LineString", "coordinates": [ [ -120.024286624547855, 38.850269403327687 ], [ -120.02413716841275, 38.850417470099558 ], [ -120.023834967611791, 38.850596528616286 ], [ -120.023217920790358, 38.850888028133078 ], [ -120.022787735696639, 38.851144245853419 ], [ -120.022659490400457, 38.85126936898255 ], [ -120.022247711352577, 38.85135414593573 ], [ -120.022066171645335, 38.851446614926118 ], [ -120.021687571589069, 38.851630015391919 ], [ -120.021415171874978, 38.851741414791618 ], [ -120.021193571066476, 38.851816914896766 ], [ -120.020958071649844, 38.851917615515639 ], [ -120.020625671124051, 38.8520471154782 ], [ -120.020427071628532, 38.852180115483435 ], [ -120.020256271703261, 38.852280815213533 ], [ -120.019965371704984, 38.852403015285248 ], [ -120.019642172074242, 38.852514514987561 ], [ -120.019462071464233, 38.852608015663449 ], [ -120.019148171077148, 38.852744615317704 ], [ -120.018986571170572, 38.852845314801435 ], [ -120.018889572047186, 38.852924414907555 ], [ -120.018774572053189, 38.852999015449186 ], [ -120.018584870230328, 38.853043115646138 ], [ -120.018441670142238, 38.853115015212687 ], [ -120.018280070798596, 38.853233715408734 ], [ -120.018113870122207, 38.853417016377492 ], [ -120.017961470568878, 38.853553715957645 ], [ -120.017786070295585, 38.853711915711209 ], [ -120.017652170368265, 38.853801815807472 ], [ -120.017430470720086, 38.853870116008842 ], [ -120.017181170077066, 38.853920415789197 ], [ -120.016894870293314, 38.853967216089131 ], [ -120.016677869986694, 38.85400311623021 ], [ -120.016488570995691, 38.854060715965957 ], [ -120.01633187062113, 38.854124016409976 ], [ -120.016174670077703, 38.854150616671284 ], [ -120.016068470085557, 38.854190116248752 ], [ -120.015782170566311, 38.854323115996358 ], [ -120.015537470299151, 38.854423816051806 ], [ -120.01541127025078, 38.85445811616038 ], [ -120.015200371088866, 38.854589215838864 ], [ -120.014900271045008, 38.854733016168986 ], [ -120.014697071114028, 38.854833716545109 ], [ -120.014512470793278, 38.854945216665236 ], [ -120.014216871076258, 38.855146516452905 ], [ -120.013907570480058, 38.855358716152928 ], [ -120.013695170634719, 38.855513315905625 ], [ -120.013538171040111, 38.855671515946916 ], [ -120.013418170896713, 38.855836916716953 ], [ -120.013274971312725, 38.856103016613524 ], [ -120.013021070608673, 38.856534415905955 ], [ -120.012770770377358, 38.856865716427379 ], [ -120.01269707087026, 38.856978416392884 ], [ -120.012493170587604, 38.857323016600041 ], [ -120.01238057134178, 38.857538216138309 ], [ -120.012310771435736, 38.857782516566466 ], [ -120.012275970976603, 38.85793711637961 ], [ -120.012273270504494, 38.85807081658109 ], [ -120.012283971015464, 38.858194015822534 ], [ -120.01236717078126, 38.858657715743846 ], [ -120.012369871117841, 38.858776717380145 ], [ -120.012313470632421, 38.858885316729868 ], [ -120.01229737126296, 38.859006517189108 ], [ -120.012302770854077, 38.85911721681849 ], [ -120.012388571684923, 38.85937411718416 ], [ -120.012351071274068, 38.859691516965071 ], [ -120.012479771253481, 38.860380817016406 ], [ -120.012560271228551, 38.86057501711727 ], [ -120.012587071596741, 38.860714916654224 ], [ -120.012581771459068, 38.86093421721602 ], [ -120.012587070927935, 38.861149417095355 ], [ -120.012613871915491, 38.861333217216945 ], [ -120.012624271258375, 38.861410717122951 ], [ -120.012616571499109, 38.861514916535882 ], [ -120.012579071074953, 38.861711217192912 ], [ -120.012624672049427, 38.862235416823268 ], [ -120.012646071896555, 38.862490216854411 ], [ -120.012629971873068, 38.862638517083091 ], [ -120.01264077109316, 38.862761716964719 ], [ -120.012541471467756, 38.863004017044418 ], [ -120.01249317185578, 38.863281717101074 ], [ -120.012418071674475, 38.863467616320996 ], [ -120.012168671925338, 38.863701517064719 ], [ -120.011943371518953, 38.864029416527949 ], [ -120.01183607119107, 38.864298818026228 ], [ -120.011774371339669, 38.864403317326428 ], [ -120.011634872051616, 38.864555717461364 ], [ -120.011465971320263, 38.864701917598744 ], [ -120.011275471597244, 38.86492121772492 ], [ -120.011186970490172, 38.864983817932028 ], [ -120.010908070939948, 38.865127917662967 ], [ -120.010795370718256, 38.865196917425799 ], [ -120.010594170591688, 38.865399417168035 ], [ -120.010511070731468, 38.86548361720277 ], [ -120.010433271293266, 38.865543518041214 ], [ -120.010194570209478, 38.865666817259026 ], [ -120.010076570816267, 38.865773317143748 ], [ -120.009996070824812, 38.865886017407306 ], [ -120.009926370481978, 38.866069817181561 ], [ -120.009765371196636, 38.86622851799774 ], [ -120.008928570965011, 38.866890617941841 ], [ -120.008845371114475, 38.866986617657808 ], [ -120.008676470882619, 38.867256017879861 ], [ -120.008397470773346, 38.867489917896094 ], [ -120.008314371064458, 38.86757761714437 ], [ -120.007866371071671, 38.867922217681894 ], [ -120.007767170645252, 38.86802251794046 ], [ -120.007466771403713, 38.868419217613031 ], [ -120.007088570912188, 38.86907501753501 ], [ -120.007071971139254, 38.869119517455424 ], [ -120.006839071736408, 38.869785018056788 ], [ -120.006683570797591, 38.870307118571922 ], [ -120.006632571609799, 38.870553518675244 ], [ -120.006570870982543, 38.870664218478488 ], [ -120.006509771442595, 38.870739018697286 ], [ -120.006426071956142, 38.87083121816292 ], [ -120.006286571545914, 38.871215518154514 ], [ -120.006002271710898, 38.872487217987661 ], [ -120.005991571318773, 38.8726710181542 ], [ -120.006029071379501, 38.87279631790247 ], [ -120.006085371471229, 38.872955018627259 ], [ -120.006098872217635, 38.873119918354561 ], [ -120.006002271892442, 38.873347618380102 ], [ -120.0058788719397, 38.873506317777867 ], [ -120.005846671371657, 38.873685818466278 ], [ -120.005752772279578, 38.874494018564398 ], [ -120.00572067210004, 38.874575418266225 ], [ -120.005666972028024, 38.874844818445965 ], [ -120.005562371393665, 38.87556311929481 ] ] } },
{ "type": "Feature", "properties": { "OBJECTID": 1193, "CLASS": "1", "NAME": "Pat Lowe Memorial (South)", "MILES": 1.02189607, "ShapeSTLength": 1644.5855979363794, "FROM_": "Pioneer Trail", "TO_": "Luther Pass", "WNTR_MAINT": "YES", "MAINT_JURS": "El Dorado County", "YR_OF_CONS": "Before 2006", "IMPLEMENT": "El Dorado County", "COUNTY": "El Dorado County", "E_BIKE": "No", "GlobalID": "{93F18B96-D658-4207-9FC1-0C5E4D7C371B}", "created_user": "MBINDL", "created_date": "2024-01-25T04:41:45Z", "last_edited_user": "KRICHARDSON", "last_edited_date": "2024-02-09T06:21:15Z" }, "geometry": { "type": "LineString", "coordinates": [ [ -120.011447569884211, 38.859646917235864 ], [ -120.011437970442245, 38.859584516884446 ], [ -120.011453569450595, 38.859393916877515 ], [ -120.01148307011718, 38.85927091744923 ], [ -120.011562970617646, 38.85899371707557 ], [ -120.01167587139733, 38.858901817165162 ], [ -120.011823370590363, 38.858823317447488 ], [ -120.011832071171511, 38.858724617527351 ], [ -120.011779971067483, 38.858294716139604 ], [ -120.011783470945744, 38.858206816294569 ], [ -120.011814771079415, 38.858125716588923 ], [ -120.011915471236151, 38.857998615942194 ], [ -120.011955371160937, 38.857839116231425 ], [ -120.012013970653754, 38.857660316174297 ], [ -120.012068271341946, 38.857526816505413 ], [ -120.012095970655324, 38.857394315854059 ], [ -120.012229670393523, 38.857217116050499 ], [ -120.0123182704709, 38.857068416162015 ], [ -120.012497070669653, 38.856731815944997 ], [ -120.012661971351022, 38.856510016482204 ], [ -120.012846070544498, 38.856222016762473 ], [ -120.013043971278506, 38.855913816071336 ], [ -120.013208971003195, 38.855655516730224 ], [ -120.013434671203598, 38.85537291676161 ], [ -120.013583970656114, 38.855220216149398 ], [ -120.013747170652223, 38.855082316006872 ], [ -120.013777570210337, 38.85496001632707 ], [ -120.013989370104184, 38.854789616449494 ], [ -120.014166470853951, 38.854674716285402 ], [ -120.014657770059088, 38.854467816048633 ], [ -120.014933869991495, 38.854250216361628 ], [ -120.015025870483655, 38.854194715974224 ], [ -120.015400871018016, 38.854063616463748 ], [ -120.01591137086973, 38.853820216507842 ], [ -120.016093670431886, 38.853736416357322 ], [ -120.016176969965954, 38.853699915867963 ], [ -120.016281170777404, 38.8536079167081 ], [ -120.016385370691779, 38.853540316390379 ], [ -120.01676387016478, 38.853351016588164 ], [ -120.017072870832394, 38.853194215455972 ], [ -120.017274270920055, 38.853079215324307 ], [ -120.017343770469211, 38.853057615228707 ], [ -120.0174166703151, 38.853060315381782 ], [ -120.017487869974119, 38.853069815243401 ], [ -120.017595570486421, 38.853054915613427 ], [ -120.017737870813477, 38.853008915589115 ], [ -120.017895870510316, 38.85294131488655 ], [ -120.018041770746265, 38.852812915011157 ], [ -120.018314369808124, 38.852673615371529 ], [ -120.018491470798608, 38.8526479151909 ], [ -120.018559170745007, 38.852622215246761 ], [ -120.018927271580566, 38.852366714969854 ], [ -120.019156371115571, 38.852249015493967 ], [ -120.019274471432055, 38.852182815316311 ], [ -120.019399470929642, 38.852158415352349 ], [ -120.019501871171769, 38.852135515532098 ], [ -120.019618271895979, 38.852040814968333 ], [ -120.019675571256883, 38.851984015548915 ], [ -120.019656471772549, 38.851923215444046 ], [ -120.019479371217585, 38.851723114912012 ], [ -120.019468971725431, 38.85167171531306 ], [ -120.019494971222599, 38.851610815676011 ], [ -120.019555771786514, 38.851573015551267 ], [ -120.019720570951321, 38.851516115628506 ], [ -120.019926870818267, 38.851454914921547 ], [ -120.020167471193716, 38.851451115558874 ], [ -120.020420371533206, 38.851439615366573 ], [ -120.020545571182922, 38.851454915474314 ], [ -120.020619271567128, 38.851497014944336 ], [ -120.020695371009907, 38.851504615410946 ], [ -120.020791171587959, 38.851408015644054 ], [ -120.020872171781079, 38.85132491538161 ], [ -120.020958071347593, 38.85126751479082 ], [ -120.021277271646952, 38.851252215118201 ], [ -120.021427070834108, 38.851221615346205 ], [ -120.021770871049981, 38.851032314999784 ], [ -120.021837171346959, 38.850929115549199 ], [ -120.021839571589709, 38.850835415033011 ], [ -120.021797871364143, 38.850739715197946 ], [ -120.021711071207491, 38.850545615217804 ], [ -120.021665871734825, 38.850495615031136 ], [ -120.021573871163341, 38.850449614945845 ], [ -120.021353370886132, 38.850240014984408 ], [ -120.021155471348465, 38.849976315171702 ], [ -120.021138071334661, 38.849900615484017 ], [ -120.021165870856748, 38.849768115731763 ], [ -120.0212710706503, 38.849640515015601 ] ] } },
{ "type": "Feature", "properties": { "OBJECTID": 1194, "CLASS": "1", "NAME": "Pinedrop Trail", "MILES": 0.93468666, "ShapeSTLength": 1504.2353735287254, "FROM_": "North Tahoe Regional Park Boundary", "TO_": "Pinedrop Lane", "WNTR_MAINT": "NO", "MAINT_JURS": "NTPUD", "YR_OF_CONS": "Before 2006", "IMPLEMENT": "NTPUD", "COUNTY": "Placer County", "E_BIKE": "No", "GlobalID": "{B000DD28-0CC9-4C11-AA52-8A8F5680D755}", "created_user": "MBINDL", "created_date": "2024-01-25T04:41:45Z", "last_edited_user": "KRICHARDSON", "last_edited_date": "2024-02-09T06:21:15Z" }, "geometry": { "type": "LineString", "coordinates": [ [ -120.048489229148288, 39.250993565857222 ], [ -120.048453325880416, 39.251012547888827 ], [ -120.048217226691747, 39.251135048143951 ], [ -120.047981225590348, 39.251257648588293 ], [ -120.047873926365995, 39.251290848106024 ], [ -120.047704926597703, 39.251303347931184 ], [ -120.047605726575327, 39.251290848665448 ], [ -120.047514526615771, 39.251247248454952 ], [ -120.047458226055639, 39.251191148778489 ], [ -120.047426026106635, 39.251103948665985 ], [ -120.047391125691888, 39.250881648008082 ], [ -120.047364325975906, 39.250721747987889 ], [ -120.047308026199246, 39.250653247977901 ], [ -120.047189926362947, 39.25056384827122 ], [ -120.047012926315944, 39.250460048078992 ], [ -120.046846625945022, 39.250383148469055 ], [ -120.046664225724101, 39.250318748375278 ], [ -120.046302126264408, 39.250221148579641 ], [ -120.046047325941871, 39.250133948641682 ], [ -120.045905225727509, 39.250096548376987 ], [ -120.045773726178567, 39.250088248960054 ], [ -120.045626225760344, 39.250063348463513 ], [ -120.045459926421586, 39.25000104889299 ], [ -120.045307026182286, 39.249932448205648 ], [ -120.04520782572196, 39.249857648224136 ], [ -120.045079025640945, 39.249741349010691 ], [ -120.044969125566183, 39.249689448939833 ], [ -120.044778625631594, 39.249595948887915 ], [ -120.044666026492308, 39.249525348489932 ], [ -120.044548026348025, 39.249469248814457 ], [ -120.044448726208685, 39.249450549160528 ], [ -120.044344126167985, 39.249446448300553 ], [ -120.044258325192146, 39.249460948272151 ], [ -120.044153724912576, 39.249500448649655 ], [ -120.043998124448734, 39.249589749019336 ], [ -120.043901524359285, 39.249610548838362 ], [ -120.043807725085244, 39.24960224912423 ], [ -120.04369502519981, 39.249552348700909 ], [ -120.043579724889753, 39.249458849156504 ], [ -120.043477825249099, 39.249409049057356 ], [ -120.043373224792433, 39.249342548651626 ], [ -120.043298024452483, 39.249259449208608 ], [ -120.043204225281855, 39.249168048693953 ], [ -120.043113025040256, 39.249109948508924 ], [ -120.042995025195054, 39.249072549045316 ], [ -120.04290642452996, 39.249062148397215 ], [ -120.042673124330676, 39.249074649180663 ], [ -120.042488024892293, 39.249060048969831 ], [ -120.042329825094853, 39.249030949164364 ], [ -120.04215542419675, 39.248970748794399 ], [ -120.041973024663676, 39.248881449000955 ], [ -120.041793324896645, 39.248794248987615 ], [ -120.041608325163963, 39.248657148906126 ], [ -120.041442024489598, 39.248522149100381 ], [ -120.041310524349882, 39.248457749294616 ], [ -120.041120124745689, 39.24840574918538 ], [ -120.040961825170001, 39.248370448919495 ], [ -120.040768724278152, 39.248301948849736 ], [ -120.040572924348382, 39.248218849025491 ], [ -120.040374424792816, 39.248083849508731 ], [ -120.040243024518134, 39.248027748830459 ], [ -120.040133024156972, 39.247998649550901 ], [ -120.039969424500939, 39.247979949222817 ], [ -120.039808524016507, 39.247994548974326 ], [ -120.039612724951112, 39.248027748871138 ], [ -120.039462524543737, 39.248054749467578 ], [ -120.039365924189397, 39.248046448801901 ], [ -120.039277424061623, 39.248013249124369 ], [ -120.039180924778279, 39.247950849126688 ], [ -120.039103124811405, 39.247882348610368 ], [ -120.03901862405327, 39.247777448752153 ], [ -120.038985125047773, 39.247720348761547 ], [ -120.03891262398443, 39.247687048738037 ], [ -120.038837524737829, 39.247693348101542 ], [ -120.038663224390746, 39.247701647929894 ], [ -120.038499624702311, 39.247714048461397 ], [ -120.038319924775948, 39.247714048608294 ], [ -120.038148225042534, 39.247687048089524 ], [ -120.037952424323606, 39.247682948853573 ], [ -120.037780724152498, 39.247689148788353 ], [ -120.037625224098022, 39.24770374876374 ], [ -120.037397224394695, 39.247705748347471 ], [ -120.037249723578228, 39.247693348363079 ], [ -120.037131623420663, 39.247672548607163 ], [ -120.037053923100714, 39.247662148106272 ], [ -120.036973423162451, 39.247664248595292 ], [ -120.036825923274321, 39.247691248779915 ], [ -120.03672402296796, 39.247741048518066 ], [ -120.036643523264502, 39.247842849069919 ], [ -120.036549623527392, 39.247942548937672 ], [ -120.036426223317335, 39.248029849364748 ], [ -120.036268022947056, 39.248117049773541 ], [ -120.036091023223264, 39.248208449265682 ], [ -120.035919323166681, 39.248249949117096 ], [ -120.035750323016572, 39.248254149144977 ], [ -120.035506223733421, 39.248254149370325 ], [ -120.03525682322153, 39.24824984936825 ], [ -120.035085123483626, 39.248256249800185 ], [ -120.034894723456631, 39.248266649820707 ], [ -120.034701623369841, 39.248260349151565 ], [ -120.03451652328026, 39.248247949660232 ], [ -120.03439312345769, 39.248206349166225 ], [ -120.034320723026255, 39.24814824924696 ], [ -120.034288523048986, 39.248081749113368 ], [ -120.034237522906466, 39.247986249674199 ], [ -120.034191923646731, 39.247861549745906 ], [ -120.034052523811923, 39.247712048475059 ], [ -120.033980123891197, 39.247666348621372 ], [ -120.033965322924146, 39.247628948954393 ] ] } },
{ "type": "Feature", "properties": { "OBJECTID": 1195, "CLASS": "1", "NAME": "Pinedrop Trail", "MILES": 0.30156901, "ShapeSTLength": 485.32924389704687, "FROM_": "North Tahoe Regional Park Boundary", "TO_": "North Tahoe Regional Park Parking Lot", "WNTR_MAINT": "YES", "MAINT_JURS": "NTPUD", "YR_OF_CONS": "Before 2006", "IMPLEMENT": "NTPUD", "COUNTY": "Placer County", "E_BIKE": "No", "GlobalID": "{C2A2232A-18B1-4E99-B629-770BA56362A2}", "created_user": "MBINDL", "created_date": "2024-01-25T04:41:45Z", "last_edited_user": "KRICHARDSON", "last_edited_date": "2024-02-09T06:21:15Z" }, "geometry": { "type": "LineString", "coordinates": [ [ -120.052700026989982, 39.248665448216549 ], [ -120.052634826734064, 39.248576147917071 ], [ -120.05257852657401, 39.248569848272282 ], [ -120.052431027084893, 39.248603148217221 ], [ -120.052310327397535, 39.248603148319248 ], [ -120.052212726808833, 39.248621147914207 ], [ -120.051956226729615, 39.248671648082428 ], [ -120.051781927162153, 39.24873604866567 ], [ -120.05156192705698, 39.248841948424435 ], [ -120.051293725705591, 39.249001947967997 ], [ -120.051097926264973, 39.249112048180585 ], [ -120.050861925442561, 39.249224147976207 ], [ -120.050591025681058, 39.249336348269871 ], [ -120.05047302611996, 39.249402848562717 ], [ -120.050186026265663, 39.249602248108808 ], [ -120.04997942576567, 39.249718547936645 ], [ -120.049630726118039, 39.249938648339139 ], [ -120.049335726462076, 39.250129748684735 ], [ -120.049129226062732, 39.250264748568981 ], [ -120.048962926415655, 39.250395648019008 ], [ -120.048925326200035, 39.250468348473646 ], [ -120.048928026611165, 39.250557648580404 ], [ -120.048962926437895, 39.250688547947505 ], [ -120.048970926609712, 39.25074254817293 ], [ -120.048928026187411, 39.250786148073935 ], [ -120.04882072565394, 39.25083804842518 ], [ -120.048723426251684, 39.250850348447678 ], [ -120.048622226379493, 39.250923248252441 ], [ -120.048489229148288, 39.250993565857222 ] ] } },
{ "type": "Feature", "properties": { "OBJECTID": 1196, "CLASS": "1", "NAME": "National Avenue", "MILES": 0.39819699, "ShapeSTLength": 640.83722260774437, "FROM_": "State Route 28", "TO_": "Donner Rd", "WNTR_MAINT": "YES", "MAINT_JURS": "NTPUD", "YR_OF_CONS": "2014", "IMPLEMENT": "NTPUD", "COUNTY": "Placer County", "E_BIKE": "Yes", "GlobalID": "{CFF741F3-FEDF-4D73-8117-35D531DBA5D0}", "created_user": "MBINDL", "created_date": "2024-01-25T04:41:45Z", "last_edited_user": "KRICHARDSON", "last_edited_date": "2024-02-09T06:21:15Z" }, "geometry": { "type": "LineString", "coordinates": [ [ -120.048780224496397, 39.239799547593549 ], [ -120.048787024293119, 39.239884747475152 ], [ -120.048789324665449, 39.239990747558593 ], [ -120.048832125087117, 39.240148647039376 ], [ -120.048822125321067, 39.240213147085719 ], [ -120.048798825007196, 39.240297347602841 ], [ -120.048794824463684, 39.240472047633027 ], [ -120.048785424952584, 39.241063647369231 ], [ -120.048812824796784, 39.241194647650893 ], [ -120.048816824866719, 39.241291747109578 ], [ -120.048806324430416, 39.241364947538422 ], [ -120.048792324580205, 39.241439547435824 ], [ -120.048790724508862, 39.241539547066374 ], [ -120.048814025467067, 39.241810547427136 ], [ -120.048790325422402, 39.241915947565779 ], [ -120.048798325439279, 39.242144647494953 ], [ -120.048796924569032, 39.242320746680321 ], [ -120.048837524865107, 39.242509447397893 ], [ -120.048842524663527, 39.242610746766474 ], [ -120.048824125193235, 39.242761347603974 ], [ -120.048819624638568, 39.242908347954227 ], [ -120.048747825516472, 39.242920848014492 ], [ -120.048694024620659, 39.242929847925907 ], [ -120.048604125078171, 39.242942648266911 ], [ -120.048582625396492, 39.242957648178432 ], [ -120.048576924665213, 39.242976947695247 ], [ -120.048608624673989, 39.243109447983691 ], [ -120.048673225652166, 39.243257547736185 ], [ -120.048689124768117, 39.243353648113441 ], [ -120.048617224707783, 39.243668247951597 ], [ -120.048642124690886, 39.243891447914578 ], [ -120.048640925754086, 39.243942348361294 ], [ -120.048623625660383, 39.243999048254899 ], [ -120.048590825781929, 39.244067648128919 ], [ -120.048589525173199, 39.244124147523763 ], [ -120.048599625836459, 39.244194148050973 ], [ -120.048651325631894, 39.244310748247116 ], [ -120.048688324950291, 39.244423647827411 ], [ -120.048762925712609, 39.244530748189334 ], [ -120.048744124816295, 39.244634247390557 ], [ -120.048865825805066, 39.244706747545848 ], [ -120.048866225212691, 39.244706947755731 ], [ -120.048941324924726, 39.244818047852952 ], [ -120.048955525141366, 39.244889147758535 ], [ -120.048954525684692, 39.244972448080489 ], [ -120.048945525280558, 39.245059947989333 ], [ -120.048949825112118, 39.245100347858887 ], [ -120.048963725749203, 39.245129147632824 ], [ -120.048988725099193, 39.245155547909839 ], [ -120.049030825285797, 39.24517104815876 ], [ -120.04907202495464, 39.245177247630878 ], [ -120.049155225773021, 39.245173547821175 ] ] } },
{ "type": "Feature", "properties": { "OBJECTID": 1197, "CLASS": "1", "NAME": "Snow Creek Restoration Project", "MILES": 0.113281, "ShapeSTLength": 182.30846430307187, "FROM_": "National Ave Bike Path", "TO_": "Snow Creek", "WNTR_MAINT": "NO", "MAINT_JURS": "Placer County", "YR_OF_CONS": "2014", "IMPLEMENT": "Placer County", "COUNTY": "Placer County", "E_BIKE": "No", "GlobalID": "{E04EB3C6-300B-47A3-8C9E-970ABDBAD2AD}", "created_user": "MBINDL", "created_date": "2024-01-25T04:41:45Z", "last_edited_user": "KRICHARDSON", "last_edited_date": "2024-02-09T06:21:15Z" }, "geometry": { "type": "LineString", "coordinates": [ [ -120.048744124816295, 39.244634247390557 ], [ -120.048430325810799, 39.244688247781575 ], [ -120.048288224763141, 39.244700748073441 ], [ -120.048140725713679, 39.244698648005716 ], [ -120.048038625276817, 39.24467704815693 ], [ -120.047858025736303, 39.244615747847625 ], [ -120.047777724888107, 39.24462304806174 ], [ -120.04773752569983, 39.244648347653111 ], [ -120.047695024902524, 39.244670047569663 ], [ -120.047538725161445, 39.244694548274467 ], [ -120.047338124802209, 39.24469724825753 ], [ -120.047042325610292, 39.244657647649589 ], [ -120.046691825002995, 39.244628047575041 ] ] } },
{ "type": "Feature", "properties": { "OBJECTID": 1198, "CLASS": "1", "NAME": "North Shore Path", "MILES": 0.52881721, "ShapeSTLength": 851.05051381485771, "FROM_": "Lake Forest Road", "TO_": "Dollar Dr", "WNTR_MAINT": "YES", "MAINT_JURS": "Placer County", "YR_OF_CONS": "Before 2006", "IMPLEMENT": "TCPUD", "COUNTY": "Placer County", "E_BIKE": "Yes", "GlobalID": "{AECA27BB-4478-42A3-B3E0-EA15699AE2FD}", "created_user": "MBINDL", "created_date": "2024-01-25T04:41:45Z", "last_edited_user": "KRICHARDSON", "last_edited_date": "2024-02-09T06:21:15Z" }, "geometry": { "type": "MultiLineString", "coordinates": [ [ [ -120.1078599604527, 39.190264992888658 ], [ -120.10811102733004, 39.190206039068897 ], [ -120.108287927819816, 39.190168139080654 ], [ -120.10852502797853, 39.190121438844912 ], [ -120.108638028325018, 39.190103038840661 ], [ -120.108722027391977, 39.190097138781915 ], [ -120.108818628115344, 39.190098138802597 ], [ -120.108876328357354, 39.190093238611261 ], [ -120.108952927447163, 39.190074838778763 ], [ -120.109024427540206, 39.190060238277617 ], [ -120.109114728101886, 39.190048538745714 ], [ -120.109226427624222, 39.190040738867928 ], [ -120.109409627803871, 39.19003003869598 ], [ -120.109647928017367, 39.190015538830302 ], [ -120.109926527563204, 39.18999023837528 ], [ -120.110039427864436, 39.189981438725511 ], [ -120.110137228742232, 39.189980438674098 ], [ -120.110316629263949, 39.189979538840525 ], [ -120.110526228440548, 39.189975638825175 ], [ -120.110689328914148, 39.189966838584247 ], [ -120.110880028897967, 39.189959138351107 ], [ -120.111031828797167, 39.189949338286702 ], [ -120.111122129474083, 39.189937738088837 ], [ -120.111220029209477, 39.189927938945942 ], [ -120.111314329385451, 39.189919138659263 ], [ -120.111438329085374, 39.189907538374634 ], [ -120.111556228772614, 39.189901738680788 ], [ -120.111682928626792, 39.189897838228262 ], [ -120.111827229030723, 39.189899738084989 ], [ -120.111951429034704, 39.189900738233554 ], [ -120.112080629356541, 39.189908538663261 ], [ -120.11218482847805, 39.189919238496373 ], [ -120.112212428389114, 39.189918238490904 ], [ -120.112384329436708, 39.189890038545428 ], [ -120.112450829051326, 39.189873538072341 ], [ -120.112661529327596, 39.189851138647036 ], [ -120.112745628522148, 39.189834638474665 ], [ -120.112810828736571, 39.189833638430869 ], [ -120.112904928925204, 39.189828838074149 ], [ -120.113010328924901, 39.189817138797011 ], [ -120.11306932934896, 39.189805438334325 ], [ -120.113110728578249, 39.189785038562327 ], [ -120.113172229457277, 39.189738338047306 ], [ -120.113222329439893, 39.189682937932417 ], [ -120.113267529250152, 39.189645938252994 ], [ -120.11332902839456, 39.189621638734906 ] ], [ [ -120.104719128434681, 39.192315739194278 ], [ -120.104815128578821, 39.192197538666434 ], [ -120.104971928013384, 39.192035038877243 ], [ -120.105038427568033, 39.191966138965654 ], [ -120.105126328360001, 39.19187083871843 ], [ -120.105234227520569, 39.191748338359822 ], [ -120.10531452824614, 39.191676339222916 ], [ -120.105443727585325, 39.191557738448125 ], [ -120.10552272839513, 39.191475038709704 ], [ -120.105549127943959, 39.191434238742126 ], [ -120.105576727618185, 39.191386539096591 ], [ -120.105604328133893, 39.191354438969512 ], [ -120.10577742845183, 39.191214439003019 ], [ -120.10583762805895, 39.191171638810317 ], [ -120.10590412814625, 39.191138639053037 ], [ -120.106013328245751, 39.191089039135363 ], [ -120.106121227543326, 39.191038438339717 ], [ -120.106177628231691, 39.191001538838094 ], [ -120.106234128226333, 39.190960639200298 ], [ -120.106590427782834, 39.190754538882651 ], [ -120.106727228066291, 39.190685438393565 ], [ -120.106872728020733, 39.190611538780892 ], [ -120.107010727417702, 39.190532838321793 ], [ -120.107077227483273, 39.19049873881054 ], [ -120.107167527505354, 39.19046283884682 ], [ -120.107266727623269, 39.190427838318364 ], [ -120.107313128104906, 39.19042003839408 ], [ -120.107408427616377, 39.190416138944762 ], [ -120.107471228075752, 39.190402538528062 ], [ -120.107523927415585, 39.190375238879589 ], [ -120.107611727449907, 39.19034323848939 ], [ -120.10780492763142, 39.190278038767943 ], [ -120.107864828248509, 39.1902638390834 ] ] ] } },
{ "type": "Feature", "properties": { "OBJECTID": 1199, "CLASS": "1", "NAME": "North Shore Path", "MILES": 1.63960063, "ShapeSTLength": 2638.6867201754721, "FROM_": "Burton Creek State Park", "TO_": "Tahoe State Rec Area", "WNTR_MAINT": "YES", "MAINT_JURS": "Placer County", "YR_OF_CONS": "Before 2006", "IMPLEMENT": "TCPUD", "COUNTY": "Placer County", "E_BIKE": "Yes", "GlobalID": "{4F03AA80-BC39-4D27-97E2-EF930F261D2C}", "created_user": "MBINDL", "created_date": "2024-01-25T04:41:45Z", "last_edited_user": "KRICHARDSON", "last_edited_date": "2024-02-09T06:21:15Z" }, "geometry": { "type": "MultiLineString", "coordinates": [ [ [ -120.134991330459911, 39.176119534683963 ], [ -120.135071831215868, 39.17607483469564 ], [ -120.135160331167853, 39.176032235031109 ], [ -120.135274330459112, 39.175964635397605 ], [ -120.135393630698857, 39.175866935278016 ], [ -120.135559930964845, 39.175741135290721 ], [ -120.135661831031996, 39.175672534912913 ], [ -120.135755730834504, 39.17562773524822 ], [ -120.135883130016936, 39.175498835506254 ], [ -120.135966330799164, 39.175424035362909 ], [ -120.136041430507518, 39.175376235229059 ], [ -120.136179530105679, 39.175267034817324 ], [ -120.13628283015872, 39.175195335051811 ], [ -120.136490630027552, 39.175057034890038 ], [ -120.136588530462248, 39.174974834728019 ], [ -120.136673031068426, 39.174903135318345 ], [ -120.136709230875766, 39.174851134929284 ], [ -120.13670273057302, 39.174798534895302 ] ], [ [ -120.124009929260225, 39.183635836301342 ], [ -120.124179629546802, 39.183577636253986 ], [ -120.124310229396102, 39.183521835849639 ], [ -120.124470930310821, 39.183450835950261 ], [ -120.124739730769576, 39.183335536555333 ], [ -120.124967930953801, 39.183242436003745 ], [ -120.125157130632289, 39.183167936304166 ], [ -120.125272530046146, 39.183125236565367 ], [ -120.125523130763284, 39.183031735783068 ], [ -120.125847630217109, 39.182906936269049 ], [ -120.125992529826433, 39.182844635784228 ], [ -120.126169530381972, 39.182772835884506 ], [ -120.126325630651735, 39.182716136534182 ], [ -120.126885730588853, 39.182508836129514 ], [ -120.127267930698579, 39.18236643627553 ], [ -120.127440930096668, 39.182294735671121 ], [ -120.127569630246924, 39.182230236241786 ], [ -120.127679630714752, 39.182180336190328 ], [ -120.127856629753012, 39.182124235919275 ], [ -120.127894230160408, 39.182102336170004 ], [ -120.128020230104113, 39.181997336457947 ], [ -120.12813563074846, 39.181928736341717 ], [ -120.128257630273581, 39.181865335678253 ], [ -120.128348830196686, 39.181799835608984 ], [ -120.128470830652191, 39.181684436112505 ], [ -120.128600930644978, 39.181599236348475 ], [ -120.128659530089919, 39.181569036452615 ], [ -120.128861130525564, 39.181424636476621 ], [ -120.12894423015122, 39.181365335995423 ], [ -120.128999230223982, 39.181313336021873 ], [ -120.129040830609952, 39.181233336055072 ], [ -120.129067629702661, 39.181168836439909 ], [ -120.129114630000956, 39.18111683643464 ], [ -120.129224529966024, 39.181000435943929 ], [ -120.12930233009223, 39.180936036182935 ], [ -120.129400230050251, 39.18081433616198 ], [ -120.129494129794352, 39.180723935706212 ], [ -120.129597430419068, 39.180578335954785 ], [ -120.129695329475922, 39.180468236243435 ], [ -120.129747630157595, 39.180385035921311 ], [ -120.129842829585542, 39.180227035631617 ], [ -120.129909830132334, 39.180120936050415 ], [ -120.129954129688372, 39.180031535839582 ], [ -120.130031929663673, 39.179894335641706 ], [ -120.130128430279512, 39.179743636347517 ], [ -120.130199529696782, 39.179605335748349 ], [ -120.130290730401512, 39.179475435758377 ], [ -120.13044902946389, 39.179200936465215 ], [ -120.130540229458774, 39.179079336029304 ], [ -120.130670229612448, 39.178911935279835 ], [ -120.130762830175726, 39.17879233488695 ], [ -120.130872830261993, 39.178678035136159 ], [ -120.130954629720605, 39.178593835063957 ], [ -120.131116129338437, 39.178458335320236 ], [ -120.131178529783625, 39.178412935351957 ], [ -120.131379730075068, 39.178251834847757 ], [ -120.131481630206025, 39.178155135367817 ], [ -120.131524529277399, 39.17812083552613 ], [ -120.131908130807759, 39.177859834919069 ], [ -120.132014030557116, 39.177807835051226 ], [ -120.132134731176137, 39.177743435115048 ], [ -120.132376131090467, 39.177627035412307 ], [ -120.132508930352628, 39.177559434952798 ], [ -120.132665830481841, 39.177470034745639 ], [ -120.132887130844765, 39.177356735264091 ], [ -120.133078931257131, 39.177252734834951 ], [ -120.13333773109639, 39.177101935375589 ], [ -120.13358723107909, 39.176959534982672 ], [ -120.133726630360371, 39.176883635431786 ], [ -120.133835330611134, 39.176831635238699 ], [ -120.133926530208726, 39.176775534864909 ], [ -120.134107530369917, 39.176666335419988 ], [ -120.134265731052864, 39.176565535557181 ], [ -120.13439453053563, 39.17648233482057 ], [ -120.134548730417237, 39.176385635087016 ], [ -120.134656030414902, 39.17632433500755 ], [ -120.134751231194841, 39.176282734782909 ], [ -120.134791530362577, 39.176268234988335 ], [ -120.134859931016678, 39.176240135166168 ] ], [ [ -120.121364029805974, 39.184781137505333 ], [ -120.12141362941604, 39.184785837655333 ], [ -120.121473629572506, 39.184804436894993 ], [ -120.121541228985578, 39.184795137390253 ], [ -120.121620730018876, 39.184776036883541 ], [ -120.121734929215791, 39.184763737228714 ], [ -120.121804529888308, 39.184758637380071 ], [ -120.121877629380734, 39.184753237509241 ], [ -120.122032229438162, 39.184722936845432 ], [ -120.1221419299779, 39.184688037020962 ], [ -120.122247029059295, 39.184641537186444 ], [ -120.122431729837004, 39.184542536903301 ], [ -120.12262392915693, 39.184412236934051 ], [ -120.122717029831676, 39.184356336774421 ], [ -120.122838629157002, 39.184299336371687 ], [ -120.122919729424211, 39.184250436574125 ], [ -120.122981329523597, 39.184191036197056 ], [ -120.12306532974138, 39.184136336047509 ], [ -120.123224529043014, 39.184057236163227 ], [ -120.123347728926731, 39.184000136027898 ], [ -120.123455829496322, 39.18392223622994 ], [ -120.123571429240357, 39.183858136546334 ], [ -120.123643529372288, 39.183831436671049 ], [ -120.123717129820449, 39.18379993611137 ] ], [ [ -120.113492529406301, 39.189608938285851 ], [ -120.113558628593438, 39.189626437931061 ], [ -120.113642728331527, 39.189648538657536 ], [ -120.113728328738915, 39.189659038139958 ], [ -120.113786829321199, 39.189654338219931 ], [ -120.113899428936065, 39.189628738665888 ], [ -120.114081129077121, 39.189578738337346 ], [ -120.114240328818113, 39.18953213752669 ], [ -120.114423528852498, 39.189476337072556 ], [ -120.114503128972657, 39.189444837158916 ], [ -120.114645828784234, 39.189378537310049 ], [ -120.114723828990307, 39.189355236983026 ], [ -120.11481242846051, 39.18933193712904 ], [ -120.114910028547044, 39.189302837016569 ], [ -120.114977628707635, 39.189271437574575 ], [ -120.115118829054794, 39.189209737674076 ], [ -120.115303529140704, 39.189137637431628 ], [ -120.115389129177871, 39.189095737233771 ], [ -120.115462628813773, 39.189046837356699 ], [ -120.115567728540199, 39.188989837749546 ], [ -120.115695428369094, 39.188952537041118 ], [ -120.11585612838725, 39.18890253701808 ], [ -120.115950729192107, 39.188862937697074 ], [ -120.116114329279583, 39.18877103742151 ], [ -120.116258529334488, 39.18869883775286 ], [ -120.116429728347413, 39.188636037009488 ], [ -120.116632428758379, 39.188556837436728 ], [ -120.116874228287003, 39.188441637514501 ], [ -120.117124928413716, 39.188329937565229 ], [ -120.117353229509888, 39.188235636877607 ], [ -120.117613030385982, 39.188127337678416 ], [ -120.117821729929958, 39.188033137213289 ], [ -120.118049929739314, 39.18793183732943 ], [ -120.118233129521599, 39.187838737247752 ], [ -120.118380329321923, 39.187765437100339 ], [ -120.118542530218988, 39.187687437022703 ], [ -120.118656629810246, 39.187614137061843 ], [ -120.118797729804186, 39.187517537425165 ], [ -120.118962929843534, 39.187422037601699 ], [ -120.119113130191565, 39.18733713721776 ], [ -120.119269230065868, 39.187234737174805 ], [ -120.119378929184109, 39.187149736937769 ], [ -120.1194419302021, 39.187085737289244 ], [ -120.119487030276119, 39.187034537559818 ], [ -120.119568129353468, 39.186983337521937 ], [ -120.119649230249792, 39.186936737338769 ], [ -120.119719730126775, 39.186885537112914 ], [ -120.119797829743945, 39.186811037240993 ], [ -120.119862429292823, 39.186712137358796 ], [ -120.119922530106862, 39.186639937091137 ], [ -120.119991529220201, 39.186574736901434 ], [ -120.12009362947461, 39.186492137094426 ], [ -120.120221330100421, 39.186392037625673 ], [ -120.120330929679255, 39.186281437418721 ], [ -120.12045102905806, 39.186155736878973 ], [ -120.120598229148484, 39.185996337184143 ], [ -120.120761929548337, 39.185825237597193 ], [ -120.120870029254064, 39.185700637090406 ], [ -120.120960129364491, 39.185588936929044 ], [ -120.121098229954896, 39.185474837277589 ], [ -120.121248429605131, 39.185360837532592 ], [ -120.121361029276287, 39.185253737411813 ], [ -120.121386529263404, 39.185194337173243 ], [ -120.121388029510555, 39.185111736952699 ], [ -120.121332529527933, 39.185045336772262 ], [ -120.121294928925664, 39.185000037130621 ], [ -120.121287429320788, 39.184948736914208 ], [ -120.121308029096411, 39.184880437393815 ] ] ] } },
{ "type": "Feature", "properties": { "OBJECTID": 1200, "CLASS": "1", "NAME": "LAKESIDE PATH PHASESV,VI,VII", "MILES": 0.42512452, "ShapeSTLength": 684.17296955545839, "FROM_": "EXISTING PATH WEST OF TAHOE CITY MARINA", "TO_": "LAKESIDE PATH", "WNTR_MAINT": "YES", "MAINT_JURS": "TCPUD", "YR_OF_CONS": "2012", "IMPLEMENT": "TCPUD", "COUNTY": "PLACER COUNTY", "E_BIKE": " ", "GlobalID": "{6DC5D50B-7000-4491-9E83-E10232E298CF}", "created_user": "MBINDL", "created_date": "2024-01-25T04:41:45Z", "last_edited_user": "KRICHARDSON", "last_edited_date": "2024-02-09T06:21:15Z" }, "geometry": { "type": "MultiLineString", "coordinates": [ [ [ -120.136820739825922, 39.172302856973204 ], [ -120.137155154504498, 39.172042199798938 ], [ -120.13754495002631, 39.171738373546781 ], [ -120.137693537020084, 39.171622555276926 ], [ -120.138207675849671, 39.171538407138698 ], [ -120.138641224772883, 39.17146744708058 ], [ -120.139133918262431, 39.171386804641827 ] ], [ [ -120.136583230632283, 39.172639234238126 ], [ -120.136597930675833, 39.172599734536867 ], [ -120.136611429703336, 39.172584634445798 ], [ -120.136624829751156, 39.172569634619123 ], [ -120.136663630673269, 39.172531134798604 ], [ -120.136740130336477, 39.17246463478935 ], [ -120.136756930603966, 39.172436234197889 ], [ -120.136814529826651, 39.172302134009158 ] ], [ [ -120.136698530879968, 39.174693135051697 ], [ -120.136695330017886, 39.174679835032563 ], [ -120.136691830096026, 39.17466503490197 ], [ -120.136666329919677, 39.174626634832649 ], [ -120.136632830085986, 39.174613034722114 ], [ -120.136591230115229, 39.174614135037856 ], [ -120.136514830789949, 39.174626635064605 ], [ -120.136470530890975, 39.174624534777401 ], [ -120.136422230474807, 39.174601634780366 ], [ -120.136375330710152, 39.174563135354809 ], [ -120.136333729886417, 39.174508035110669 ], [ -120.136289530934363, 39.174470635386569 ], [ -120.136072230725858, 39.17430323503352 ], [ -120.136034729995032, 39.174283535585808 ], [ -120.135975730924073, 39.174267935125343 ], [ -120.135930129847964, 39.174252335386008 ], [ -120.135915330941998, 39.17423253488608 ], [ -120.135916630282438, 39.174199335217814 ], [ -120.135930129992289, 39.174137935447717 ], [ -120.135927430064513, 39.174109935473147 ], [ -120.135903230453565, 39.174088035304472 ], [ -120.135869730257198, 39.174082834766395 ], [ -120.135830830587352, 39.174085935425978 ], [ -120.135745029961868, 39.174131735308968 ], [ -120.135695430236822, 39.174152535328808 ], [ -120.135641730052299, 39.174165035550907 ], [ -120.135585430189025, 39.174179534805177 ], [ -120.135546530609446, 39.174193035119245 ], [ -120.135519730538746, 39.17421693555157 ], [ -120.135443230919549, 39.174315734823224 ], [ -120.13540843031403, 39.174344835559644 ], [ -120.135362830580846, 39.17435733495028 ], [ -120.135317230502039, 39.17435003479472 ], [ -120.135279629959271, 39.174329235379311 ], [ -120.135252830807659, 39.17429183545643 ], [ -120.135256829940204, 39.174254435663158 ], [ -120.135285030362098, 39.17420973511738 ], [ -120.135374830079087, 39.174135835554416 ], [ -120.135397630838597, 39.174105735106153 ], [ -120.135404330222968, 39.174061035251974 ], [ -120.13538563031068, 39.17402563548157 ], [ -120.135352030780055, 39.173990334881573 ], [ -120.135305130336704, 39.173957034890776 ], [ -120.135290430121145, 39.173936234964088 ], [ -120.135298430652156, 39.173900935370753 ], [ -120.135325229809197, 39.173862435318732 ], [ -120.135392730063202, 39.173784734908608 ], [ -120.135463430104096, 39.173703334892132 ], [ -120.135538629917704, 39.173604034255099 ], [ -120.135582730711747, 39.173545834148001 ], [ -120.135635030934651, 39.17347513424096 ], [ -120.135821430088086, 39.173370134031721 ], [ -120.135875129784495, 39.173330634354194 ], [ -120.135916630737469, 39.173283834749142 ], [ -120.135954230223518, 39.173236034676712 ], [ -120.135978330488371, 39.173176734338639 ], [ -120.136007830841478, 39.173138334794672 ], [ -120.136176830824567, 39.172981334274098 ], [ -120.136231829997286, 39.172952234606122 ], [ -120.136301530137558, 39.172915834505098 ], [ -120.136379330061999, 39.17290023397986 ], [ -120.136438330117599, 39.172871134415452 ], [ -120.13649873069626, 39.172826434501843 ], [ -120.136528230587942, 39.17278173405662 ], [ -120.136560430797516, 39.172713133916162 ] ] ] } },
{ "type": "Feature", "properties": { "OBJECTID": 1201, "CLASS": "1", "NAME": "Truckee River Trail", "MILES": 4.99345825, "ShapeSTLength": 8036.2081542166025, "FROM_": "Truckee River Bridge", "TO_": "Squaw Valley", "WNTR_MAINT": "YES", "MAINT_JURS": "Placer County", "YR_OF_CONS": "Before 2006", "IMPLEMENT": "TCPUD", "COUNTY": "Placer County", "E_BIKE": "Yes", "GlobalID": "{3AB293E8-2C25-478C-8249-E6BADB90A6AA}", "created_user": "MBINDL", "created_date": "2024-01-25T04:41:45Z", "last_edited_user": "KRICHARDSON", "last_edited_date": "2024-02-09T06:21:15Z" }, "geometry": { "type": "MultiLineString", "coordinates": [ [ [ -120.147746631813604, 39.165262233622734 ], [ -120.14804333126996, 39.16499653279692 ], [ -120.148257931594188, 39.164776933046788 ], [ -120.148633031607602, 39.164452533044745 ], [ -120.148787131335965, 39.164322733540523 ], [ -120.148846231137725, 39.164263333257367 ], [ -120.148940131887315, 39.164126033507628 ], [ -120.148997031023882, 39.164067733290004 ], [ -120.149056130957774, 39.164024933457242 ], [ -120.149152031095937, 39.163997133388868 ], [ -120.149278231363851, 39.163974133524832 ], [ -120.149467231704108, 39.163943033261774 ], [ -120.149641530916142, 39.163910833199871 ], [ -120.150013931124562, 39.163825333307798 ], [ -120.150188731809635, 39.163776633314441 ], [ -120.150320731795858, 39.163728433321921 ], [ -120.15050793161042, 39.163678932702673 ], [ -120.150701931110817, 39.163630633278295 ], [ -120.150906231446882, 39.163609432773882 ], [ -120.15108993147436, 39.163593633184867 ], [ -120.151339431689877, 39.163582233100236 ], [ -120.15151913093807, 39.163557233335148 ], [ -120.151696731919031, 39.163518932679615 ], [ -120.151861031885332, 39.163494933148762 ], [ -120.152175331261489, 39.163463032862097 ], [ -120.152390831677408, 39.163451233202643 ], [ -120.152542331243026, 39.163453332658804 ], [ -120.152663131418279, 39.163470133185164 ], [ -120.153305231988867, 39.16357193261581 ], [ -120.153490532781191, 39.163592632505988 ], [ -120.153651432833612, 39.163591633358685 ], [ -120.15375883269158, 39.163573032905227 ], [ -120.153867332732261, 39.163569732817628 ], [ -120.153937132887904, 39.163572832543849 ], [ -120.154075032147944, 39.163602733075145 ], [ -120.154292532088149, 39.163653932486142 ], [ -120.154599232710595, 39.163710232808505 ], [ -120.154830332445442, 39.163742332392225 ], [ -120.155133332022658, 39.163780833117627 ], [ -120.155365233057225, 39.163794932649751 ], [ -120.15554103297012, 39.163791232783652 ], [ -120.155773032913885, 39.163772532749881 ], [ -120.156074832488031, 39.163739232825748 ], [ -120.156351232582878, 39.163695432745605 ], [ -120.156874132531556, 39.163610332914587 ], [ -120.157805732839449, 39.163454533032905 ], [ -120.159088332832695, 39.163232831566098 ], [ -120.159449032887991, 39.163186031278322 ], [ -120.159728332938528, 39.163162831308831 ], [ -120.16019873252398, 39.163161131555285 ], [ -120.160484333922852, 39.16316633157021 ], [ -120.16083213342263, 39.163179731099582 ], [ -120.161181533615576, 39.163179031934419 ], [ -120.161433833588831, 39.163170431494208 ], [ -120.161691733663815, 39.163140731357288 ], [ -120.161951533697064, 39.163107031079583 ], [ -120.162186233225569, 39.163068531191392 ], [ -120.162396834040379, 39.163045731564104 ], [ -120.162612833449984, 39.163031731413952 ], [ -120.162815233254904, 39.163037331578522 ], [ -120.163001433764464, 39.163031231514275 ], [ -120.1631505332725, 39.16301343108379 ], [ -120.163289933152186, 39.162992631152974 ], [ -120.163421433983117, 39.16298743114406 ], [ -120.163664134030469, 39.163012431031582 ], [ -120.163951133293182, 39.163029031143189 ], [ -120.164270133139922, 39.163032730817946 ], [ -120.164638733170321, 39.163033331142792 ], [ -120.164900633082809, 39.163028031638227 ], [ -120.16513433326854, 39.163024131463978 ], [ -120.16531633350958, 39.163014530894905 ], [ -120.165572233139571, 39.163002230771738 ], [ -120.165740533326485, 39.163010630870829 ], [ -120.166016433366991, 39.163044631098678 ], [ -120.166308333184688, 39.163086330718571 ], [ -120.166568933715311, 39.163143430790676 ], [ -120.166921433200955, 39.163228830637308 ], [ -120.167215433529535, 39.163302530801843 ], [ -120.167430834348266, 39.16336863098163 ], [ -120.16760963450767, 39.163433530588591 ], [ -120.167769935027437, 39.163498531305073 ], [ -120.168115635271505, 39.163691331522102 ], [ -120.16830843505808, 39.163781832267809 ], [ -120.168563234902308, 39.163906631641929 ], [ -120.16879743521902, 39.164012031734366 ], [ -120.168988334911518, 39.164114631811401 ], [ -120.169166734447217, 39.164206131478132 ], [ -120.169309534712028, 39.164251232012838 ], [ -120.169507935124415, 39.164294531713921 ], [ -120.169657534815741, 39.164322631629652 ], [ -120.16977833457139, 39.164329231708187 ], [ -120.169904934488216, 39.164321431435539 ], [ -120.170134934581725, 39.164313231395582 ], [ -120.17041523478801, 39.164318431384771 ], [ -120.170662934818537, 39.164324431349428 ], [ -120.17096873465303, 39.164351431220922 ], [ -120.17128143444161, 39.16438593112067 ], [ -120.171548535296509, 39.164415131652888 ], [ -120.171883734446041, 39.164442131543119 ], [ -120.172290135410819, 39.164493131264884 ], [ -120.172543235084675, 39.164527631763754 ], [ -120.172776935374102, 39.164597131291231 ], [ -120.173025034638769, 39.164696931691871 ], [ -120.173220435240225, 39.164776930945074 ], [ -120.17338983496883, 39.16483833144062 ], [ -120.173576035288278, 39.164908531250482 ], [ -120.173851135046036, 39.165043131584454 ], [ -120.174023435119068, 39.165113831142143 ], [ -120.174244134780395, 39.165178331233911 ], [ -120.174458736326116, 39.165228230918615 ], [ -120.174673036554097, 39.16526913115262 ], [ -120.174830135733856, 39.16529163083861 ], [ -120.175045936048036, 39.165296631327081 ], [ -120.175240536689842, 39.16529683162144 ], [ -120.175558736625035, 39.165286830800831 ], [ -120.175762336111816, 39.165285931401179 ], [ -120.176029136565745, 39.165283331131221 ], [ -120.17629583568808, 39.165274731489902 ], [ -120.176499836672647, 39.165276031489952 ], [ -120.176742635686594, 39.165267731456716 ], [ -120.177037436610917, 39.165252731392108 ], [ -120.177214635756656, 39.16524173100057 ], [ -120.177357136205387, 39.165255831162263 ], [ -120.177528435714891, 39.165266731080209 ], [ -120.177773935689245, 39.165282330924086 ], [ -120.17794753639707, 39.16530763082153 ], [ -120.178072936049972, 39.165331230821749 ], [ -120.178170836541341, 39.165342631132745 ], [ -120.178286236326727, 39.165360331001168 ], [ -120.178367335658123, 39.16538253104347 ], [ -120.178599035836157, 39.165488931181862 ], [ -120.178679136533731, 39.16553293079901 ], [ -120.178736836530732, 39.165579730813924 ], [ -120.178819936204604, 39.165659731270537 ], [ -120.178876036324027, 39.165710631130736 ], [ -120.178943336298772, 39.165752331279599 ], [ -120.179082836249179, 39.16583443127243 ], [ -120.179291136372228, 39.165972831133253 ], [ -120.179600836281097, 39.166200230434129 ], [ -120.179925336062965, 39.166410230878327 ], [ -120.180154336764971, 39.166560230392122 ], [ -120.180382336159624, 39.166697430638287 ], [ -120.180506636391868, 39.166762530519804 ], [ -120.180646535809487, 39.166812830722762 ], [ -120.180817136079597, 39.166857330921793 ], [ -120.181011336705097, 39.166901231073304 ], [ -120.181321537332082, 39.16696273061482 ], [ -120.181708737846179, 39.167041630626592 ], [ -120.181926337131017, 39.167072530927527 ], [ -120.182185137567501, 39.167107130534873 ], [ -120.182399337358376, 39.167137330581276 ], [ -120.182623337585696, 39.16718613015064 ], [ -120.182793437100557, 39.167243430479665 ], [ -120.182970637276611, 39.167321330870017 ], [ -120.183133037488872, 39.16740653050833 ], [ -120.183252337083346, 39.16749283052728 ], [ -120.18333013790793, 39.167552130586238 ], [ -120.183474937368601, 39.167694630165165 ], [ -120.183627038183729, 39.167873329954141 ], [ -120.183856437283026, 39.168118630514748 ], [ -120.184038237799129, 39.168327830507579 ], [ -120.184287938102656, 39.168588029988307 ], [ -120.184582737199449, 39.168876829802841 ], [ -120.18482743723753, 39.16910773020853 ], [ -120.185083037846255, 39.169312830054771 ], [ -120.185281438298134, 39.169460131277887 ], [ -120.185489238058508, 39.169620231250121 ], [ -120.185840437279623, 39.16989133112871 ], [ -120.186114237573122, 39.170089130890013 ], [ -120.186355637732532, 39.170286630882551 ], [ -120.186844137646716, 39.170633730869568 ], [ -120.186983238202515, 39.170746230379706 ], [ -120.18716293785036, 39.170875130989025 ], [ -120.187520637716858, 39.171143530727839 ], [ -120.187621638461991, 39.171245330980234 ], [ -120.187715538299415, 39.171370030475316 ], [ -120.187837638500397, 39.171549930902984 ], [ -120.188095637668141, 39.171970130401554 ], [ -120.188465538868826, 39.172549430918821 ], [ -120.188593939540013, 39.172765330827794 ], [ -120.188750939159291, 39.17303623020431 ], [ -120.188855439079376, 39.173214430794381 ], [ -120.188992239959987, 39.173443230191239 ], [ -120.189123739667551, 39.173667730346729 ], [ -120.189318139148611, 39.173940130022984 ], [ -120.189393238948654, 39.174103430561409 ], [ -120.189467839107706, 39.174282330473432 ], [ -120.189508139358381, 39.174438930668614 ], [ -120.189542440042331, 39.174665130050272 ], [ -120.189577640105895, 39.174922329947137 ], [ -120.18962213990342, 39.175236130935431 ], [ -120.189658339378155, 39.175415730846211 ], [ -120.189719140090617, 39.175584930992173 ], [ -120.189782739263435, 39.17569653103741 ], [ -120.190023140215587, 39.176049131440436 ], [ -120.190366439950409, 39.17661473110347 ], [ -120.190546639362736, 39.177027230874472 ], [ -120.190683340033672, 39.177298230682261 ], [ -120.190769039712706, 39.17743603062479 ], [ -120.190883239605157, 39.177586130554772 ], [ -120.190993039781247, 39.177712530888819 ], [ -120.191178240293127, 39.177885630505507 ], [ -120.191409739882289, 39.178082231016674 ], [ -120.191581440102382, 39.178229030865452 ], [ -120.191774040113017, 39.178411130425673 ], [ -120.191983340316284, 39.178585430755348 ], [ -120.192159940189683, 39.17877753104726 ], [ -120.192333040076534, 39.178953830695818 ], [ -120.192598039886107, 39.179282730263552 ], [ -120.193035740579887, 39.17974183064748 ], [ -120.193783540599824, 39.180555130212049 ], [ -120.194531940908234, 39.181356031627907 ], [ -120.194877841835194, 39.181725730748887 ], [ -120.195086241130511, 39.181932631368973 ], [ -120.195286641527872, 39.18216623133349 ], [ -120.195441641949486, 39.18232663123414 ], [ -120.195577641236767, 39.182499130730626 ], [ -120.195656241382423, 39.182632231005243 ], [ -120.195713141511021, 39.182737030601736 ], [ -120.195734641434342, 39.182823030962346 ], [ -120.195794241776852, 39.183522430897625 ], [ -120.195772841953683, 39.18360423137284 ], [ -120.195724342057318, 39.183697131197647 ], [ -120.195657541718205, 39.183847530788022 ], [ -120.195547441985397, 39.184030131022233 ], [ -120.19546174152471, 39.184155230556861 ], [ -120.195343741635185, 39.184294431017818 ], [ -120.195207242207815, 39.184465031158432 ], [ -120.195072841840741, 39.184629231343408 ], [ -120.194981641667596, 39.18476433117808 ], [ -120.194927841440219, 39.184890031265532 ], [ -120.194858241682596, 39.185069930911112 ], [ -120.194839441762454, 39.185117731274822 ], [ -120.194796541930216, 39.185213431316946 ], [ -120.19477874190801, 39.185343731078987 ], [ -120.194759342241113, 39.185551630745856 ], [ -120.194787742564515, 39.185778630486574 ], [ -120.194825842145661, 39.186002730623613 ], [ -120.194871642181198, 39.186173931505394 ], [ -120.194965442002228, 39.186393131347408 ], [ -120.195010942504453, 39.18653253175134 ], [ -120.195115541911562, 39.186794031554193 ], [ -120.195134742659718, 39.186859931859225 ], [ -120.195137741804842, 39.186873731829245 ], [ -120.195167841978417, 39.186966831232056 ], [ -120.195181941664089, 39.18702003135499 ], [ -120.195198641653775, 39.187073631952259 ], [ -120.195214642673378, 39.187125131956762 ], [ -120.195285442119427, 39.187334131645834 ], [ -120.195361742073203, 39.187559132019302 ], [ -120.195584942858758, 39.18790493128067 ], [ -120.195936842178853, 39.188364031762092 ], [ -120.196263042072303, 39.18884303181823 ], [ -120.196564442411471, 39.189299931454819 ], [ -120.196797442027645, 39.189608231648627 ], [ -120.197001142219833, 39.189920631314578 ], [ -120.197154242771944, 39.190190331139945 ], [ -120.197267242473686, 39.190446231366998 ], [ -120.197327242608381, 39.190586331281402 ], [ -120.197370142166406, 39.190719431321803 ], [ -120.197372043048617, 39.190900631025521 ], [ -120.19733534245259, 39.191310631225946 ], [ -120.197343342880927, 39.191574831411081 ], [ -120.197335843053068, 39.191849832145223 ], [ -120.197304442907608, 39.192018732134265 ], [ -120.19724404274686, 39.192180832257215 ], [ -120.197112743149845, 39.19248183223025 ], [ -120.196779242754573, 39.193070531889589 ], [ -120.19672504309527, 39.19320463189149 ], [ -120.196683542746456, 39.193373131702195 ], [ -120.196692142828411, 39.193699131769797 ], [ -120.196786543520631, 39.194064932323599 ], [ -120.196856442769402, 39.194371832082261 ], [ -120.196947543166345, 39.194666531651805 ], [ -120.197104143592483, 39.195049431960229 ], [ -120.197175643501907, 39.195192932151393 ], [ -120.197270143803465, 39.195338931937556 ], [ -120.197430343049533, 39.195541731271341 ], [ -120.19749484349488, 39.195602431672953 ], [ -120.197592743182526, 39.195670031418551 ], [ -120.197801043120165, 39.195782231930991 ], [ -120.198171043468378, 39.19597023165047 ], [ -120.198283443707737, 39.196027531328127 ], [ -120.198373043438323, 39.196100231498917 ], [ -120.198445743445177, 39.19614913160224 ], [ -120.198486042846284, 39.196203231157007 ], [ -120.198535043854775, 39.196278631644937 ], [ -120.198544643858256, 39.196372031431544 ] ], [ [ -120.198525743107211, 39.196580931803616 ], [ -120.198513843299082, 39.196726531388336 ], [ -120.198503343373261, 39.196874631282256 ], [ -120.198496743271946, 39.197026331267573 ], [ -120.198532742982124, 39.197303632738013 ], [ -120.198550343030831, 39.197386932399212 ], [ -120.198616043354292, 39.19748573252555 ], [ -120.19875214322461, 39.197637032079612 ], [ -120.198894943505522, 39.197779832476002 ], [ -120.198971744093214, 39.197819031987763 ], [ -120.199127843901493, 39.1978722319243 ], [ -120.199282542980342, 39.197943031905261 ], [ -120.199424543632631, 39.198035832153096 ], [ -120.199537343045066, 39.198154032069141 ], [ -120.199611143373929, 39.19819763189404 ], [ -120.199637943151629, 39.198254832399449 ], [ -120.199648443157514, 39.19832483249678 ], [ -120.199697043170914, 39.198469432555974 ], [ -120.199807843826164, 39.19878103236811 ], [ -120.199875344066854, 39.198863832111151 ], [ -120.199962343558553, 39.198934032553751 ], [ -120.200077844146819, 39.199000032005451 ], [ -120.20020344399677, 39.199074731751644 ], [ -120.200519043861775, 39.199192232291892 ], [ -120.200647843542868, 39.199252532168352 ], [ -120.200728243436302, 39.199321131936323 ], [ -120.200819243669201, 39.199415232071779 ], [ -120.200992443358942, 39.19960593220452 ], [ -120.201067543301562, 39.199717131557954 ], [ -120.201120545211552, 39.199844831742766 ], [ -120.201213044462818, 39.200159831635077 ], [ -120.201217744968119, 39.200251332359883 ], [ -120.20120684537163, 39.200364131560775 ], [ -120.201155345287745, 39.200483832004132 ], [ -120.2010702448068, 39.200604631759958 ], [ -120.201051045554053, 39.200659032333398 ], [ -120.201071344836436, 39.200710432172144 ], [ -120.201343545535508, 39.201084931590835 ], [ -120.201342445601014, 39.201132632303263 ], [ -120.201263345185197, 39.201281231835615 ], [ -120.201146744843896, 39.201468231799169 ], [ -120.200650844571413, 39.2023231318611 ], [ -120.200502944491191, 39.202532432130127 ], [ -120.200339944669366, 39.202745232957454 ], [ -120.20027094380815, 39.202893132295031 ], [ -120.200228343699251, 39.202944733010646 ], [ -120.200106044527658, 39.203160433021253 ], [ -120.199781844084399, 39.203732532593449 ], [ -120.199606144675087, 39.204059532993845 ], [ -120.199485144389755, 39.204331632834354 ], [ -120.199297044355788, 39.204597332719324 ], [ -120.199337344346134, 39.204696733031312 ], [ -120.199500844212878, 39.204718532797564 ] ] ] } },
{ "type": "Feature", "properties": { "OBJECTID": 1202, "CLASS": "1", "NAME": "Squaw Valley Bike Path", "MILES": 1.89343296, "ShapeSTLength": 3047.1910605950825, "FROM_": "SR-89", "TO_": "Village at Squaw Valley", "WNTR_MAINT": "YES", "MAINT_JURS": "Placer County", "YR_OF_CONS": "Before 2006", "IMPLEMENT": "Placer County", "COUNTY": "Placer County", "E_BIKE": "Yes", "GlobalID": "{AE44BD47-4FC5-4B34-BF2A-C3A128DBBDEB}", "created_user": "MBINDL", "created_date": "2024-01-25T04:41:45Z", "last_edited_user": "KRICHARDSON", "last_edited_date": "2024-02-09T06:21:15Z" }, "geometry": { "type": "MultiLineString", "coordinates": [ [ [ -120.227896447885513, 39.199443429803537 ], [ -120.227840048465637, 39.199402229624731 ], [ -120.227759548651676, 39.199393829917334 ], [ -120.227587948357566, 39.199425030489543 ], [ -120.227367947687554, 39.199462430271851 ], [ -120.227198947915682, 39.19949782998976 ], [ -120.227067548117461, 39.199539330396469 ], [ -120.227003147887984, 39.199572630274581 ], [ -120.226925348137797, 39.199599629928329 ], [ -120.22681544834397, 39.199612129903969 ], [ -120.226716148216667, 39.199649529739979 ], [ -120.226579348314914, 39.199699430576615 ], [ -120.226364848050778, 39.199753430455708 ], [ -120.226222647883077, 39.199786730326764 ], [ -120.226150248720359, 39.199820030128578 ], [ -120.22608394815488, 39.19986702999293 ], [ -120.226018848697919, 39.199923930393595 ], [ -120.225887348904223, 39.199984230443846 ], [ -120.225739848375142, 39.200063129897032 ], [ -120.225549448689691, 39.200169229883194 ], [ -120.22539654881615, 39.200258529816253 ], [ -120.225187348112755, 39.200379130472164 ], [ -120.225039848092038, 39.200449830024731 ], [ -120.224903048620931, 39.200510030537046 ], [ -120.22480914812175, 39.200562030223168 ], [ -120.224744748267042, 39.200632730178889 ], [ -120.224656248872719, 39.200740829886968 ], [ -120.224567748975005, 39.200882130007834 ], [ -120.224476547908466, 39.201038030340861 ], [ -120.224414848391561, 39.201148130034781 ], [ -120.224334348498914, 39.201274929882388 ], [ -120.22422704847915, 39.201401730293775 ], [ -120.224130548243252, 39.201534830381803 ], [ -120.224060748794727, 39.201661530216569 ], [ -120.223983048684474, 39.201769630124062 ], [ -120.223862348101761, 39.201908930287367 ], [ -120.22380864887279, 39.201960830142298 ], [ -120.223663848583726, 39.202118829907704 ], [ -120.223505548855229, 39.202262230223674 ], [ -120.223358748220619, 39.202385330064779 ], [ -120.223169548257971, 39.202525729857093 ], [ -120.222827649224755, 39.202787230133481 ], [ -120.2224890489872, 39.203033329889131 ], [ -120.222231048629908, 39.203240730746444 ], [ -120.221856047859347, 39.203523930708641 ], [ -120.22155514810656, 39.203755331132797 ], [ -120.221381247389644, 39.203889730966068 ], [ -120.221298147805967, 39.20398533088278 ], [ -120.221196147364211, 39.20414533097118 ], [ -120.221089547834183, 39.204303231112441 ], [ -120.220952147715494, 39.204457131050802 ], [ -120.220839447231398, 39.204548531227267 ], [ -120.220716147617622, 39.204620830746926 ], [ -120.220396947357841, 39.204783430777326 ], [ -120.220101847364518, 39.204906031188713 ], [ -120.219926548218282, 39.204953430770964 ], [ -120.219755847537513, 39.205020331538407 ], [ -120.219559047463122, 39.205120030755971 ], [ -120.219265048150945, 39.205257330766052 ], [ -120.218910948191834, 39.205409030949852 ], [ -120.218688448148555, 39.205483731238104 ], [ -120.21857414809547, 39.205532431161359 ], [ -120.218495248244508, 39.205585730813979 ], [ -120.218369148325465, 39.205650131251303 ], [ -120.218041948220005, 39.205743630869591 ], [ -120.2178107475914, 39.205814231491487 ], [ -120.217572548063686, 39.205870431228973 ], [ -120.217400448408242, 39.205894031680167 ], [ -120.217175547424304, 39.205914130966043 ], [ -120.216754448041883, 39.205907831353549 ], [ -120.216499648519346, 39.205916130866314 ], [ -120.216140248516155, 39.205978531259632 ], [ -120.215783547430647, 39.206088631335959 ], [ -120.215555547441426, 39.206200931303073 ], [ -120.215373147644428, 39.20632143140935 ], [ -120.214730047190116, 39.206778631315572 ], [ -120.214571246960048, 39.206865531300508 ], [ -120.214402147242055, 39.206942831591071 ], [ -120.214262646800023, 39.206996931294285 ], [ -120.214088347189843, 39.207038531534174 ], [ -120.213954346822504, 39.207050131586875 ], [ -120.213672647432858, 39.207023931101986 ], [ -120.213427147373793, 39.207039530985575 ], [ -120.213139947147624, 39.20705753110802 ], [ -120.212743347009166, 39.207068831057349 ], [ -120.212048047485993, 39.207097931880128 ], [ -120.211596547022737, 39.207111231941802 ], [ -120.211363247192551, 39.207115431577826 ], [ -120.211222247371964, 39.20710723136861 ], [ -120.211108446620258, 39.20709043139987 ], [ -120.210940746803729, 39.207030131613372 ], [ -120.210624946992098, 39.206888131932018 ], [ -120.210378346340391, 39.206760631830264 ], [ -120.210150846801326, 39.206646732024311 ], [ -120.209972447061503, 39.206549031759046 ], [ -120.209854246983795, 39.206475831410152 ], [ -120.209731047038915, 39.206427431437056 ], [ -120.209561246971816, 39.206370031552787 ], [ -120.209407847211523, 39.206284032226307 ], [ -120.209209046761231, 39.206189631794679 ], [ -120.209080646312714, 39.206119832022146 ], [ -120.208969346582322, 39.206041931432459 ], [ -120.208840646685914, 39.205973331408465 ], [ -120.208719746615287, 39.205917131590127 ], [ -120.208584446807421, 39.20585593147689 ], [ -120.208436946276436, 39.205790431489419 ], [ -120.208302346211042, 39.205715731827006 ], [ -120.208176746653237, 39.205638731688012 ], [ -120.208060046905203, 39.205577432008702 ], [ -120.207977047148248, 39.205542531972782 ], [ -120.207867345889099, 39.205507131984881 ] ], [ [ -120.207867345889099, 39.205507131984881 ], [ -120.207849545382501, 39.205451632026318 ], [ -120.207849345323652, 39.205372432069524 ], [ -120.207880745004545, 39.205231831541212 ], [ -120.20786324546836, 39.205153131956948 ], [ -120.207795045422756, 39.205010231698857 ], [ -120.207730145916941, 39.204941431937158 ], [ -120.207686745166896, 39.204903732028221 ], [ -120.207606245088655, 39.204859132387291 ], [ -120.207516845065015, 39.204841832285076 ], [ -120.207402945614362, 39.204849932285825 ], [ -120.207254045052977, 39.204879031795656 ], [ -120.207176745198694, 39.20488303219809 ], [ -120.207112045171854, 39.204868232433832 ], [ -120.206904045642204, 39.204788632416296 ], [ -120.206838945557578, 39.204769731976178 ], [ -120.206736445439986, 39.204758532170743 ], [ -120.206523145175169, 39.204757431879052 ], [ -120.205999146063476, 39.204749532198676 ], [ -120.205790945868003, 39.204739832387283 ], [ -120.205583045816795, 39.204704432610548 ], [ -120.205277245607803, 39.204619232511945 ], [ -120.204974045939622, 39.204514232210499 ], [ -120.204786444977529, 39.20443633259621 ], [ -120.204528945193971, 39.204327232140088 ], [ -120.204240645005825, 39.204210832070132 ], [ -120.20405554522695, 39.204153632469044 ], [ -120.203886545629899, 39.204101732721689 ], [ -120.203764045697568, 39.204042232687783 ], [ -120.203689445058814, 39.203974932803817 ], [ -120.203594244919572, 39.203885532087554 ], [ -120.20349904566126, 39.203840232404886 ], [ -120.203327045096216, 39.203785232787446 ], [ -120.20325404496576, 39.203738132014792 ], [ -120.203166445018837, 39.203674432050512 ], [ -120.203103345183195, 39.20364343274705 ], [ -120.203029145062857, 39.20362873220872 ], [ -120.202928045531294, 39.203623232897925 ], [ -120.202331844909622, 39.203620232304573 ], [ -120.202084145115251, 39.20360373257445 ], [ -120.201836245067653, 39.203577932161366 ], [ -120.201467645531693, 39.203544232488497 ], [ -120.201432245802053, 39.2035355329647 ], [ -120.201384345901943, 39.203523732967732 ], [ -120.201260645530184, 39.203488532598087 ], [ -120.201172145798438, 39.203487132815766 ], [ -120.201094345243646, 39.203498932334121 ], [ -120.200943445759691, 39.203536332321903 ], [ -120.200823444402218, 39.203552132196663 ], [ -120.200689044250808, 39.203555232760579 ], [ -120.200593844408729, 39.203567632451978 ], [ -120.200505643820108, 39.203591432628471 ], [ -120.200445243697359, 39.203637132478001 ], [ -120.200416944620656, 39.203674532369398 ], [ -120.200240044312466, 39.204091232212981 ], [ -120.200166843820256, 39.20422393249666 ], [ -120.200108644133024, 39.204298132350139 ], [ -120.200022844364156, 39.204367732360907 ], [ -120.199959443937928, 39.204407932841583 ], [ -120.199926243970538, 39.20444673271475 ], [ -120.199908844202668, 39.204509032955876 ], [ -120.199888744860175, 39.204571432220632 ], [ -120.199881944769359, 39.204603332977712 ], [ -120.199852544163107, 39.204636032427999 ], [ -120.199788344474641, 39.20467113258939 ], [ -120.199659343983299, 39.204740632768875 ], [ -120.199500844212878, 39.204718532797564 ] ], [ [ -120.207867345889099, 39.205507131984881 ], [ -120.207729945262884, 39.205472132344745 ], [ -120.207565045409282, 39.205484231617497 ] ] ] } },
{ "type": "Feature", "properties": { "OBJECTID": 1203, "CLASS": "1", "NAME": "West Shore Tahoe Trail", "MILES": 1.50293116, "ShapeSTLength": 2418.7380896220643, "FROM_": "64 Acre Entrance", "TO_": "Sequoia Ave", "WNTR_MAINT": "YES", "MAINT_JURS": "TCPUD", "YR_OF_CONS": "Before 2006", "IMPLEMENT": "Placer County", "COUNTY": "Placer County", "E_BIKE": "Yes", "GlobalID": "{9BE1F322-B84D-47FA-B3E9-C9FFFBF07221}", "created_user": "MBINDL", "created_date": "2024-01-25T04:41:45Z", "last_edited_user": "KRICHARDSON", "last_edited_date": "2024-02-09T06:21:15Z" }, "geometry": { "type": "LineString", "coordinates": [ [ -120.144645330781429, 39.163625833895139 ], [ -120.144637330617556, 39.163561433674147 ], [ -120.14463193002554, 39.163465733899514 ], [ -120.144633330301758, 39.163381533986282 ], [ -120.144653430501435, 39.163308733834889 ], [ -120.144688229686338, 39.163209933414045 ], [ -120.144711029874273, 39.163103833495633 ], [ -120.144733830499689, 39.163023833930666 ], [ -120.144771430370795, 39.162922932829595 ], [ -120.144807629836421, 39.162874032314065 ], [ -120.144863929841392, 39.162810633070968 ], [ -120.144918930054601, 39.162755532384203 ], [ -120.144959130350912, 39.162656732768994 ], [ -120.144983329741422, 39.162517432652457 ], [ -120.144983329717476, 39.162417632947005 ], [ -120.144945729755207, 39.162313633028049 ], [ -120.144900130400188, 39.162176333148302 ], [ -120.144868030636701, 39.162119132851188 ], [ -120.144825029609237, 39.162050533049431 ], [ -120.144817030360045, 39.162007932392925 ], [ -120.144823029751279, 39.161980032338136 ], [ -120.144849029674333, 39.161879032341695 ], [ -120.144905329579828, 39.161718932379237 ], [ -120.144988530148751, 39.161469332568984 ], [ -120.145023330016414, 39.161417332849069 ], [ -120.145085030017597, 39.161323733166256 ], [ -120.145117230566996, 39.161244732409898 ], [ -120.145141430117349, 39.161139732416046 ], [ -120.145184329827771, 39.160994133175926 ], [ -120.145270130324661, 39.160766432442038 ], [ -120.145301029748396, 39.160634333257143 ], [ -120.145345230050637, 39.160510632939882 ], [ -120.145392129485217, 39.160369232470906 ], [ -120.145523630109238, 39.160040633209867 ], [ -120.145604030084769, 39.159794132603565 ], [ -120.145663129611549, 39.159566432834083 ], [ -120.145676530167407, 39.159499832953848 ], [ -120.145720929314749, 39.159349432473938 ], [ -120.145758329314859, 39.159220132951312 ], [ -120.145778429985583, 39.159093232753023 ], [ -120.145799829487828, 39.159004832967881 ], [ -120.145873629166275, 39.15873243302206 ], [ -120.145915229159172, 39.158560832731986 ], [ -120.145939329938145, 39.158422532566675 ], [ -120.145954129782552, 39.158306032813364 ], [ -120.145966129364368, 39.158163633415448 ], [ -120.145991630115475, 39.158027333267597 ], [ -120.146014430061157, 39.157865133205213 ], [ -120.146021129745563, 39.157748633099828 ], [ -120.146041230021353, 39.157658232974725 ], [ -120.146058729681187, 39.157560433219317 ], [ -120.146064029616468, 39.157477232361721 ], [ -120.146070728979865, 39.157323332091188 ], [ -120.146090928976989, 39.157126832025575 ], [ -120.146113729595712, 39.156950032228195 ], [ -120.146123129328316, 39.156803432211461 ], [ -120.14613112891098, 39.156605832231527 ], [ -120.146139129837167, 39.156378031982065 ], [ -120.146128429023506, 39.156277232102902 ], [ -120.146128429568634, 39.156200231854591 ], [ -120.146139128894248, 39.156127432466931 ], [ -120.14615932943164, 39.156058832514773 ], [ -120.14617002952572, 39.155989132178313 ], [ -120.146177329442466, 39.15585213183406 ], [ -120.146183028799243, 39.155770432600093 ], [ -120.146180729195407, 39.155663632424371 ], [ -120.146167329594789, 39.155539832622928 ], [ -120.146160629286626, 39.155445232458327 ], [ -120.146167329642168, 39.155340232089948 ], [ -120.146175429346613, 39.155167532223494 ], [ -120.146182128927578, 39.155019932675991 ], [ -120.146172729247766, 39.154827532253485 ], [ -120.146157929172389, 39.154704832329998 ], [ -120.146152628992738, 39.154536331895528 ], [ -120.146160629057974, 39.154421932021258 ], [ -120.146174028704365, 39.154334532409642 ], [ -120.146172729101949, 39.154265932544739 ], [ -120.146184728773576, 39.154098532629888 ], [ -120.146179429639801, 39.153946632782748 ], [ -120.146178028853541, 39.153821832441878 ], [ -120.146171329555315, 39.15367623238555 ], [ -120.146175428494018, 39.153571232200562 ], [ -120.146183428998427, 39.153361132395773 ], [ -120.146191428929058, 39.153289432560115 ], [ -120.146219628565916, 39.153184332013531 ], [ -120.14622502902715, 39.153111532453956 ], [ -120.146219629112281, 39.152887932422374 ], [ -120.14621292953791, 39.152755932078385 ], [ -120.146218328635129, 39.152521932924508 ], [ -120.146223629339232, 39.152343032080189 ], [ -120.146206229192259, 39.152262932445232 ], [ -120.146171328843437, 39.152173532940012 ], [ -120.146149929067192, 39.152062231379631 ], [ -120.146123128668691, 39.151908331620923 ], [ -120.146094928860748, 39.151777231349513 ], [ -120.14605062897796, 39.151652431863866 ], [ -120.14599032846894, 39.151490231928101 ], [ -120.145948729279141, 39.151296831455646 ], [ -120.145927428926967, 39.151219231632815 ], [ -120.145879028502122, 39.151068032092311 ], [ -120.14580392838333, 39.150855831558538 ], [ -120.145756928544301, 39.150740431367687 ], [ -120.145727428679649, 39.150635331967095 ], [ -120.145700628825352, 39.150487631994324 ], [ -120.145673828619096, 39.150272431507268 ], [ -120.145679128680783, 39.150149632255626 ], [ -120.145712728267256, 39.149735732248473 ], [ -120.145732828110738, 39.149650431950683 ], [ -120.145790529098065, 39.149500731966761 ], [ -120.145885728978044, 39.149269831849281 ], [ -120.14597282802859, 39.14910133191065 ], [ -120.14607752809178, 39.148905832235471 ], [ -120.146191428798247, 39.148738332169842 ], [ -120.146326928880384, 39.148590632074061 ], [ -120.146430227950262, 39.148462731569964 ], [ -120.146483828104707, 39.148375332224745 ], [ -120.146596528865388, 39.148200632190296 ], [ -120.146681028615333, 39.148095631638036 ], [ -120.146827128376657, 39.147977031524604 ], [ -120.147238829767247, 39.147667131663113 ], [ -120.147430629906154, 39.14753713157058 ], [ -120.147623729760298, 39.147454931465745 ], [ -120.147689529747268, 39.147388331758727 ], [ -120.147663229351281, 39.14730663233744 ], [ -120.147622429967114, 39.147211532080142 ], [ -120.147662629762522, 39.147161632054946 ], [ -120.147796729161513, 39.147109631896946 ], [ -120.147965728861919, 39.147051331481201 ], [ -120.14842982906147, 39.146882932226312 ], [ -120.148778428912053, 39.146776831862788 ], [ -120.149105729215577, 39.146672831494548 ], [ -120.149550928954227, 39.146558430675888 ], [ -120.149784329868496, 39.14650433085604 ], [ -120.150141029406981, 39.146435631123104 ], [ -120.150428028787928, 39.146356631277406 ], [ -120.15058622885995, 39.146300431165102 ], [ -120.150827628986207, 39.14625053118305 ], [ -120.151117329905674, 39.146186030586399 ], [ -120.151267528930475, 39.146138230948317 ], [ -120.151546529357489, 39.146015430707976 ], [ -120.151721629354839, 39.145929431207598 ], [ -120.151817429223371, 39.145882330946506 ], [ -120.152074928704351, 39.145732531052921 ], [ -120.152281429289431, 39.145586931165774 ], [ -120.152450428836787, 39.145453830833993 ], [ -120.152640829584087, 39.145235430673253 ], [ -120.152706329415309, 39.145155330827116 ] ] } },
{ "type": "Feature", "properties": { "OBJECTID": 1204, "CLASS": "1", "NAME": "West Shore Tahoe Trail", "MILES": 2.31367794, "ShapeSTLength": 3723.511159937661, "FROM_": "Timberland Ln", "TO_": "Cherry St Tahoe Pines", "WNTR_MAINT": "NO", "MAINT_JURS": "TCPUD", "YR_OF_CONS": "Before 2006", "IMPLEMENT": "Placer County", "COUNTY": "Placer County", "E_BIKE": "Yes", "GlobalID": "{4C68F355-7C24-4C56-99FB-B200AC2A7036}", "created_user": "MBINDL", "created_date": "2024-01-25T04:41:45Z", "last_edited_user": "KRICHARDSON", "last_edited_date": "2024-02-09T06:21:15Z" }, "geometry": { "type": "LineString", "coordinates": [ [ -120.161809407480263, 39.127786617820185 ], [ -120.161799229220307, 39.127777428477145 ], [ -120.161801929013947, 39.127675428979288 ], [ -120.161791228996179, 39.127613028541404 ], [ -120.161909228896405, 39.127350829092151 ], [ -120.161989729359917, 39.127155228399729 ], [ -120.162249828871069, 39.126705828576981 ], [ -120.162410829445477, 39.126431128631552 ], [ -120.162528829344524, 39.126202228920874 ], [ -120.162646829270102, 39.125852728857559 ], [ -120.162668328596382, 39.125567629303049 ], [ -120.162641429099352, 39.125355429046245 ], [ -120.162577128800265, 39.125082828359069 ], [ -120.162402728645375, 39.12465422848738 ], [ -120.162067429104468, 39.123940428029108 ], [ -120.161946728836028, 39.123771928001247 ], [ -120.16185552758111, 39.123553428388512 ], [ -120.161772427708541, 39.123411927821763 ], [ -120.161702727396431, 39.123312027957581 ], [ -120.161678527891922, 39.123220528630242 ], [ -120.161673227645835, 39.123095628116253 ], [ -120.161670528105702, 39.12296042804568 ], [ -120.161641028096255, 39.122777328654088 ], [ -120.161619527180392, 39.122644128042914 ], [ -120.161603427644621, 39.122517228340996 ], [ -120.161587327997111, 39.122356928161679 ], [ -120.161552527499452, 39.122132228033301 ], [ -120.16153102730766, 39.121876228090336 ], [ -120.161480027902456, 39.121722328661733 ], [ -120.161437126981269, 39.121574528296783 ], [ -120.161418327991257, 39.12141642803585 ], [ -120.161364727227522, 39.121208328012337 ], [ -120.161308427809431, 39.120979428223549 ], [ -120.161252127072899, 39.120785928823757 ], [ -120.161160927476047, 39.120590328405797 ], [ -120.161048226831312, 39.120303128452719 ], [ -120.160922126762443, 39.120003428073254 ], [ -120.160780027770429, 39.119714228434667 ], [ -120.160726327539933, 39.119524827251247 ], [ -120.160629827500784, 39.11932302792853 ], [ -120.160490327190331, 39.119054527965304 ], [ -120.160321326819812, 39.118848527679738 ], [ -120.160157726766045, 39.118657128004081 ], [ -120.159991426828682, 39.118505227541796 ], [ -120.159806327189287, 39.118353227903 ], [ -120.159605226952976, 39.118255428099701 ], [ -120.159267227587648, 39.118111827714522 ], [ -120.159119727155897, 39.118059828293127 ], [ -120.158966827123862, 39.118061927826702 ], [ -120.158859526926022, 39.118061927746119 ], [ -120.158744226694722, 39.118028628345513 ], [ -120.158634227278242, 39.117959927961898 ], [ -120.158443826649147, 39.117828828149385 ], [ -120.158382126849162, 39.117706128123359 ], [ -120.158317727512454, 39.117558328294031 ], [ -120.158250726579737, 39.117373127600011 ], [ -120.158248026581006, 39.11728152776616 ], [ -120.158307027361346, 39.117175428005538 ], [ -120.158341926832549, 39.117031828101517 ], [ -120.158347226683205, 39.116869527933069 ], [ -120.158376726400391, 39.116721727862405 ], [ -120.158417026734625, 39.116484528434249 ], [ -120.15841162688487, 39.116257728401315 ], [ -120.158403527252631, 39.116126627959034 ], [ -120.158454527011529, 39.116024628348178 ], [ -120.158467926688061, 39.115953828195401 ], [ -120.158473327166945, 39.115714527812266 ], [ -120.158435727281201, 39.115485627853928 ], [ -120.158411227035117, 39.115396128586482 ], [ -120.158379426943625, 39.115279628145345 ], [ -120.158261427180861, 39.114888328197146 ], [ -120.158191726396865, 39.114742728645417 ], [ -120.158120426178527, 39.114557728359678 ], [ -120.158113926506999, 39.114540828552663 ], [ -120.157998526082778, 39.114243228423312 ], [ -120.157955626544876, 39.114045527432417 ], [ -120.157950326253143, 39.113910227719956 ], [ -120.157969026037435, 39.11378332698817 ], [ -120.157982426109868, 39.113606427293455 ], [ -120.158006626773172, 39.113450327789451 ], [ -120.158060225993367, 39.113258827058154 ], [ -120.158087026993599, 39.113131927547357 ], [ -120.158087026656915, 39.113034127839562 ], [ -120.158132626393495, 39.112911327444749 ], [ -120.158250726370269, 39.112736527941983 ], [ -120.15830432603903, 39.112582527520473 ], [ -120.158339226055887, 39.112407627896907 ], [ -120.15839552674089, 39.112326527564377 ], [ -120.158529626513641, 39.112176627663608 ], [ -120.158580625795523, 39.112068427069289 ], [ -120.15869052574692, 39.111916527669955 ], [ -120.158816626720039, 39.111714627521728 ], [ -120.15892122644739, 39.111554427533832 ], [ -120.159095626567961, 39.111371227368267 ], [ -120.159307426084652, 39.11126092730801 ], [ -120.159500326140318, 39.111095027904696 ], [ -120.159685625805309, 39.110921727614247 ], [ -120.160020926620845, 39.110574127684963 ], [ -120.160329425526498, 39.110311927334465 ], [ -120.160498325589785, 39.110164127401838 ], [ -120.160635126306644, 39.110010127745035 ], [ -120.160777326027699, 39.109812427576344 ], [ -120.160857825738844, 39.109633427705255 ], [ -120.160914125485689, 39.109460727974039 ], [ -120.160957026362496, 39.109158927428396 ], [ -120.161050925971935, 39.108549126367592 ], [ -120.16109382629908, 39.108241026678975 ], [ -120.161100225981286, 39.108144326962318 ], [ -120.161136725994581, 39.107851826938735 ], [ -120.161174325856905, 39.107514727156335 ], [ -120.161238625469295, 39.107229526983708 ], [ -120.161324526191265, 39.106927827203897 ], [ -120.16147472541644, 39.106667627020833 ], [ -120.16166082556407, 39.106355127164669 ], [ -120.161750925644895, 39.106186826987283 ], [ -120.1619870255183, 39.105828827246192 ], [ -120.162182825318141, 39.105529126601823 ], [ -120.162255225961886, 39.105393826894357 ], [ -120.162370525007887, 39.105089927043089 ], [ -120.162457925285821, 39.104926927094546 ], [ -120.162585125854875, 39.104690327005429 ], [ -120.162711226563161, 39.104448927047294 ], [ -120.16279432674682, 39.104226227197586 ], [ -120.162925726878314, 39.103886927314875 ], [ -120.163030426086976, 39.103543526589995 ], [ -120.163108126338429, 39.103241627290195 ], [ -120.163161826777539, 39.102881626040912 ], [ -120.163257025804427, 39.102368526009457 ], [ -120.163289226008715, 39.102344526573944 ], [ -120.163359326212529, 39.102345426340911 ], [ -120.163454126513301, 39.102324825915012 ], [ -120.163481026205616, 39.102272726467888 ], [ -120.163505126838857, 39.102011525793309 ], [ -120.163548025833137, 39.101772125846324 ], [ -120.163556125715331, 39.101670225870734 ], [ -120.163540026678675, 39.101514026407209 ], [ -120.163537326747132, 39.101293425891917 ], [ -120.163564125886538, 39.101037425954175 ], [ -120.163604326104803, 39.100612825994965 ], [ -120.163619225533807, 39.100524526554956 ], [ -120.163655326188703, 39.100254726139283 ], [ -120.163698225982472, 39.100013326101049 ], [ -120.163768025479442, 39.099757326132554 ], [ -120.163810490431999, 39.099469429397146 ], [ -120.16388332546309, 39.09927232609872 ], [ -120.163918225843659, 39.099087026150272 ], [ -120.163974525620745, 39.098866426752998 ], [ -120.164006725863558, 39.098681126795256 ], [ -120.164060326343815, 39.098379326345849 ], [ -120.164122026073244, 39.098027526179969 ], [ -120.164170887596612, 39.097650339803806 ], [ -120.164179697602165, 39.097375213542641 ], [ -120.164237657745261, 39.097186271186963 ], [ -120.164223916178557, 39.097039991177951 ], [ -120.164224079904358, 39.096817591780294 ] ] } },
{ "type": "Feature", "properties": { "OBJECTID": 1205, "CLASS": "1", "NAME": "West Shore Tahoe Trail", "MILES": 0.99333389, "ShapeSTLength": 1598.6191266172207, "FROM_": "William Kent Campground", "TO_": "Timberland Ln", "WNTR_MAINT": "YES", "MAINT_JURS": "TCPUD", "YR_OF_CONS": "Before 2006", "IMPLEMENT": "Placer County", "COUNTY": "Placer County", "E_BIKE": "Yes", "GlobalID": "{A2F7DE62-D473-4201-B29C-E19378B117C4}", "created_user": "MBINDL", "created_date": "2024-01-25T04:41:45Z", "last_edited_user": "KRICHARDSON", "last_edited_date": "2024-02-09T06:21:15Z" }, "geometry": { "type": "LineString", "coordinates": [ [ -120.153935928368995, 39.139977630572886 ], [ -120.153835729120132, 39.139890130145375 ], [ -120.153798228841893, 39.13982773001905 ], [ -120.153806228761923, 39.139769530095158 ], [ -120.15384922859802, 39.139717530473277 ], [ -120.15395642882703, 39.139646729810558 ], [ -120.154074528577283, 39.139588530323692 ], [ -120.154104028981678, 39.139544830312104 ], [ -120.154114728630148, 39.139486630567518 ], [ -120.154095928229026, 39.139390930379207 ], [ -120.154090028023504, 39.139362229912223 ], [ -120.154066428883965, 39.139247329885229 ], [ -120.154061028384504, 39.139091330199562 ], [ -120.154057528892949, 39.138875030203536 ], [ -120.154061027853217, 39.138781329850573 ], [ -120.154074527989991, 39.138596230337861 ], [ -120.154112028377725, 39.138346530060524 ], [ -120.154130828608174, 39.138184229942318 ], [ -120.154163028795935, 39.138026130160569 ], [ -120.154213928012652, 39.137874330424147 ], [ -120.154305128001326, 39.137626730456184 ], [ -120.154348028422547, 39.137543530490028 ], [ -120.154428529519919, 39.137402030342358 ], [ -120.154495629740182, 39.137256430706145 ], [ -120.154581428904109, 39.137019230787992 ], [ -120.154624329458102, 39.136940230640668 ], [ -120.154664529549791, 39.136850730433359 ], [ -120.154667229668277, 39.136775830029187 ], [ -120.154694029268626, 39.136696730179132 ], [ -120.154753129842248, 39.136638530831796 ], [ -120.154873829692477, 39.136399230171548 ], [ -120.154991828827278, 39.136185030564619 ], [ -120.155150028903719, 39.135899930149378 ], [ -120.155198329444602, 39.135795929628173 ], [ -120.155243929468398, 39.135773029412817 ], [ -120.155315529069469, 39.135780229526127 ], [ -120.155439729567959, 39.135762629156126 ], [ -120.155506829053962, 39.135721029914293 ], [ -120.155724029170813, 39.135585829470521 ], [ -120.155834029131938, 39.135502629738077 ], [ -120.155997629660035, 39.13530702974677 ], [ -120.156053928573314, 39.13521552936858 ], [ -120.156067329176182, 39.135109429413738 ], [ -120.156035229060095, 39.134963729800539 ], [ -120.156027128841359, 39.134828529588439 ], [ -120.156080829348355, 39.134722429924878 ], [ -120.156233629448153, 39.134578829882038 ], [ -120.156351728556714, 39.134468629597599 ], [ -120.156434829338338, 39.134320829318554 ], [ -120.156465829017094, 39.134197829514996 ], [ -120.156547529452524, 39.134027529531345 ], [ -120.156644029166443, 39.133859029498751 ], [ -120.156818428549968, 39.133659229775041 ], [ -120.156982029070093, 39.133438729540778 ], [ -120.157110728713093, 39.133259829673506 ], [ -120.157282428601036, 39.133051729199849 ], [ -120.157497029177804, 39.132877029959012 ], [ -120.157620329093177, 39.132723029759617 ], [ -120.157776528290839, 39.132575829485127 ], [ -120.157993228945514, 39.132371429621827 ], [ -120.158197128277905, 39.132191729229923 ], [ -120.158669128158678, 39.131788829356481 ], [ -120.15898022884528, 39.131497529960946 ], [ -120.159202828264043, 39.131272829568687 ], [ -120.159460328132056, 39.131027329764962 ], [ -120.159680328888498, 39.130808929802896 ], [ -120.159964628894244, 39.130538429598644 ], [ -120.160109428189145, 39.13039272910359 ], [ -120.160334728563612, 39.130197228805571 ], [ -120.160592228379841, 39.129945428250267 ], [ -120.160739728604753, 39.129791428925259 ], [ -120.16088732841456, 39.129668728690476 ], [ -120.161117028272017, 39.129437228238189 ], [ -120.161281628319188, 39.129246328376873 ], [ -120.161442528108878, 39.129086128654045 ], [ -120.161573928701046, 39.128882228410248 ], [ -120.161601628515029, 39.128840328360788 ], [ -120.16168122879418, 39.128719928409595 ], [ -120.161675828512159, 39.128541028982077 ], [ -120.161732228264114, 39.128374529092568 ], [ -120.161820728911408, 39.128230929119255 ], [ -120.16191722974628, 39.12804372910982 ], [ -120.161938729444344, 39.127956328954966 ], [ -120.161906529956454, 39.127871028380014 ], [ -120.161869229160985, 39.127840628872981 ], [ -120.161809407480263, 39.127786617820185 ] ] } },
{ "type": "Feature", "properties": { "OBJECTID": 1206, "CLASS": "1", "NAME": "VILLAGE BLVD BIKE PATH", "MILES": 0.65503651, "ShapeSTLength": 1054.1811779069769, "FROM_": "SR-28", "TO_": "Lakeshore Blvd", "WNTR_MAINT": "YES", "MAINT_JURS": "Washoe County", "YR_OF_CONS": "Before 2006", "IMPLEMENT": "Washoe County", "COUNTY": "Washoe County", "E_BIKE": "Yes", "GlobalID": "{651104D6-8CBB-4D14-BB48-586728861123}", "created_user": "MBINDL", "created_date": "2024-01-25T04:41:45Z", "last_edited_user": "KRICHARDSON", "last_edited_date": "2024-02-09T06:21:15Z" }, "geometry": { "type": "LineString", "coordinates": [ [ -119.949077209425283, 39.240855955285475 ], [ -119.949047408518013, 39.240918255328509 ], [ -119.949025808378352, 39.240950655268207 ], [ -119.948990708353662, 39.241013255066299 ], [ -119.948938809334592, 39.241127155083142 ], [ -119.948878909021801, 39.241245855753085 ], [ -119.948843008743694, 39.241347555332325 ], [ -119.948803108577991, 39.241468855008364 ], [ -119.94876960880795, 39.241580055612033 ], [ -119.948728608880401, 39.241774555764025 ], [ -119.948717309563705, 39.241827255036192 ], [ -119.948704909115435, 39.24192925547186 ], [ -119.948702608690482, 39.242097255095693 ], [ -119.94870470902562, 39.242168554960493 ], [ -119.948707409285532, 39.2422565550266 ], [ -119.948721308572175, 39.242390155634297 ], [ -119.948739809279715, 39.242514355010528 ], [ -119.948749508528053, 39.242613454985964 ], [ -119.948780308663274, 39.242723555307606 ], [ -119.948793008839118, 39.242779154899168 ], [ -119.948811208701684, 39.242843054909315 ], [ -119.94885140929749, 39.242942755568428 ], [ -119.948878808873886, 39.243003955547991 ], [ -119.948926508894871, 39.243125554973645 ], [ -119.94896540897534, 39.243194555077039 ], [ -119.948975309561789, 39.243217955464331 ], [ -119.949029808975581, 39.243345755247468 ], [ -119.949084809630861, 39.243455854918338 ], [ -119.949181309772086, 39.243607455224804 ], [ -119.949259109106862, 39.243764254874989 ], [ -119.949355309073439, 39.24391245550671 ], [ -119.949381209070566, 39.243952255323968 ], [ -119.949440208887964, 39.244017755459708 ], [ -119.949504508908888, 39.244078955171418 ], [ -119.949568909633385, 39.244157955396901 ], [ -119.949699809357298, 39.24433605535306 ], [ -119.949845209889119, 39.244503754912031 ], [ -119.94998190914076, 39.244649254717665 ], [ -119.950105409143987, 39.24480495545177 ], [ -119.950232009006456, 39.244921255259726 ], [ -119.95030120974441, 39.245016855471057 ], [ -119.950396809428938, 39.245116155416518 ], [ -119.950499609430594, 39.245233955373962 ], [ -119.95060020909925, 39.245362755399888 ], [ -119.950754509814104, 39.245496755129395 ], [ -119.950835509447245, 39.2455816550478 ], [ -119.950919409797237, 39.245693056181615 ], [ -119.951135309144348, 39.245937055960951 ], [ -119.951203709115006, 39.246016055597593 ], [ -119.951215009913341, 39.246027755434426 ], [ -119.951299009610537, 39.246115955951446 ], [ -119.951411609461886, 39.246249655885578 ], [ -119.951518908960153, 39.246346255357558 ], [ -119.951590009791218, 39.246426256100634 ], [ -119.951658409338364, 39.246525955885375 ], [ -119.951712009018678, 39.246614256043443 ], [ -119.951789809996001, 39.246726455277418 ], [ -119.951862210066679, 39.246827156081451 ], [ -119.951956109609569, 39.246988155670167 ], [ -119.952111609971752, 39.247261255964467 ], [ -119.952176009559849, 39.24737445517713 ], [ -119.952326609444611, 39.247648255607082 ], [ -119.952401309786424, 39.247793055734085 ], [ -119.952476409519662, 39.24790315598154 ], [ -119.952501909878848, 39.247973755212342 ], [ -119.952519310276116, 39.248052655242219 ], [ -119.952559609804013, 39.248160655796418 ], [ -119.952638709207378, 39.24834035514764 ], [ -119.952660509629439, 39.248422555762225 ], [ -119.952695009519161, 39.24858755551621 ], [ -119.952729910064221, 39.248718355426519 ], [ -119.95275811000181, 39.248855455090705 ], [ -119.952783509703281, 39.249021655138094 ], [ -119.952794311600925, 39.249125555411553 ], [ -119.952802310485822, 39.249284455168429 ], [ -119.952799011413191, 39.249482255525187 ] ] } },
{ "type": "Feature", "properties": { "OBJECTID": 1207, "CLASS": "1", "NAME": "LAKESHORE BLVD PATH", "MILES": 3.03145326, "ShapeSTLength": 4878.6608672152588, "FROM_": "West Terminus Park", "TO_": "State Route 28", "WNTR_MAINT": "YES", "MAINT_JURS": "Washoe County", "YR_OF_CONS": "Before 2006", "IMPLEMENT": "Washoe County", "COUNTY": "Washoe County", "E_BIKE": "Yes", "GlobalID": "{B9DD3956-1CFD-4F68-A6B6-384412A13B78}", "created_user": "MBINDL", "created_date": "2024-01-25T04:41:45Z", "last_edited_user": "KRICHARDSON", "last_edited_date": "2024-02-09T06:21:15Z" }, "geometry": { "type": "LineString", "coordinates": [ [ -119.981054416173734, 39.24966225334137 ], [ -119.980968915817215, 39.249624053451612 ], [ -119.980858913971005, 39.249602253658082 ], [ -119.980775714977909, 39.249609453782533 ], [ -119.980593414912263, 39.249642753532044 ], [ -119.980523314074432, 39.249650353712518 ], [ -119.98036271414459, 39.249653053264389 ], [ -119.980119914052082, 39.249641653362531 ], [ -119.979953614130409, 39.249642753155392 ], [ -119.979867814519906, 39.249657253141876 ], [ -119.979701515028907, 39.249671753555361 ], [ -119.979516414419976, 39.249676953623336 ], [ -119.979312214452804, 39.249684953772075 ], [ -119.979052414630885, 39.249707053262775 ], [ -119.978778814027237, 39.249710253551576 ], [ -119.978446214791532, 39.249715453384937 ], [ -119.978233013966729, 39.249713353652737 ], [ -119.978108314045542, 39.24970705325952 ], [ -119.977978214155002, 39.24969775320686 ], [ -119.977833414490703, 39.249675953955453 ], [ -119.977649614644918, 39.24963855325344 ], [ -119.977451114156608, 39.249621953764255 ], [ -119.97727951445512, 39.249616753885377 ], [ -119.977087714276962, 39.249604253713798 ], [ -119.976969714033501, 39.249594953377333 ], [ -119.976891914458008, 39.24957415400975 ], [ -119.976779315033767, 39.249538853990288 ], [ -119.976667914111303, 39.249528453718369 ], [ -119.976574113997572, 39.249529553223198 ], [ -119.976391714100117, 39.249533653692183 ], [ -119.976279014674503, 39.249527453275448 ], [ -119.976158314709892, 39.249509753654934 ], [ -119.976020213902331, 39.249476553988515 ], [ -119.975899514165064, 39.249455753400085 ], [ -119.975790914981573, 39.249445353938086 ], [ -119.975680914069926, 39.249433954038885 ], [ -119.975557514022725, 39.249405953630365 ], [ -119.97533621457805, 39.249358153557104 ], [ -119.975094813944025, 39.249306254162207 ], [ -119.974893714280185, 39.249252253564322 ], [ -119.974645613888029, 39.249195054161056 ], [ -119.974448414841575, 39.249152553498455 ], [ -119.974303614929795, 39.249134854111013 ], [ -119.974156114972914, 39.24910165377117 ], [ -119.973983114677509, 39.249050754231149 ], [ -119.973745712966618, 39.248961453908102 ], [ -119.973641113580996, 39.248928154319536 ], [ -119.973502913587282, 39.248883554329254 ], [ -119.973454713439892, 39.248850254016808 ], [ -119.973387613599371, 39.248817053945949 ], [ -119.973272313351202, 39.248775553668814 ], [ -119.972939712699471, 39.248671653634815 ], [ -119.972878013804007, 39.248658153803689 ], [ -119.972774713427697, 39.248651953997665 ], [ -119.972715713121573, 39.24863115358157 ], [ -119.972585612990244, 39.248577153939493 ], [ -119.9724233136659, 39.248491954322468 ], [ -119.972242313091996, 39.248405754386894 ], [ -119.972157312888456, 39.248370753688008 ], [ -119.971986112663018, 39.248305053943085 ], [ -119.971915113437419, 39.24828425437471 ], [ -119.971819912911442, 39.248262453800294 ], [ -119.971695113516745, 39.24820635432701 ], [ -119.971646813051521, 39.248173154264485 ], [ -119.971558313082298, 39.248102554387685 ], [ -119.971488613045295, 39.248059953721629 ], [ -119.971414813037143, 39.248033954253479 ], [ -119.971335713264878, 39.248000754179714 ], [ -119.971253912882077, 39.247944654574162 ], [ -119.971134513476358, 39.247888554533397 ], [ -119.971012513342217, 39.247851153951544 ], [ -119.970885113297541, 39.247816953901747 ], [ -119.970783212826802, 39.24777125435336 ], [ -119.970608713584667, 39.247678754004369 ], [ -119.970335213394193, 39.247548954552755 ], [ -119.970132713566429, 39.247447154726068 ], [ -119.970005313233784, 39.24738595453011 ], [ -119.969769313165443, 39.247272754483554 ], [ -119.969518512659221, 39.247150154666066 ], [ -119.969478512933946, 39.247130154662031 ], [ -119.969262413380122, 39.247022454458218 ], [ -119.969042412759677, 39.246912354193128 ], [ -119.968723212623701, 39.246753454284793 ], [ -119.968421513469693, 39.246609054521734 ], [ -119.968247112991833, 39.246517654091164 ], [ -119.968054013375024, 39.246409654590323 ], [ -119.967917212982783, 39.246355654485349 ], [ -119.967753612586847, 39.246295354404467 ], [ -119.967509512624687, 39.246191554372224 ], [ -119.967364712675305, 39.246121954240571 ], [ -119.967211812685065, 39.246040954342234 ], [ -119.967048213116826, 39.245955753993229 ], [ -119.96685371206209, 39.245883053385874 ], [ -119.966708911226675, 39.245833253864213 ], [ -119.966584211350323, 39.245809354028282 ], [ -119.966505112208282, 39.245780254073573 ], [ -119.966368111658014, 39.245732053788011 ], [ -119.966220711406763, 39.245665953601936 ], [ -119.966078611243205, 39.245604754179723 ], [ -119.965972611287896, 39.245566253934804 ], [ -119.965819711304263, 39.245516453839471 ], [ -119.965692311474044, 39.245485254287857 ], [ -119.965587712039422, 39.245479053914821 ], [ -119.965508611646257, 39.245457253690496 ], [ -119.965374511165948, 39.245409453980493 ], [ -119.965284612286254, 39.245361653819145 ], [ -119.965193511984111, 39.245308754112187 ], [ -119.965121011786053, 39.24528795363932 ], [ -119.964989612240089, 39.245265053873446 ], [ -119.96489171123504, 39.245238054160382 ], [ -119.96480321156605, 39.245213153525476 ], [ -119.964638211766271, 39.245174753546038 ], [ -119.964482711754556, 39.245151854227203 ], [ -119.964367311217899, 39.245119653729802 ], [ -119.964280212145198, 39.245090654369179 ], [ -119.96416081218922, 39.245053254162059 ], [ -119.964054912206635, 39.245004453656733 ], [ -119.963910012055194, 39.244952453643066 ], [ -119.963757111716433, 39.244906754193835 ], [ -119.963617711491068, 39.244884953953026 ], [ -119.963497711490945, 39.244862654459013 ], [ -119.963348111661361, 39.244837153722692 ], [ -119.963216712146846, 39.244811253962922 ], [ -119.963093311701599, 39.244772753736427 ], [ -119.962874711838751, 39.24471875418989 ], [ -119.962692311981925, 39.244661654352313 ], [ -119.962589011453403, 39.244636753976458 ], [ -119.96249521111281, 39.244608653975313 ], [ -119.962416011980395, 39.24457335446472 ], [ -119.962310111107527, 39.244547454491439 ], [ -119.962197411778732, 39.244528753941118 ], [ -119.961990911765326, 39.244474754234972 ], [ -119.961749511770492, 39.244408254487162 ], [ -119.961599311065299, 39.2443500541577 ], [ -119.961400811377061, 39.244279454391602 ], [ -119.961203511674569, 39.244231454437234 ], [ -119.960987711647462, 39.244169354750404 ], [ -119.960727611158632, 39.244090454466516 ], [ -119.96055321191335, 39.244048854777773 ], [ -119.960409811427638, 39.244025454433945 ], [ -119.960244811397246, 39.243961654417781 ], [ -119.96011871152939, 39.243918054748725 ], [ -119.959949709785604, 39.243874354772267 ], [ -119.959812310468891, 39.243845254104286 ], [ -119.959662710101938, 39.24380585405406 ], [ -119.959495110281509, 39.243759054219595 ], [ -119.959421910918209, 39.243741454270342 ], [ -119.959268510022625, 39.243699854545817 ], [ -119.959094510544389, 39.243650254645907 ], [ -119.958827210419372, 39.243578354328882 ], [ -119.95873910981841, 39.24355225422363 ], [ -119.958454410026718, 39.243459954554254 ], [ -119.958175110574331, 39.243387354449411 ], [ -119.957925310057135, 39.243310154949945 ], [ -119.957728910224262, 39.24324395494579 ], [ -119.957542510261007, 39.243200354253162 ], [ -119.957360110842771, 39.243155654344172 ], [ -119.957224610584632, 39.243135954642653 ], [ -119.957087810607433, 39.243101655081695 ], [ -119.956920209714511, 39.24306425453041 ], [ -119.956733810567698, 39.243012354917006 ], [ -119.956602310663087, 39.242970755150658 ], [ -119.956460209937845, 39.242929254520746 ], [ -119.956137010139443, 39.242834754933874 ], [ -119.955933110791662, 39.242778655078027 ], [ -119.95572261006285, 39.242712154907274 ], [ -119.95542220989374, 39.242638354815632 ], [ -119.955230410329534, 39.242592655244046 ], [ -119.955085509761332, 39.242548054662848 ], [ -119.954967509673722, 39.242497154699201 ], [ -119.954816009889342, 39.242442054747691 ], [ -119.954683210204678, 39.242404654576212 ], [ -119.954574610042059, 39.242392255363164 ], [ -119.954459309705896, 39.242362154814217 ], [ -119.954354610359616, 39.242331955064849 ], [ -119.954166909718353, 39.242283154941795 ], [ -119.953993910443572, 39.242238555314827 ], [ -119.953845009691364, 39.242178254924404 ], [ -119.953704210298937, 39.242138855158778 ], [ -119.953547310645106, 39.242105554906921 ], [ -119.953436010668824, 39.242070254829045 ], [ -119.95330991032877, 39.242042254919461 ], [ -119.95311951005867, 39.2419840551253 ], [ -119.952937109499373, 39.241933155022771 ], [ -119.952740008690967, 39.241877054681218 ], [ -119.952522708498691, 39.241823055463442 ], [ -119.952344308535615, 39.241773155548664 ], [ -119.952135108585779, 39.24173165523878 ], [ -119.951967509356578, 39.241682855611742 ], [ -119.951738208702778, 39.241621555477465 ], [ -119.951624209423059, 39.241581055383207 ], [ -119.951471309466726, 39.241521855249623 ], [ -119.951299609190968, 39.241468855609043 ], [ -119.951082409450734, 39.241426255599599 ], [ -119.950818209244801, 39.241349455526333 ], [ -119.950511008539863, 39.241262155630316 ], [ -119.950356809329492, 39.241209155621135 ], [ -119.950094009370275, 39.241144855553465 ], [ -119.949861909379464, 39.241081455093827 ], [ -119.949639308652465, 39.241009755106958 ], [ -119.949406008945871, 39.240951655275367 ], [ -119.949168609177349, 39.240882055450427 ], [ -119.949077209425283, 39.240855955285475 ], [ -119.948904408352362, 39.240795855283565 ], [ -119.9487676088971, 39.240749055874922 ], [ -119.948598609259648, 39.240700255256534 ], [ -119.947985708813349, 39.240528855173359 ], [ -119.947765808960128, 39.240484255805058 ], [ -119.947523108357601, 39.240407355532554 ], [ -119.947229409182555, 39.240324255916278 ], [ -119.946812309245317, 39.24021415546958 ], [ -119.946129707603447, 39.240021955960756 ], [ -119.94568170739295, 39.239896355047719 ], [ -119.945453707044706, 39.239827754732907 ], [ -119.945248507608241, 39.23978415449745 ], [ -119.945160007368855, 39.239746755189486 ], [ -119.944949507369174, 39.23969165478168 ], [ -119.944768407924698, 39.239630355222872 ], [ -119.944574007821231, 39.239572254558702 ], [ -119.944367407471205, 39.239516154673716 ], [ -119.944186407023608, 39.239464255284076 ], [ -119.944037507361116, 39.239423654694392 ], [ -119.943675408083053, 39.239314655087682 ], [ -119.943381707837432, 39.239247154673542 ], [ -119.943267706987854, 39.239250255202649 ], [ -119.943172407143578, 39.239224755150175 ], [ -119.942951207931316, 39.239162955214411 ], [ -119.942208307602158, 39.238947955610207 ], [ -119.942050607174181, 39.238902854859226 ], [ -119.941797907047984, 39.238827455535507 ], [ -119.941539006999378, 39.238755855509638 ], [ -119.94120380789515, 39.238674755254905 ], [ -119.941109207216599, 39.238650155628974 ], [ -119.940911407584522, 39.238588555263014 ], [ -119.940730407835559, 39.23851895536616 ], [ -119.940580207589221, 39.238460855220104 ], [ -119.940396407227155, 39.238413055368525 ], [ -119.940276307035987, 39.238390855575354 ], [ -119.940012907246015, 39.238338255090433 ], [ -119.939825107833542, 39.238285255835699 ], [ -119.939552907638102, 39.238194955163472 ], [ -119.939367806981252, 39.238146055610521 ], [ -119.939200207850348, 39.238111855682739 ], [ -119.938937706315741, 39.238017955799329 ], [ -119.938840706046818, 39.237968455077123 ], [ -119.938673106591907, 39.237917555526295 ], [ -119.938487405908333, 39.237876355391037 ], [ -119.938210406123318, 39.237835555282693 ], [ -119.938198305656996, 39.23790485557133 ], [ -119.938150105974941, 39.237968455889209 ], [ -119.937920806364971, 39.237908255726992 ], [ -119.93770890633337, 39.237836555262483 ], [ -119.937499606314205, 39.23776285541642 ], [ -119.9373240063276, 39.237702555719835 ], [ -119.937160305918283, 39.237664155777267 ], [ -119.93703960650187, 39.237612156046744 ], [ -119.93689610643402, 39.237565455612469 ], [ -119.936800906302167, 39.237519755292773 ], [ -119.936688306277702, 39.237464656022503 ], [ -119.936599805798011, 39.237433556143799 ], [ -119.936516606726002, 39.237409655640811 ], [ -119.936404006074554, 39.237362855514078 ], [ -119.936257806459849, 39.237291256103312 ], [ -119.936123706606793, 39.237210155945888 ], [ -119.935980206537465, 39.237128155915585 ], [ -119.935939905990665, 39.237092855674511 ], [ -119.935850106290999, 39.237053355831577 ], [ -119.935744106167206, 39.237004556055531 ], [ -119.935593906671741, 39.236924555570191 ], [ -119.935497406631399, 39.2368528559849 ], [ -119.935407506340312, 39.236779155504017 ], [ -119.935262706252658, 39.23665445572982 ], [ -119.935132605999414, 39.236568255641451 ], [ -119.935006505825939, 39.236477855658755 ], [ -119.934818805790641, 39.236330355715069 ], [ -119.934676606099941, 39.236191156256943 ], [ -119.934586005543864, 39.236097456101056 ], [ -119.934454006047631, 39.235974056441556 ], [ -119.934350705556739, 39.235857756408073 ], [ -119.934330605719197, 39.235808956330196 ], [ -119.934235406231281, 39.235682255930179 ], [ -119.934095905923016, 39.235524356116528 ], [ -119.933987305775972, 39.235379955901465 ], [ -119.933870606069888, 39.235221055771866 ], [ -119.933723105997672, 39.235010156479213 ], [ -119.933642605441548, 39.23486365602006 ], [ -119.933495106020459, 39.234568655938524 ], [ -119.933381105509611, 39.234347355979892 ], [ -119.93331000621437, 39.234257055955823 ], [ -119.933285906207061, 39.234155255722541 ], [ -119.933241605681843, 39.233996254948899 ], [ -119.933186706077208, 39.233838355815131 ], [ -119.933123305201377, 39.233705855172317 ], [ -119.933039106144676, 39.233510155702767 ], [ -119.932962706047462, 39.233309655760358 ], [ -119.932868805281288, 39.233107055883224 ], [ -119.932784305299933, 39.232933655779327 ], [ -119.932713205726458, 39.232815155530048 ], [ -119.932674405629882, 39.232764255173819 ], [ -119.932669005237884, 39.232725855094628 ], [ -119.932682405613662, 39.23266355585023 ], [ -119.932698505631706, 39.232593955293979 ], [ -119.932697105604291, 39.232548255759994 ], [ -119.932665005759475, 39.232500455229484 ], [ -119.93259390533882, 39.232410055661141 ], [ -119.932532205448268, 39.232365355679541 ], [ -119.932431605761309, 39.232319655483927 ], [ -119.932337703912722, 39.232279155744862 ], [ -119.932296203976463, 39.232238655448519 ], [ -119.932276004920425, 39.23221065548622 ], [ -119.932134804772019, 39.232152755769867 ], [ -119.932023404161811, 39.232112855650556 ] ] } },
{ "type": "Feature", "properties": { "OBJECTID": 1208, "CLASS": "1", "NAME": "LAKE TAHOE BLVD BIKE PATH", "MILES": 1.6882469, "ShapeSTLength": 2716.9754509259856, "FROM_": "Viking Rd", "TO_": "Sawmill Blvd", "WNTR_MAINT": "YES", "MAINT_JURS": "EL DORADO COUNTY", "YR_OF_CONS": "2014", "IMPLEMENT": "EL DORADO COUNTY", "COUNTY": "EL DORADO COUNTY", "E_BIKE": "", "GlobalID": "{40899963-348C-4AC2-B3F5-7A15286B0A81}", "created_user": "MBINDL", "created_date": "2024-01-25T04:41:45Z", "last_edited_user": "KRICHARDSON", "last_edited_date": "2024-02-09T06:21:15Z" }, "geometry": { "type": "LineString", "coordinates": [ [ -120.027235777029304, 38.888331118386255 ], [ -120.027253676772915, 38.888353818453531 ], [ -120.027260476668729, 38.888386118494047 ], [ -120.027226876918306, 38.888462318501489 ], [ -120.027200977270013, 38.888521218445916 ], [ -120.027167876397755, 38.888616818379859 ], [ -120.027163977438278, 38.888706218322838 ], [ -120.027170577243666, 38.888840217869976 ], [ -120.027186977439015, 38.889000218288999 ], [ -120.027238976562103, 38.889209718207589 ], [ -120.027287976760377, 38.889397218438639 ], [ -120.027386976967094, 38.889625218456821 ], [ -120.027477977510543, 38.889748218108402 ], [ -120.027544777143262, 38.889812017776542 ], [ -120.027629277184275, 38.889897617753455 ], [ -120.027661377035272, 38.889974917852669 ], [ -120.027638676855716, 38.890054218151761 ], [ -120.027588977549627, 38.890128317986445 ], [ -120.027544777126622, 38.890250517876972 ], [ -120.027503177407127, 38.890385118144742 ], [ -120.027430777640376, 38.890488517657282 ], [ -120.02728497722768, 38.890623217742494 ], [ -120.026917977233779, 38.890930218088471 ], [ -120.026674977142108, 38.891108218299294 ], [ -120.02647987779811, 38.891240017650553 ], [ -120.026357877674627, 38.891295318395699 ], [ -120.026262977139794, 38.891383218513518 ], [ -120.026165977700941, 38.891583218154892 ], [ -120.026097677441072, 38.891703518432777 ], [ -120.026035977611528, 38.891750518177098 ], [ -120.025934077042237, 38.891775518477736 ], [ -120.02565107759591, 38.891770318147394 ], [ -120.025553177007453, 38.891773418478927 ], [ -120.025444576946072, 38.891796417824764 ], [ -120.025350677487054, 38.891826717965422 ], [ -120.025243976839292, 38.891873219403244 ], [ -120.024913477117835, 38.89201871916601 ], [ -120.024760577007811, 38.892111619051576 ], [ -120.024548677185138, 38.892267118822069 ], [ -120.024013576499584, 38.892681519395943 ], [ -120.023906976331574, 38.892787218899223 ], [ -120.023816476359343, 38.892910118969674 ], [ -120.023658276223316, 38.893132518797366 ], [ -120.02355357584662, 38.893246218602059 ], [ -120.023429576367462, 38.893324019021776 ], [ -120.023214276404175, 38.893464418825069 ], [ -120.023039975758394, 38.893537219126948 ], [ -120.022868276395883, 38.893626218727711 ], [ -120.022715976272181, 38.893721219404213 ], [ -120.022514276573375, 38.893897618673279 ], [ -120.022234976200281, 38.894141219085334 ], [ -120.021662976372752, 38.894568218645226 ], [ -120.020583976761728, 38.895321218722671 ], [ -120.020467776576567, 38.895441319141909 ], [ -120.020288077065459, 38.89561881949696 ], [ -120.020124976746146, 38.895761218691291 ], [ -120.019838976052668, 38.896001219447704 ], [ -120.019636276194689, 38.89614271893106 ], [ -120.019486077077076, 38.896237719344001 ], [ -120.01927017618975, 38.896344219092853 ], [ -120.019118976758023, 38.896415218933278 ], [ -120.018997876876199, 38.896489319218276 ], [ -120.018899977237652, 38.896558219499681 ], [ -120.018581977176723, 38.896810219012629 ], [ -120.01851107690095, 38.896881718853038 ], [ -120.018422577047332, 38.897007018712173 ], [ -120.018308976441602, 38.897172219759483 ], [ -120.01821397671101, 38.897272220249945 ], [ -120.01810597625996, 38.897352220091705 ], [ -120.017698377374032, 38.897575819892353 ], [ -120.017502576906296, 38.897660420439365 ], [ -120.017194076838166, 38.897766819925906 ], [ -120.016768975239629, 38.897906220239953 ], [ -120.016544975674748, 38.897992319617998 ], [ -120.016312975499972, 38.898091420088917 ], [ -120.016147976085918, 38.898176220506471 ], [ -120.015994976113959, 38.898270220312732 ], [ -120.015620975589371, 38.898560119967982 ], [ -120.01548287534159, 38.898671719869412 ], [ -120.015374175406137, 38.898760419816178 ], [ -120.015223975277834, 38.898914220148491 ], [ -120.015114076373749, 38.899053720109471 ], [ -120.015030976069767, 38.899189220142105 ], [ -120.014935975688388, 38.899410220015362 ], [ -120.014845875996059, 38.899721719824811 ], [ -120.014782975989078, 38.89985522037469 ], [ -120.014656776359132, 38.900079719736411 ], [ -120.01444487647484, 38.900404319948429 ], [ -120.014377976167239, 38.900524219831695 ], [ -120.014342876065953, 38.900612020441038 ], [ -120.014325475926967, 38.900736220470804 ], [ -120.014317475615016, 38.900869820425704 ], [ -120.014300975710327, 38.900999220001836 ], [ -120.014269975914658, 38.901112219818565 ], [ -120.014210175693535, 38.901259119902605 ], [ -120.014019676151037, 38.901603519879473 ], [ -120.013966976322834, 38.901719219960782 ], [ -120.01391697666142, 38.901854220431041 ], [ -120.013898975829832, 38.901954219694503 ], [ -120.01388197569554, 38.902230219909249 ], [ -120.013865476094082, 38.90234871952682 ], [ -120.013828976124273, 38.902457219889023 ], [ -120.013723375790278, 38.902679521080771 ], [ -120.013693976615755, 38.902773220468411 ], [ -120.013685776605911, 38.902879920949751 ], [ -120.013695976172201, 38.902966220639961 ], [ -120.01374197657934, 38.903085221108888 ], [ -120.013803975847722, 38.903170220726643 ], [ -120.013933876152322, 38.903284821170843 ], [ -120.014001976751842, 38.903364221081993 ], [ -120.014051976731935, 38.903460220491176 ], [ -120.014069976777293, 38.903556220601168 ], [ -120.014071975862478, 38.903674120772841 ], [ -120.014049176667058, 38.903785820488714 ], [ -120.013974076948202, 38.904009120587602 ], [ -120.013941976013655, 38.904129220803185 ], [ -120.013916476361274, 38.904441220940399 ], [ -120.013923176078265, 38.904564420640881 ], [ -120.013962076450696, 38.904652020739967 ], [ -120.014057276663522, 38.90477932093215 ], [ -120.01416457628747, 38.904919220685159 ], [ -120.014215476089944, 38.905054920940088 ], [ -120.01422797625618, 38.905211220929822 ], [ -120.014202076932264, 38.905379420774608 ], [ -120.014154976102006, 38.905497220895633 ], [ -120.014091976178065, 38.905632220112878 ], [ -120.013986176170064, 38.905769720960919 ], [ -120.013901676972097, 38.905868920620399 ], [ -120.013843976813675, 38.905957220808993 ], [ -120.013802977002769, 38.906076220176217 ], [ -120.013789977046997, 38.906212220792106 ], [ -120.013835977207322, 38.906554220171515 ], [ -120.013821276245935, 38.906635920270546 ], [ -120.013764877286349, 38.906751820927724 ], [ -120.013625376343967, 38.907002320255891 ], [ -120.01354227725534, 38.907108720229417 ], [ -120.013473877319726, 38.907144220814558 ], [ -120.01338137648159, 38.907152520856748 ], [ -120.013198976485612, 38.907130620265391 ], [ -120.013107776778654, 38.907123320273826 ], [ -120.013054976791707, 38.907139220313809 ], [ -120.012974277391208, 38.907169720134561 ] ] } },
{ "type": "Feature", "properties": { "OBJECTID": 1209, "CLASS": "1", "NAME": "Greenway Phase 1b & 2", "MILES": 0.95934399, "ShapeSTLength": 1543.9175768395471, "FROM_": "Glenwood Way", "TO_": "Sierra Blvd", "WNTR_MAINT": "YES", "MAINT_JURS": "City of South Lake Tahoe", "YR_OF_CONS": "2021", "IMPLEMENT": "El Dorado County", "COUNTY": "El Dorado County", "E_BIKE": "Yes", "GlobalID": "{297AF1BB-26B2-4147-A455-8288CFC36D76}", "created_user": "MBINDL", "created_date": "2024-01-25T04:41:45Z", "last_edited_user": "KRICHARDSON", "last_edited_date": "2024-02-09T06:21:15Z" }, "geometry": { "type": "MultiLineString", "coordinates": [ [ [ -119.971283400188184, 38.923608500754803 ], [ -119.97129449947478, 38.923571800645917 ], [ -119.971310500231738, 38.923543200604939 ], [ -119.971348599580182, 38.923478100488225 ], [ -119.971458999621191, 38.923338700250007 ], [ -119.971472099566327, 38.923165599356032 ], [ -119.971446599441691, 38.922883699532228 ], [ -119.971464900140717, 38.922686999083197 ], [ -119.971469200059559, 38.922557599292929 ], [ -119.971436199176196, 38.922410399789747 ], [ -119.971526699582213, 38.92220149961264 ], [ -119.971769499802761, 38.922065499869014 ], [ -119.971840899866748, 38.922025499645635 ], [ -119.972036899698722, 38.92197219944925 ], [ -119.972174999760711, 38.921848799212121 ], [ -119.972196900487873, 38.921690300192317 ], [ -119.9722488994705, 38.921534099581095 ], [ -119.972350700242487, 38.921460099806922 ], [ -119.972382600227988, 38.921419799977869 ], [ -119.972674900320655, 38.921283399439837 ], [ -119.972976599947444, 38.921110699673733 ], [ -119.973123199680032, 38.921051099399975 ], [ -119.973328399546645, 38.921011200297443 ], [ -119.973429900020477, 38.92101559991255 ], [ -119.973694999224961, 38.921090399700212 ], [ -119.9739650013031, 38.921071699349788 ], [ -119.974103899913786, 38.920995800185118 ], [ -119.974184900398129, 38.920969500405242 ], [ -119.974281800480426, 38.920978299650443 ], [ -119.974461400151583, 38.920963500516464 ], [ -119.974573000023852, 38.920932099750388 ], [ -119.974663100350014, 38.920886400074679 ], [ -119.974718599735738, 38.920858599735958 ], [ -119.974936500487985, 38.920679999643305 ], [ -119.974997001236986, 38.920629999644646 ], [ -119.975062101151849, 38.920548299772172 ], [ -119.97513040020408, 38.920414600187797 ], [ -119.975172600802466, 38.920353000505983 ], [ -119.975227500677619, 38.920297800282022 ], [ -119.975322200807412, 38.920224100160041 ], [ -119.975396500549181, 38.920181499973921 ], [ -119.975479000370143, 38.920149599536252 ], [ -119.975567500458396, 38.920129500321053 ], [ -119.975694401030353, 38.920115700235954 ], [ -119.975776199957707, 38.920090900174401 ], [ -119.975992600353791, 38.919956100504862 ], [ -119.976153900728548, 38.91985629997788 ], [ -119.976310899748754, 38.919788900520949 ], [ -119.97637090033902, 38.919740100299528 ], [ -119.97644859998789, 38.919646400378468 ], [ -119.976571299580897, 38.919566300856921 ], [ -119.976631800024506, 38.919516800854367 ], [ -119.976811899855335, 38.919318500527282 ], [ -119.976860200183722, 38.919277800195673 ], [ -119.976928300395585, 38.919241100344408 ], [ -119.977109100707153, 38.919182300284746 ], [ -119.977172300840678, 38.91915380014003 ], [ -119.977286300612718, 38.919069699672526 ], [ -119.977395099882642, 38.919011600698973 ], [ -119.977487800787188, 38.918941300017998 ], [ -119.97778009965613, 38.918778300381305 ], [ -119.977953300679346, 38.918649099956589 ], [ -119.978010400048348, 38.918622600687605 ], [ -119.978103099207956, 38.918594500361813 ], [ -119.978158700371637, 38.918566700066776 ], [ -119.9782707005362, 38.91847190017134 ], [ -119.978356799757023, 38.918404000660239 ], [ -119.978425499932911, 38.918390700542339 ], [ -119.978522000050461, 38.918432300480916 ] ], [ [ -119.965807899556637, 38.926042599866165 ], [ -119.965736099103253, 38.926137499817543 ], [ -119.965690399108368, 38.926195500410273 ], [ -119.965604398892452, 38.926978399505487 ], [ -119.965390098701164, 38.927302999394314 ], [ -119.965384799857347, 38.927356099845525 ], [ -119.965270799520695, 38.927447999688617 ], [ -119.965126999437203, 38.927514800258294 ], [ -119.964909400027537, 38.92793410016715 ], [ -119.964782300040213, 38.928127199314694 ], [ -119.964492199476439, 38.928312399298363 ], [ -119.964154699894138, 38.928364699572278 ], [ -119.963997600440123, 38.928452899713498 ], [ -119.963718800489289, 38.928610500697467 ], [ -119.963073199733444, 38.929181400778937 ], [ -119.962909099989432, 38.929385300650011 ], [ -119.962850900600742, 38.929939200627992 ], [ -119.962773000398272, 38.930041599911817 ], [ -119.962580700803386, 38.930127900289129 ], [ -119.9623719998838, 38.930240000410784 ] ] ] } },
{ "type": "Feature", "properties": { "OBJECTID": 1210, "CLASS": "1", "NAME": "Greenway Phase 1a", "MILES": 0.35849688, "ShapeSTLength": 576.94596410347435, "FROM_": "Al Tahoe Blvd", "TO_": "Meadow Crest Dr", "WNTR_MAINT": "Yes", "MAINT_JURS": "City of South Lake Tahoe", "YR_OF_CONS": "2003", "IMPLEMENT": "City of South Lake Tahoe", "COUNTY": "El Dorado County", "E_BIKE": "Yes", "GlobalID": "{9926FC25-24D0-4E6E-8BEE-E4356EEC59A5}", "created_user": "MBINDL", "created_date": "2024-01-25T04:41:45Z", "last_edited_user": "KRICHARDSON", "last_edited_date": "2024-02-09T06:21:15Z" }, "geometry": { "type": "LineString", "coordinates": [ [ -119.965807899556637, 38.926042599866165 ], [ -119.9658709000785, 38.926012999965366 ], [ -119.965928599767366, 38.925980700031765 ], [ -119.966047799634183, 38.926010200248463 ], [ -119.966215699202522, 38.926029899834688 ], [ -119.966363699588939, 38.926018600349458 ], [ -119.966535298921556, 38.925969500088165 ], [ -119.966760900863775, 38.925858500176531 ], [ -119.966943300601699, 38.925750399645807 ], [ -119.967250200325893, 38.925584599900283 ], [ -119.967593200062737, 38.925441400472529 ], [ -119.967876601051444, 38.925366900268578 ], [ -119.968001201169173, 38.925311900363972 ], [ -119.968104099801806, 38.925250400286643 ], [ -119.96859699999564, 38.924923099881973 ], [ -119.969019399917855, 38.924621100590684 ], [ -119.969237900858175, 38.924486300051115 ], [ -119.969458199823393, 38.924395000639464 ], [ -119.969611600862606, 38.924352900185262 ], [ -119.969788500324242, 38.924361299860379 ], [ -119.969949199457432, 38.924364100132728 ], [ -119.970088199502129, 38.92432760044742 ], [ -119.970227200532335, 38.924261600408613 ], [ -119.970290399381909, 38.924201200328824 ], [ -119.970333800239601, 38.924108500191913 ], [ -119.970413199618832, 38.923955400518274 ], [ -119.970512499685071, 38.923820500169796 ], [ -119.970693000579715, 38.923688500668995 ], [ -119.970896999964836, 38.923622500641834 ], [ -119.971099200754097, 38.923604200185601 ], [ -119.971283400188184, 38.923608500754803 ] ] } },
{ "type": "Feature", "properties": { "OBJECTID": 1211, "CLASS": "PED", "NAME": "LTCC Connector Path", "MILES": 0.12758608, "ShapeSTLength": 205.33031072107119, "FROM_": "Greenway", "TO_": "LTCC Campus", "WNTR_MAINT": "Yes", "MAINT_JURS": "LTCC", "YR_OF_CONS": "Before 2006", "IMPLEMENT": "City of South Lake Tahoe", "COUNTY": "El Dorado County", "E_BIKE": null, "GlobalID": "{8CED9531-4E2D-493A-A67C-9D943BC15F45}", "created_user": "MBINDL", "created_date": "2024-01-25T04:41:45Z", "last_edited_user": "KRICHARDSON", "last_edited_date": "2024-02-09T06:21:15Z" }, "geometry": { "type": "LineString", "coordinates": [ [ -119.971283400188184, 38.923608500754803 ], [ -119.971290599629214, 38.924005901047231 ], [ -119.971259899726405, 38.924420300508913 ], [ -119.971205799539362, 38.92460010040211 ], [ -119.971180499233782, 38.924798100020062 ], [ -119.971198500090949, 38.925108500809472 ], [ -119.97118049913783, 38.925387999783638 ], [ -119.971129699374487, 38.925435600119052 ] ] } },
{ "type": "Feature", "properties": { "OBJECTID": 1212, "CLASS": "1", "NAME": "Sierra Blvd", "MILES": 0.58793415, "ShapeSTLength": 946.19018633451958, "FROM_": "Palmira Ave", "TO_": "Barbara Ave", "WNTR_MAINT": "Yes", "MAINT_JURS": "City of South Lake Tahoe", "YR_OF_CONS": "2019", "IMPLEMENT": "City of South Lake Tahoe", "COUNTY": "City of South Lake Tahoe", "E_BIKE": "Yes", "GlobalID": "{EBC5CE53-3BA2-445F-8059-A0A7A69D0FC2}", "created_user": "MBINDL", "created_date": "2024-01-25T04:41:45Z", "last_edited_user": "KRICHARDSON", "last_edited_date": "2024-02-09T06:21:15Z" }, "geometry": { "type": "LineString", "coordinates": [ [ -119.985606044745111, 38.924976087385161 ], [ -119.985451004248702, 38.924782735453007 ], [ -119.985258604389571, 38.924588122166824 ], [ -119.985094000205905, 38.924460600494619 ], [ -119.985026096548495, 38.924376827959719 ], [ -119.984557999469246, 38.923952100009451 ], [ -119.984004999596579, 38.923433599192684 ], [ -119.983796259149671, 38.923290649129086 ], [ -119.983454000197227, 38.922948300033475 ], [ -119.983338347056531, 38.922867847335567 ], [ -119.98326516278992, 38.922774740119294 ], [ -119.98317185129568, 38.922656024485129 ], [ -119.98292100063243, 38.922460700051154 ], [ -119.982399653042592, 38.92195733733265 ], [ -119.98230809607864, 38.921875008010979 ], [ -119.982170861753758, 38.921787053614253 ], [ -119.982025112192517, 38.921623519028124 ], [ -119.981915244942542, 38.921512636022229 ], [ -119.981846944908767, 38.921456610318167 ], [ -119.981780031567538, 38.921391219753602 ], [ -119.981694891731266, 38.921343910252638 ], [ -119.981284000204099, 38.920951100595012 ], [ -119.980723999039753, 38.92045120034529 ], [ -119.980296281500301, 38.920016978720675 ], [ -119.980190000008633, 38.91993759982698 ], [ -119.980093415017507, 38.919814102554923 ], [ -119.979663764331718, 38.919437656242835 ], [ -119.979251295454475, 38.919056603933981 ], [ -119.979135998836, 38.918982300422236 ], [ -119.979064628712251, 38.91888057565594 ], [ -119.978964208667151, 38.918828417188443 ], [ -119.978589347451305, 38.918492629439058 ] ] } },
{ "type": "Feature", "properties": { "OBJECTID": 1213, "CLASS": "PED", "NAME": "LTCC Footpath", "MILES": 0.54481074, "ShapeSTLength": 876.78965645281369, "FROM_": "Campus", "TO_": "Al Tahoe Blvd", "WNTR_MAINT": "Yes", "MAINT_JURS": "LTCC", "YR_OF_CONS": "Before 2006", "IMPLEMENT": "City of South Lake Tahoe", "COUNTY": "City of South Lake Tahoe", "E_BIKE": null, "GlobalID": "{5B7CF52E-8AC5-460D-A8F0-F8FC7C53600A}", "created_user": "MBINDL", "created_date": "2024-01-25T04:41:45Z", "last_edited_user": "KRICHARDSON", "last_edited_date": "2024-02-09T06:21:15Z" }, "geometry": { "type": "LineString", "coordinates": [ [ -119.968893099528586, 38.92883000025509 ], [ -119.968974100476601, 38.928776600442625 ], [ -119.969113200052234, 38.928634599996812 ], [ -119.969202600498619, 38.92857209960713 ], [ -119.969289399774894, 38.928552199892955 ], [ -119.969362199750293, 38.928528400384792 ], [ -119.969429800443677, 38.928468799919358 ], [ -119.969466799851688, 38.928418099518332 ], [ -119.969461700506045, 38.928369499711145 ], [ -119.969381299592996, 38.928207599027303 ], [ -119.969355800998585, 38.928120199783791 ], [ -119.969353199716451, 38.928051699598647 ], [ -119.969389000557527, 38.927827199270375 ], [ -119.969420900548087, 38.927730899889319 ], [ -119.969485999973813, 38.927632600169453 ], [ -119.969629000124442, 38.927490600397206 ], [ -119.969736200501515, 38.92740610043019 ], [ -119.969888100389255, 38.927322700434338 ], [ -119.970051500206409, 38.927248199691384 ], [ -119.97018299987846, 38.927200599982498 ], [ -119.970262199647266, 38.927185699264498 ], [ -119.970304300153401, 38.927167800580051 ], [ -119.970331100805041, 38.927135000278113 ], [ -119.970388500589252, 38.927076399963283 ], [ -119.97044600078587, 38.927049599671655 ], [ -119.970539199189275, 38.927033699356841 ], [ -119.970751099803451, 38.927022800082391 ], [ -119.971445599615777, 38.926925500401012 ], [ -119.97152979944336, 38.926935400142597 ], [ -119.971614099751676, 38.92696920007036 ], [ -119.971718799410297, 38.926975099643251 ], [ -119.97180940025433, 38.926947299605473 ], [ -119.971877100172975, 38.926889700186514 ], [ -119.971911499856247, 38.926828100186022 ], [ -119.971882400474044, 38.926765900158479 ], [ -119.971821499205177, 38.926644600110684 ], [ -119.971774599448253, 38.926580700078198 ], [ -119.971710999857976, 38.92651679974221 ], [ -119.971628899934657, 38.926475100453253 ], [ -119.971526699324556, 38.926469899920342 ], [ -119.971345700284118, 38.926476400509415 ], [ -119.971218399029638, 38.926505100230948 ], [ -119.971037499640786, 38.926561199958861 ], [ -119.970821400317618, 38.926651099670906 ], [ -119.970655499909242, 38.926710999986852 ], [ -119.970546599657013, 38.92675799991148 ], [ -119.970469500572932, 38.926821800188492 ], [ -119.970377399292133, 38.926872699293931 ], [ -119.970271800148694, 38.926914399247536 ], [ -119.970112700784838, 38.926956100206162 ], [ -119.969898399648059, 38.927005799892761 ], [ -119.969683799581858, 38.927072100026265 ], [ -119.96940070071409, 38.927145099822631 ], [ -119.969174500024849, 38.927210200285991 ], [ -119.969052201028191, 38.927261100040496 ], [ -119.968959999663809, 38.927320999686451 ], [ -119.968807600312218, 38.927446099786138 ], [ -119.968732200198787, 38.927552999651297 ], [ -119.968668500021479, 38.92768329939922 ], [ -119.968661800060701, 38.927773299659783 ], [ -119.96869370034284, 38.927877500166268 ], [ -119.968800900655765, 38.928092600166131 ], [ -119.968911500417846, 38.928282899831622 ], [ -119.968948300695345, 38.928414499931733 ], [ -119.96894159976442, 38.928478399908805 ], [ -119.968896400130632, 38.928523999748272 ], [ -119.968800900532941, 38.928592999778878 ], [ -119.968699900273805, 38.928657699202418 ] ] } },
{ "type": "Feature", "properties": { "OBJECTID": 1214, "CLASS": "1", "NAME": "Al Tahoe Blvd", "MILES": 1.1571734, "ShapeSTLength": 1862.293786367256, "FROM_": "Johnson Blvd", "TO_": "College Dr", "WNTR_MAINT": "Yes", "MAINT_JURS": "City of South Lake Tahoe", "YR_OF_CONS": "Before 2006", "IMPLEMENT": "City of South Lake Tahoe", "COUNTY": "City of South Lake Tahoe", "E_BIKE": "Yes", "GlobalID": "{D5CFBA11-DD08-43C9-977A-5F3A57147927}", "created_user": "MBINDL", "created_date": "2024-01-25T04:41:45Z", "last_edited_user": "KRICHARDSON", "last_edited_date": "2024-02-09T06:21:15Z" }, "geometry": { "type": "LineString", "coordinates": [ [ -119.971901899371787, 38.932055099999502 ], [ -119.971836299125542, 38.931959099881546 ], [ -119.97173769872964, 38.931857799723936 ], [ -119.971280699578131, 38.931379199622747 ], [ -119.970627099259744, 38.93063240026914 ], [ -119.970048600227514, 38.929954900036847 ], [ -119.969710999860709, 38.929598200213512 ], [ -119.969328199622154, 38.929233100741534 ], [ -119.968893099528586, 38.92883000025509 ], [ -119.968796501075303, 38.928743900697874 ], [ -119.968699900273805, 38.928657699202418 ], [ -119.966857000102394, 38.926990099892947 ], [ -119.966305598743801, 38.926489900073697 ], [ -119.965807899556637, 38.926042599866165 ], [ -119.965751199006093, 38.925977999275929 ], [ -119.965663599712713, 38.925890399826365 ], [ -119.964339099613625, 38.924731700496274 ], [ -119.96419649983703, 38.924595500207005 ], [ -119.962181699958478, 38.922749899313061 ], [ -119.961526299991164, 38.922151599905263 ], [ -119.961076800249387, 38.921759700135809 ], [ -119.960670600231126, 38.92138039971212 ], [ -119.960356400413815, 38.921126199750624 ], [ -119.960006199981308, 38.92088599990285 ], [ -119.959628899792989, 38.920678099887631 ], [ -119.959256899183245, 38.920501200028511 ], [ -119.958890499174757, 38.920366299835543 ], [ -119.957870399537626, 38.920043199537005 ], [ -119.957598900001599, 38.919933799690462 ], [ -119.957493999681418, 38.919872599949294 ] ] } },
{ "type": "Feature", "properties": { "OBJECTID": 1215, "CLASS": "1", "NAME": "LTCC Bike Path", "MILES": 0.34051063, "ShapeSTLength": 547.99983473361556, "FROM_": "Al Tahoe Blvd", "TO_": "LTCC Campus", "WNTR_MAINT": "Yes", "MAINT_JURS": "LTCC", "YR_OF_CONS": "Before 2006", "IMPLEMENT": "City of South Lake Tahoe", "COUNTY": "City of South Lake Tahoe", "E_BIKE": "Yes", "GlobalID": "{8AF74397-9FF6-47D4-B7AB-BD353BB17F39}", "created_user": "MBINDL", "created_date": "2024-01-25T04:41:45Z", "last_edited_user": "KRICHARDSON", "last_edited_date": "2024-02-09T06:21:15Z" }, "geometry": { "type": "LineString", "coordinates": [ [ -119.971790599062842, 38.932110100607602 ], [ -119.971901899371787, 38.932055099999502 ], [ -119.972596999234284, 38.931685800020233 ], [ -119.972643900113084, 38.931640900558541 ], [ -119.972680999200591, 38.931589499948664 ], [ -119.972717999691312, 38.931514500031014 ], [ -119.97274319911142, 38.931409099901259 ], [ -119.972799199154849, 38.931046799956505 ], [ -119.972799200145317, 38.930955500346123 ], [ -119.972768499392089, 38.930868400101957 ], [ -119.972714399107161, 38.930792600293742 ], [ -119.972602399744815, 38.930669000428018 ], [ -119.972541000139344, 38.930570699883098 ], [ -119.972503099341992, 38.930461100585035 ], [ -119.972472400291352, 38.930323500605724 ], [ -119.9724579994365, 38.930170399759646 ], [ -119.972434500317021, 38.930065100326487 ], [ -119.972374899798112, 38.929959799720116 ], [ -119.972266599141278, 38.929837600937006 ], [ -119.972147500390392, 38.929751900127201 ], [ -119.971710599526062, 38.929528600358864 ], [ -119.971595000456617, 38.929455600378624 ], [ -119.971502899344912, 38.929368500004728 ], [ -119.971421699890712, 38.929244900645607 ], [ -119.971369298786001, 38.929132600181468 ], [ -119.971353100332678, 38.929004800578269 ], [ -119.97138560031199, 38.928504799670684 ], [ -119.971418099591943, 38.928257599930852 ], [ -119.971409100015791, 38.928181699552518 ], [ -119.971336899506312, 38.928051099756345 ], [ -119.971285599504085, 38.927981099819533 ] ] } },
{ "type": "Feature", "properties": { "OBJECTID": 1216, "CLASS": "1", "NAME": "Al Tahoe Blvd Connector", "MILES": 0.39034509, "ShapeSTLength": 628.20077852589554, "FROM_": "Al Tahoe Blvd", "TO_": "Johnson Rd", "WNTR_MAINT": "Yes", "MAINT_JURS": "City of South Lake Tahoe", "YR_OF_CONS": "2020", "IMPLEMENT": "City of South Lake Tahoe", "COUNTY": "City of South Lake Tahoe", "E_BIKE": "Yes", "GlobalID": "{D8522E4A-6C20-4CFE-9CBA-6F158047A2A7}", "created_user": "MBINDL", "created_date": "2024-01-25T04:41:45Z", "last_edited_user": "KRICHARDSON", "last_edited_date": "2024-02-09T06:21:15Z" }, "geometry": { "type": "LineString", "coordinates": [ [ -119.977523317165591, 38.934475012345153 ], [ -119.977403310235573, 38.93445398812522 ], [ -119.975939669352243, 38.934462710537332 ], [ -119.975496718172721, 38.934459623724877 ], [ -119.975162558211309, 38.93447783581292 ], [ -119.974714589100287, 38.93444101757229 ], [ -119.974321197648166, 38.934435851606167 ], [ -119.973972268939477, 38.934346162565227 ], [ -119.973687288538585, 38.934219494114444 ], [ -119.973562875990694, 38.934110430314085 ], [ -119.973310909676826, 38.93396613794912 ], [ -119.973019794129058, 38.933683600700078 ], [ -119.972773130841844, 38.933398962629468 ], [ -119.972583577544327, 38.933273163145508 ], [ -119.972436198990948, 38.933089700175969 ], [ -119.9723373330513, 38.932899423681455 ], [ -119.971994336497588, 38.932543891041561 ], [ -119.971841908324066, 38.932458706480908 ], [ -119.97177202581338, 38.932280365587744 ], [ -119.971689694305695, 38.932183227366373 ] ] } },
{ "type": "Feature", "properties": { "OBJECTID": 1217, "CLASS": "1", "NAME": "Linear Park Spur", "MILES": 0.24844564, "ShapeSTLength": 399.83529681871573, "FROM_": "Behind McDonalds", "TO_": "Ski Run Marina", "WNTR_MAINT": "No", "MAINT_JURS": "City of South Lake Tahoe", "YR_OF_CONS": "Before 2006", "IMPLEMENT": "City of South Lake Tahoe", "COUNTY": "City of South Lake Tahoe", "E_BIKE": "Yes", "GlobalID": "{8019842E-67B5-4FFD-98B8-0E8F43DCC6F1}", "created_user": "MBINDL", "created_date": "2024-01-25T04:41:45Z", "last_edited_user": "KRICHARDSON", "last_edited_date": "2024-02-09T06:21:15Z" }, "geometry": { "type": "LineString", "coordinates": [ [ -119.959090500833042, 38.950408200681395 ], [ -119.958786099803206, 38.950485900205777 ], [ -119.958690800832201, 38.950507400510503 ], [ -119.958602299014771, 38.95051270011588 ], [ -119.958303699614959, 38.950502899968946 ], [ -119.957814299564305, 38.950481400006865 ], [ -119.957763799589969, 38.950473400719261 ], [ -119.957633998665926, 38.950434999930408 ], [ -119.957437500277194, 38.950385900441418 ], [ -119.957363999765121, 38.950369800164232 ], [ -119.957285899138881, 38.950359100368274 ], [ -119.957191699488021, 38.950355500030213 ], [ -119.957048100326162, 38.950361700289882 ], [ -119.956883899471663, 38.95038680000372 ], [ -119.956768999739253, 38.950384100513105 ], [ -119.956586299167967, 38.950362600332568 ], [ -119.956377299006917, 38.950331400168821 ], [ -119.955968299711273, 38.950234899565622 ], [ -119.95588449991142, 38.950228599473853 ], [ -119.955797199956194, 38.950239299335315 ], [ -119.955669700496188, 38.950274201146563 ], [ -119.955575500102171, 38.950295600547946 ], [ -119.955447999489522, 38.950302800197399 ], [ -119.955311300281821, 38.950299200380634 ], [ -119.955172300094432, 38.95027600035808 ], [ -119.955048199762444, 38.950234000624114 ], [ -119.954931000837149, 38.950177699426902 ], [ -119.954795500725453, 38.950084799631526 ], [ -119.954740299174688, 38.950047299651132 ], [ -119.954674900028095, 38.950015999802567 ] ] } },
{ "type": "Feature", "properties": { "OBJECTID": 1218, "CLASS": "1", "NAME": "Round Hill Bike Path", "MILES": 0.67181522, "ShapeSTLength": 1081.1839529303045, "FROM_": "Kingsbury Middle School", "TO_": "Pineridge Dr", "WNTR_MAINT": "No", "MAINT_JURS": "Douglas County", "YR_OF_CONS": "2002", "IMPLEMENT": "Douglas County", "COUNTY": "Douglas County", "E_BIKE": null, "GlobalID": "{5FBDE55F-CA6F-49E9-B611-8CB137131B91}", "created_user": "MBINDL", "created_date": "2024-01-25T04:41:45Z", "last_edited_user": "KRICHARDSON", "last_edited_date": "2024-02-09T06:21:15Z" }, "geometry": { "type": "LineString", "coordinates": [ [ -119.928661199994536, 38.977137200267208 ], [ -119.928530899344082, 38.977157700804952 ], [ -119.928407499275764, 38.97718060003627 ], [ -119.928267999648526, 38.977228600098989 ], [ -119.928175600238944, 38.977283900261241 ], [ -119.927958299012715, 38.977554199927951 ], [ -119.92785229992478, 38.977674100235539 ], [ -119.927751799826567, 38.977738100651877 ], [ -119.927680699555651, 38.977762699820914 ], [ -119.927583599175591, 38.977788600153708 ], [ -119.927467499753035, 38.977805500013297 ], [ -119.927358499460979, 38.977813699813979 ], [ -119.92723680009999, 38.977804400598856 ], [ -119.927133599920808, 38.977796899616607 ], [ -119.927000599650782, 38.977753099998914 ], [ -119.92682859963864, 38.977667700776479 ], [ -119.926697799368057, 38.977583600904623 ], [ -119.926605299679963, 38.977539900060997 ], [ -119.926484299406084, 38.977522699881618 ], [ -119.926365700174557, 38.977520800129625 ], [ -119.926237699509159, 38.977534500421399 ], [ -119.926110199882302, 38.977522700352587 ], [ -119.926007600258302, 38.977480000257188 ], [ -119.925941299529939, 38.977432199783451 ], [ -119.925919500215613, 38.97737780093 ], [ -119.925932499827823, 38.97729130111211 ], [ -119.925948399986964, 38.977190100865471 ], [ -119.925962700697454, 38.977168100429026 ], [ -119.926069800083596, 38.977003600169581 ], [ -119.926224400094029, 38.976828299496432 ], [ -119.926305399256691, 38.976640699100876 ], [ -119.926338599878477, 38.976565399871319 ], [ -119.926360300176938, 38.97647549978543 ], [ -119.926351600213309, 38.976409199081949 ], [ -119.92631259911947, 38.976349699212854 ], [ -119.926230200059607, 38.976283399501128 ], [ -119.926175300695547, 38.976224900189486 ], [ -119.926131400916844, 38.976154299453775 ], [ -119.926126100372755, 38.976059800261218 ], [ -119.926126100312672, 38.975999099888526 ], [ -119.926092900097601, 38.975927199323053 ], [ -119.92605390000783, 38.975809199841585 ], [ -119.926003299618515, 38.975755300116354 ], [ -119.925868900422401, 38.975686699358306 ], [ -119.925764799383444, 38.97560469973601 ], [ -119.925640100614032, 38.975450399256552 ], [ -119.925595800144791, 38.975342999984484 ], [ -119.925579699773323, 38.975241899997229 ], [ -119.925552899429604, 38.975009400353244 ], [ -119.925547499854417, 38.974923899977732 ], [ -119.92555419948215, 38.974762299978487 ], [ -119.925562299292153, 38.974501600159456 ], [ -119.925499299731612, 38.974336900006868 ], [ -119.925413400871562, 38.974214900571909 ], [ -119.925244500482563, 38.973972000414122 ], [ -119.925169399933225, 38.973907300523543 ], [ -119.925005700370974, 38.97385939999409 ], [ -119.924850200413729, 38.973806200411943 ], [ -119.924793800110905, 38.973764499876332 ], [ -119.924706700209782, 38.97367689936771 ], [ -119.924645800099682, 38.973631100039604 ], [ -119.924620500342357, 38.973612100041045 ], [ -119.924542200520904, 38.9735470000603 ], [ -119.924525500560051, 38.973533099683308 ], [ -119.924516300123102, 38.973488000145771 ], [ -119.924547900282704, 38.973431600799913 ], [ -119.924640200489108, 38.973341399483353 ], [ -119.924815599922027, 38.973244900250066 ], [ -119.924895499797685, 38.973210700111558 ], [ -119.925001700360639, 38.973165200372172 ], [ -119.925533000704576, 38.972963899827754 ], [ -119.925781099193102, 38.972836000351521 ], [ -119.926282799399388, 38.972571800134922 ], [ -119.926473399494526, 38.972449500078163 ], [ -119.926551899570626, 38.972399200318748 ], [ -119.926606499797259, 38.972364200503641 ], [ -119.926878999986641, 38.972166000413623 ], [ -119.927075299237586, 38.971921200131298 ], [ -119.927117999673143, 38.971868000607806 ] ] } },
{ "type": "Feature", "properties": { "OBJECTID": 1219, "CLASS": "1", "NAME": "Round Hill Bike Path", "MILES": 1.07485739, "ShapeSTLength": 1729.8187435263737, "FROM_": "Round Hill", "TO_": "Kingsbury Middle School", "WNTR_MAINT": "No", "MAINT_JURS": "Douglas County", "YR_OF_CONS": "2002", "IMPLEMENT": "Douglas County", "COUNTY": "Douglas County", "E_BIKE": null, "GlobalID": "{7DB077BF-545C-4413-B01E-DCC1A8CB1CFC}", "created_user": "MBINDL", "created_date": "2024-01-25T04:41:45Z", "last_edited_user": "KRICHARDSON", "last_edited_date": "2024-02-09T06:21:15Z" }, "geometry": { "type": "LineString", "coordinates": [ [ -119.941715264051609, 38.984964792635715 ], [ -119.941660800085998, 38.984866899771575 ], [ -119.941588920311062, 38.984819540014762 ], [ -119.941502499928589, 38.984762599969393 ], [ -119.941412799713689, 38.984657599884564 ], [ -119.941377225743494, 38.984588513175936 ], [ -119.941318694710844, 38.984436305518038 ], [ -119.941268500234685, 38.984289100172042 ], [ -119.941272907388552, 38.984247396608751 ], [ -119.941260599472898, 38.984188500138053 ], [ -119.941223099346928, 38.984161300056108 ], [ -119.941198899675967, 38.984119599934154 ], [ -119.941180200232608, 38.984025800082172 ], [ -119.941150700022533, 38.983919500159111 ], [ -119.941102399945393, 38.983796500324971 ], [ -119.941019199550013, 38.983617200236857 ], [ -119.94087709997514, 38.98334820009876 ], [ -119.940647899709305, 38.982907200430816 ], [ -119.940602299937865, 38.982828000297076 ], [ -119.940575499166641, 38.982778000557332 ], [ -119.940536400020164, 38.982668500033114 ], [ -119.940501599898624, 38.982601799053576 ], [ -119.940461299592201, 38.98255179904907 ], [ -119.940387700070076, 38.982496499139366 ], [ -119.940246800102344, 38.982420400195863 ], [ -119.94013949947869, 38.982364099396705 ], [ -119.940085800247559, 38.982347399511625 ], [ -119.940021500118974, 38.982339099412947 ], [ -119.939954400671127, 38.982345300044258 ], [ -119.939820299779072, 38.982370399695711 ], [ -119.93971840013289, 38.982384999864983 ], [ -119.939611099829037, 38.982403699455752 ], [ -119.939541299641874, 38.982424599579986 ], [ -119.939498400565739, 38.982449599454178 ], [ -119.939466200270772, 38.982482999707415 ], [ -119.939426000439212, 38.982541299830771 ], [ -119.939369700667996, 38.982580899549994 ], [ -119.939315999697911, 38.982599699765892 ], [ -119.939259700371949, 38.982595499244979 ], [ -119.939216799635687, 38.98257679966904 ], [ -119.939171200263289, 38.9825434000306 ], [ -119.9391040995027, 38.982499600164267 ], [ -119.939040100247084, 38.982474999912348 ], [ -119.938939300651398, 38.982442300284404 ], [ -119.938783699934461, 38.982379699565556 ], [ -119.938636199693406, 38.982323499420239 ], [ -119.938500600518921, 38.982257799372924 ], [ -119.938425500631368, 38.982205699265137 ], [ -119.938358500273836, 38.98215559914334 ], [ -119.938272700707316, 38.982118099376613 ], [ -119.938194899958603, 38.982101399858998 ], [ -119.938074200592865, 38.982103499875819 ], [ -119.937915900472547, 38.982109699352868 ], [ -119.937838099568964, 38.982103499206744 ], [ -119.937775199516167, 38.982083699937931 ], [ -119.937701299812332, 38.982034699252004 ], [ -119.937615499962718, 38.981953399713959 ], [ -119.937502899632264, 38.981867899815562 ], [ -119.937372900313207, 38.981789699201279 ], [ -119.937333901206969, 38.981751099476178 ], [ -119.93730440037794, 38.981707299921084 ], [ -119.937291000212994, 38.981653099419859 ], [ -119.937284400529663, 38.981516599537073 ], [ -119.93728020029161, 38.981217400220984 ], [ -119.937277600496429, 38.981060999844068 ], [ -119.937279000146603, 38.980949399285123 ], [ -119.937260299551966, 38.98088479954616 ], [ -119.937209300640788, 38.980838899202531 ], [ -119.937154200608518, 38.980814900190751 ], [ -119.937084400416552, 38.980798299336769 ], [ -119.937017400583997, 38.980800399257781 ], [ -119.936947600418407, 38.980806600184962 ], [ -119.936859101357527, 38.980833699963505 ], [ -119.93674920008776, 38.980877499742064 ], [ -119.936679400125428, 38.980931700540879 ], [ -119.936635301074247, 38.981003599429883 ], [ -119.936612400594683, 38.981077700320839 ], [ -119.936596301152775, 38.981161099400438 ], [ -119.936550700585457, 38.98122779952805 ], [ -119.936493100310798, 38.981272599521347 ], [ -119.936388500643673, 38.981339299578622 ], [ -119.936312000922783, 38.981398799553482 ], [ -119.936235699090162, 38.981474899556289 ], [ -119.936191299803681, 38.981509298969449 ], [ -119.936140299917469, 38.981530100167014 ], [ -119.936058599657201, 38.98153530043863 ], [ -119.935992799599816, 38.981513399751641 ], [ -119.935931099984614, 38.981473799353068 ], [ -119.935898798607511, 38.981388299465628 ], [ -119.935872000149189, 38.981225600230616 ], [ -119.935823699564423, 38.981121400306911 ], [ -119.935737898623643, 38.981046300061571 ], [ -119.935630600432916, 38.981012999785598 ], [ -119.935544799358127, 38.980981699571764 ], [ -119.935493899682214, 38.98098169939297 ], [ -119.935424099768412, 38.980998399918171 ], [ -119.935327600009572, 38.98101929923677 ], [ -119.935290299238304, 38.981026300352653 ], [ -119.935228299221649, 38.981037999692546 ], [ -119.935145199685465, 38.981035999748087 ], [ -119.93507009951216, 38.98101089920668 ], [ -119.935008399970883, 38.980967200285853 ], [ -119.934954800256477, 38.980908799528208 ], [ -119.9348688997935, 38.980789899474104 ], [ -119.934825999677912, 38.980702399985638 ], [ -119.934793799190587, 38.980598099556367 ], [ -119.934760399080545, 38.980417700140649 ], [ -119.934721000444014, 38.980296599338409 ], [ -119.934716000357199, 38.980281199970818 ], [ -119.934667800171354, 38.980231099311446 ], [ -119.934607499377378, 38.980205100270446 ], [ -119.93453369988579, 38.980201900347673 ], [ -119.934450499809927, 38.980214500335876 ], [ -119.934359299445433, 38.980245699996388 ], [ -119.93423319918395, 38.980310399450957 ], [ -119.934081799171182, 38.980424000035427 ], [ -119.934032100169745, 38.980456299861793 ], [ -119.933957000591349, 38.980468799925234 ], [ -119.933833599757534, 38.980460499691404 ], [ -119.933696799820851, 38.98043129992778 ], [ -119.933545400650573, 38.980403199727064 ], [ -119.93340979999158, 38.980356200310986 ], [ -119.933267699739474, 38.980291599787229 ], [ -119.933144299803928, 38.980254099947267 ], [ -119.932964599756872, 38.980235300062681 ], [ -119.932878700744482, 38.980216500266835 ], [ -119.932763399843708, 38.98016230022607 ], [ -119.932650699440444, 38.980135199909554 ], [ -119.932529999148954, 38.980122700147156 ], [ -119.932420099384061, 38.980103900016218 ], [ -119.932301900721853, 38.98006400021184 ], [ -119.932178700442464, 38.98001219974654 ], [ -119.932047200040799, 38.979949700041601 ], [ -119.931948000174941, 38.979887099828474 ], [ -119.931847600049267, 38.979854800132792 ], [ -119.931733400040315, 38.979830799893655 ], [ -119.93159929981033, 38.979826599330991 ], [ -119.931506899900583, 38.979825599723483 ], [ -119.931449100594023, 38.979818300236026 ], [ -119.931368599960251, 38.979795400146607 ], [ -119.931328400273827, 38.979772400499783 ], [ -119.931298900243519, 38.979732800236455 ], [ -119.931298900275991, 38.979691100013724 ], [ -119.931320400555592, 38.979609799678201 ], [ -119.931371301174863, 38.979488899960167 ], [ -119.931406199639127, 38.979407500031861 ], [ -119.931438400029108, 38.979290799774837 ], [ -119.931477400925388, 38.979204199893388 ], [ -119.9314947005535, 38.979130199482775 ], [ -119.931484000251956, 38.979088499587213 ], [ -119.931445200934149, 38.979043699828686 ], [ -119.931382099944827, 38.979000899943053 ], [ -119.931280099756762, 38.978955100509303 ], [ -119.931187099979653, 38.978922599576336 ], [ -119.931148699708189, 38.978909200031197 ], [ -119.931022599426896, 38.978880000457252 ], [ -119.930891200303321, 38.978867500254921 ], [ -119.930789300206911, 38.978854999970252 ], [ -119.930727600384671, 38.978842500343667 ], [ -119.930663199763174, 38.978811200558255 ], [ -119.930601500308654, 38.978750699990215 ], [ -119.930531799566367, 38.97863399985583 ], [ -119.930421800825073, 38.978404599638409 ], [ -119.930322600648438, 38.978185700382632 ], [ -119.930236800339188, 38.97796669984298 ], [ -119.93010530105569, 38.97771860055235 ], [ -119.930067800640117, 38.977593500654649 ], [ -119.93006790070126, 38.977506000292813 ], [ -119.930076100954537, 38.977346600638818 ] ] } },
{ "type": "Feature", "properties": { "OBJECTID": 1220, "CLASS": "1", "NAME": "Elks Point Rd", "MILES": 0.51324297, "ShapeSTLength": 825.98615024951971, "FROM_": "Nevada Beach", "TO_": "Dorla Ct", "WNTR_MAINT": "No", "MAINT_JURS": "Douglas County", "YR_OF_CONS": "2002", "IMPLEMENT": "Douglas County", "COUNTY": "Douglas County", "E_BIKE": "No", "GlobalID": "{3C6D2ECB-EA6D-4DD2-918C-6A121BB669B5}", "created_user": "MBINDL", "created_date": "2024-01-25T04:41:45Z", "last_edited_user": "KRICHARDSON", "last_edited_date": "2024-02-09T06:21:15Z" }, "geometry": { "type": "LineString", "coordinates": [ [ -119.952261999742404, 38.980579899910182 ], [ -119.952163800465357, 38.980607900138068 ], [ -119.952018400151289, 38.980651699900861 ], [ -119.951921300185035, 38.980699800052882 ], [ -119.951840099437106, 38.980746599666595 ], [ -119.951796300864686, 38.980800399479286 ], [ -119.951763599958554, 38.980852500320694 ], [ -119.95173870056162, 38.98093489961019 ], [ -119.951707200000556, 38.981061999538902 ], [ -119.951691800411893, 38.981223599475307 ], [ -119.951687900037513, 38.981351799427678 ], [ -119.951675699967055, 38.981434199229518 ], [ -119.951632700773075, 38.981510800174725 ], [ -119.951602000338809, 38.981562400133967 ], [ -119.951517399374453, 38.981628100033028 ], [ -119.951399399660332, 38.981701100089502 ], [ -119.951293600373802, 38.981750099186272 ], [ -119.951184800096556, 38.981782399550873 ], [ -119.951064100723642, 38.981803199810614 ], [ -119.950900501363876, 38.981817799727281 ], [ -119.950710099993259, 38.981821999617132 ], [ -119.950557201181027, 38.98181159961981 ], [ -119.950417700729815, 38.98178450003892 ], [ -119.950336000547466, 38.981756299790497 ], [ -119.950235299622705, 38.981709399449514 ], [ -119.950152199544419, 38.981671899708182 ], [ -119.950087799858593, 38.9816468995337 ], [ -119.949981999116929, 38.981629099688035 ], [ -119.949838299543686, 38.981598899574195 ], [ -119.949706899660228, 38.981565599597012 ], [ -119.949575498730653, 38.981538400135989 ], [ -119.949508399306353, 38.981538400211178 ], [ -119.949449399242312, 38.981548899214076 ], [ -119.94933679976738, 38.9815821992933 ], [ -119.949202699682374, 38.98161979951194 ], [ -119.94913559929968, 38.981626000032271 ], [ -119.949076598757912, 38.981617699482186 ], [ -119.949020298983982, 38.981596799750925 ], [ -119.948958599858514, 38.981548899256197 ], [ -119.948894199558509, 38.981492599495368 ], [ -119.948851299757379, 38.981467599183539 ], [ -119.948789599636115, 38.9814467003429 ], [ -119.948711800101648, 38.981434199614348 ], [ -119.948593799649686, 38.981423799663091 ], [ -119.948534799193183, 38.981413299820517 ], [ -119.948475799468184, 38.981390399496689 ], [ -119.948432899846807, 38.98135709932577 ], [ -119.94832829953927, 38.981279899939928 ], [ -119.948277300557407, 38.981248599336254 ], [ -119.948228999754548, 38.981232000364926 ], [ -119.948159300172847, 38.981221499530818 ], [ -119.947850799907613, 38.981223599495415 ], [ -119.947569199458329, 38.981242399697962 ], [ -119.947054199949719, 38.981267400448353 ], [ -119.946936200198863, 38.98127989984124 ], [ -119.946839599570851, 38.98129869987968 ], [ -119.946735000228344, 38.981331999745564 ], [ -119.946662600170285, 38.981377900086493 ], [ -119.946584800288093, 38.981434199123242 ], [ -119.946434599704816, 38.981575999595044 ], [ -119.94634610071239, 38.981657300220917 ], [ -119.94628169990871, 38.981709399722043 ], [ -119.946209300593353, 38.981753199862574 ], [ -119.946104699771809, 38.981799100465686 ], [ -119.945938400577461, 38.981853300544898 ], [ -119.945796200948351, 38.981892899855296 ], [ -119.945589700300772, 38.981947100232354 ], [ -119.945375100426602, 38.982036800273733 ], [ -119.945219600864561, 38.982099300012052 ], [ -119.945131099839955, 38.982147299905719 ], [ -119.945013000765158, 38.982218199853861 ], [ -119.944935299770577, 38.982255700108041 ], [ -119.944793099975712, 38.982316199225934 ], [ -119.944735599670437, 38.982360999669659 ], [ -119.944712600200106, 38.982403699875881 ], [ -119.944710000258908, 38.982447500448117 ], [ -119.944727500166351, 38.982490299915064 ], [ -119.944794999895336, 38.982570599436613 ] ] } },
{ "type": "Feature", "properties": { "OBJECTID": 1221, "CLASS": "1", "NAME": "Zephyr Cove Bike Path", "MILES": 0.39658253, "ShapeSTLength": 638.23899831359745, "FROM_": "Zephyr Cove Stables", "TO_": "Warrior Way", "WNTR_MAINT": "No", "MAINT_JURS": "Douglas County", "YR_OF_CONS": "2016", "IMPLEMENT": "USFS", "COUNTY": "Douglas County", "E_BIKE": "No", "GlobalID": "{BB7C18DF-CBF3-4E1B-9E3E-1449D513C54A}", "created_user": "MBINDL", "created_date": "2024-01-25T04:41:45Z", "last_edited_user": "KRICHARDSON", "last_edited_date": "2024-02-09T06:21:15Z" }, "geometry": { "type": "LineString", "coordinates": [ [ -119.947160099433688, 39.011617300876765 ], [ -119.947120199806108, 39.011260800183933 ], [ -119.946975200456833, 39.010946400695062 ], [ -119.94681879966771, 39.010578799909901 ], [ -119.946815099499759, 39.010388900400805 ], [ -119.94680959939987, 39.010103099776877 ], [ -119.946930899578916, 39.009789900154772 ], [ -119.946951200236327, 39.009412799583174 ], [ -119.946864400312862, 39.008348500060428 ], [ -119.946535900150664, 39.008218299500072 ], [ -119.946432200492197, 39.008080199753735 ], [ -119.94644500031157, 39.00708820012801 ], [ -119.946524300221725, 39.006917400382044 ], [ -119.946790200634226, 39.006825900191409 ], [ -119.946772700438274, 39.006669000002482 ], [ -119.946770200513072, 39.006516000709674 ], [ -119.946747299130237, 39.006254799936279 ] ] } },
{ "type": "Feature", "properties": { "OBJECTID": 1222, "CLASS": "1", "NAME": "Baldwin Beach Bike Path", "MILES": 0.14761701, "ShapeSTLength": 237.56701800412489, "FROM_": "SR89", "TO_": "Taylor Creek FS Rd", "WNTR_MAINT": "No", "MAINT_JURS": "USFS", "YR_OF_CONS": "2020", "IMPLEMENT": "USFS", "COUNTY": "El Dorado County", "E_BIKE": "No", "GlobalID": "{4C6D21AB-DD63-4246-B9AB-5E5EE2E2C451}", "created_user": "MBINDL", "created_date": "2024-01-25T04:41:45Z", "last_edited_user": "KRICHARDSON", "last_edited_date": "2024-02-09T06:21:15Z" }, "geometry": { "type": "LineString", "coordinates": [ [ -120.064789000377516, 38.936161499811348 ], [ -120.064644400503212, 38.936136699426882 ], [ -120.064530500113818, 38.935903899987785 ], [ -120.064560600103292, 38.935727000213269 ], [ -120.064388900738848, 38.935202700063165 ], [ -120.064357198667324, 38.934876699756572 ], [ -120.064411000677779, 38.934451400027676 ], [ -120.064514300184698, 38.93428620023856 ], [ -120.064579400885762, 38.934181399805873 ] ] } },
{ "type": "Feature", "properties": { "OBJECTID": 1223, "CLASS": "1", "NAME": "Pope/Baldwin Path", "MILES": 0.61354702, "ShapeSTLength": 987.41018556968504, "FROM_": "State Route 89", "TO_": "Valhalla/Heritage", "WNTR_MAINT": "No", "MAINT_JURS": "USFS", "YR_OF_CONS": "Before 2006", "IMPLEMENT": "USFS", "COUNTY": "El Dorado County", "E_BIKE": "No", "GlobalID": "{986C1744-188A-4230-AEDC-E0D50FF152CA}", "created_user": "MBINDL", "created_date": "2024-01-25T04:41:45Z", "last_edited_user": "KRICHARDSON", "last_edited_date": "2024-02-09T06:21:15Z" }, "geometry": { "type": "LineString", "coordinates": [ [ -120.042447699469719, 38.934942199769893 ], [ -120.042512000101397, 38.935681998935365 ], [ -120.042431998772742, 38.936377000420158 ], [ -120.0425079996633, 38.936646000469707 ], [ -120.042487199507917, 38.936989199848504 ], [ -120.042426698682362, 38.937073100688508 ], [ -120.042315399693919, 38.937235800641616 ], [ -120.042147799572831, 38.937385999737209 ], [ -120.042023099773559, 38.93755389999609 ], [ -120.041992199487623, 38.937711500077512 ], [ -120.042001598883147, 38.937812600407938 ], [ -120.042036499738089, 38.938083900580203 ], [ -120.042048499058836, 38.938230999661144 ], [ -120.042052600001625, 38.938419799741631 ], [ -120.042028399645929, 38.938560599662956 ], [ -120.042031099022225, 38.938603400076261 ], [ -120.042103099366386, 38.938631700684788 ], [ -120.042238399292003, 38.938635200623153 ], [ -120.04247399870053, 38.938700000073297 ], [ -120.042788199516551, 38.938759199440888 ], [ -120.043190399023686, 38.938868399690371 ], [ -120.043352301183319, 38.938890599616762 ], [ -120.04356409987065, 38.938894300463666 ], [ -120.043795000067632, 38.938929500086239 ], [ -120.044123400335707, 38.938966500194617 ], [ -120.044240000897517, 38.938953600624679 ], [ -120.044475700882856, 38.938996199750058 ], [ -120.044627999601758, 38.939059100037611 ], [ -120.04477560012343, 38.939144299753508 ], [ -120.045127100324876, 38.939159499749984 ], [ -120.045158800031658, 38.939160900201195 ], [ -120.04543010047297, 38.939142400057115 ], [ -120.045558599617053, 38.939125699748502 ], [ -120.045630499704785, 38.939037199611299 ], [ -120.045672900906823, 38.938985100418265 ], [ -120.045737100616563, 38.938920299484103 ], [ -120.046015600060883, 38.938888500282928 ], [ -120.046111500039373, 38.938938299961393 ], [ -120.046263900580485, 38.939028200419514 ], [ -120.046342100697146, 38.939074399409357 ], [ -120.04653900019629, 38.93912679987551 ], [ -120.046794800526484, 38.939053500074245 ], [ -120.046907499573692, 38.938965799811584 ], [ -120.046963299900639, 38.938915600662348 ], [ -120.047123000824939, 38.938772000803041 ], [ -120.047218900352007, 38.93873140050291 ], [ -120.047254199746945, 38.938711799846651 ], [ -120.047499999587004, 38.938574399975934 ], [ -120.047572299250689, 38.938497100485257 ], [ -120.047832300377806, 38.938343900107562 ] ] } },
{ "type": "Feature", "properties": { "OBJECTID": 1224, "CLASS": "1", "NAME": "Pope/Baldwin Path", "MILES": 3.63648358, "ShapeSTLength": 5852.3647329913028, "FROM_": "15th Street Bike Trail", "TO_": "Spring Creek", "WNTR_MAINT": "No", "MAINT_JURS": "USFS", "YR_OF_CONS": "Before 2006", "IMPLEMENT": "El Dorado County", "COUNTY": "El Dorado County", "E_BIKE": "No", "GlobalID": "{CB0A72C3-0F6A-4C8D-A03C-E2BF1AFA28A0}", "created_user": "MBINDL", "created_date": "2024-01-25T04:41:45Z", "last_edited_user": "KRICHARDSON", "last_edited_date": "2024-02-09T06:21:15Z" }, "geometry": { "type": "LineString", "coordinates": [ [ -120.02059090039549, 38.922980099977572 ], [ -120.020621599173978, 38.922989300257477 ], [ -120.020666000076787, 38.922995300130829 ], [ -120.020704799486722, 38.922978600452808 ], [ -120.020723599370996, 38.922960899827295 ], [ -120.020746699991903, 38.922870100125337 ], [ -120.020782599716355, 38.922848200295782 ], [ -120.020833599526739, 38.922846099399472 ], [ -120.020906000221956, 38.922860699835084 ], [ -120.021034399402154, 38.922921299244749 ], [ -120.021093800278251, 38.922949299790616 ], [ -120.021160800096084, 38.922973799834679 ], [ -120.02126810022942, 38.923013000048513 ], [ -120.021348600368142, 38.923035899744825 ], [ -120.021445100181694, 38.923036000172374 ], [ -120.021902399670111, 38.923032800071418 ], [ -120.021952100221313, 38.923040199620445 ], [ -120.02200669903101, 38.923057899753225 ], [ -120.022070099250996, 38.923076600241352 ], [ -120.022125100360284, 38.923080799957972 ], [ -120.022326199330749, 38.92308389987744 ], [ -120.022409399716835, 38.923101699380702 ], [ -120.022488499806457, 38.923130399413353 ], [ -120.022636699155541, 38.923193999801818 ], [ -120.02275339895418, 38.92322419998608 ], [ -120.022895600412937, 38.923233599906361 ], [ -120.023061900522819, 38.92323359954554 ], [ -120.023300600598319, 38.923234699862441 ], [ -120.023454800309395, 38.92323570001642 ], [ -120.023567499960066, 38.923247200249676 ], [ -120.023702901011418, 38.923285800042429 ], [ -120.02382360047838, 38.923322300242745 ], [ -120.023903700544338, 38.923339599761619 ], [ -120.024027500317032, 38.923360899777279 ], [ -120.02415220068012, 38.923367199409 ], [ -120.024279600872973, 38.923370299360947 ], [ -120.024423099977724, 38.923383899843671 ], [ -120.024570600855085, 38.923410000276625 ], [ -120.024671200205844, 38.923435999584704 ], [ -120.02478120107402, 38.923454799080389 ], [ -120.024909900695789, 38.923476699721348 ], [ -120.025029299910813, 38.923506999829414 ], [ -120.025167399710341, 38.92357059978729 ], [ -120.025839299400133, 38.923838800086592 ], [ -120.025972099623971, 38.923898299153862 ], [ -120.026127199939609, 38.923988599614496 ], [ -120.02622600093224, 38.924044700014058 ], [ -120.026384700394999, 38.924126299220113 ], [ -120.026591199960549, 38.92424939917548 ], [ -120.026713899111456, 38.924327000035838 ], [ -120.026792399547361, 38.924376699650672 ], [ -120.027028399630169, 38.924533199995437 ], [ -120.02718669959998, 38.924658399118009 ], [ -120.027342200038078, 38.924800300345964 ], [ -120.02749150003784, 38.924949900010574 ], [ -120.0276471003654, 38.925123100298627 ], [ -120.027763799932401, 38.925243100712805 ], [ -120.027868000146157, 38.925328200046337 ], [ -120.02799850064774, 38.925397500288987 ], [ -120.028121799775505, 38.92544140099087 ], [ -120.028272099450163, 38.925496700189477 ], [ -120.02839010016595, 38.925542600722352 ], [ -120.028537599785565, 38.925598900302489 ], [ -120.028702499975054, 38.925682400312894 ], [ -120.028891599961526, 38.925799200837702 ], [ -120.029027099149701, 38.925926500449819 ], [ -120.02911789899872, 38.92604600016876 ], [ -120.029220199900109, 38.926193600530027 ], [ -120.029288599280264, 38.926341700373833 ], [ -120.029355700230695, 38.92650450026116 ], [ -120.029421399762228, 38.926643299845857 ], [ -120.029496500069357, 38.926772600199804 ], [ -120.029578300081468, 38.926881100219916 ], [ -120.029678400067226, 38.926964099883271 ], [ -120.029922500951727, 38.927179100103565 ], [ -120.0300700999111, 38.927329300078803 ], [ -120.0301478005169, 38.927429499929481 ], [ -120.03019610075664, 38.927544200483823 ], [ -120.030239000507663, 38.927659000443427 ], [ -120.030265900828056, 38.92778000013481 ], [ -120.030263200636782, 38.927905200121842 ], [ -120.030236800173569, 38.928079899631491 ], [ -120.030209901258232, 38.928210299593893 ], [ -120.030167001255208, 38.928366799891982 ], [ -120.030091900529854, 38.928519099180569 ], [ -120.029982001044772, 38.928690200320403 ], [ -120.029897500599631, 38.928851899624796 ], [ -120.029847800372437, 38.929010499550827 ], [ -120.029770101117109, 38.929228499173242 ], [ -120.029740600584773, 38.929390299909954 ], [ -120.029747301079865, 38.929517499591597 ], [ -120.029786200112085, 38.929713699490492 ], [ -120.029842500759358, 38.929876399711937 ], [ -120.029914900038349, 38.930023499259278 ], [ -120.029989600139729, 38.930156599872319 ], [ -120.030075400957315, 38.930262999666418 ], [ -120.030180000271841, 38.930365300654472 ], [ -120.030303400414041, 38.930440400433113 ], [ -120.030408000845497, 38.9304904001037 ], [ -120.030523300389689, 38.930559300682837 ], [ -120.030646699622281, 38.930674100486662 ], [ -120.030753100238144, 38.93077470090968 ], [ -120.030872501100816, 38.930899900358874 ], [ -120.030978400399476, 38.931019800191244 ], [ -120.03113489967663, 38.931187300016333 ], [ -120.031279700725747, 38.931350100122728 ], [ -120.031384799340827, 38.931488199709861 ], [ -120.031531900401049, 38.931652600378342 ], [ -120.031673999589387, 38.93177570020346 ], [ -120.031789299937699, 38.931871700146523 ], [ -120.031891300605892, 38.931936400638868 ], [ -120.031990900658073, 38.931984800514499 ], [ -120.032194800053531, 38.932044300238182 ], [ -120.032366400437084, 38.932095400382686 ], [ -120.032493800229915, 38.932154899858737 ], [ -120.032631999570285, 38.932229999905125 ], [ -120.032772800108717, 38.932320700012184 ], [ -120.032914999560134, 38.932405300481733 ], [ -120.033026299674376, 38.932483500380691 ], [ -120.033181799789574, 38.9325950998252 ], [ -120.033521100406517, 38.932898699843108 ], [ -120.033633800171373, 38.932991500363805 ], [ -120.033696799297587, 38.933073999891036 ], [ -120.033763499493148, 38.933150699893503 ], [ -120.033817499610223, 38.93320230058842 ], [ -120.033845200174881, 38.933224800314399 ], [ -120.033877199883989, 38.933249700333725 ], [ -120.033930800594348, 38.933254000405711 ], [ -120.033979799187719, 38.933248199753201 ], [ -120.034160399505751, 38.933221600100907 ], [ -120.034331599696401, 38.93319069992571 ], [ -120.034476499180101, 38.933168600005807 ], [ -120.034634599668081, 38.933152199448479 ], [ -120.034733599629007, 38.933173100108469 ], [ -120.034832699887076, 38.933210000339947 ], [ -120.034958799390154, 38.933266700174507 ], [ -120.03508489916608, 38.933307400073353 ], [ -120.035391600106649, 38.933336399917131 ], [ -120.03576449986241, 38.933329699944693 ], [ -120.035910199358511, 38.933338700184983 ], [ -120.036055898922925, 38.933393799700873 ], [ -120.036159499555566, 38.93345100033428 ], [ -120.036262199057575, 38.933475399985774 ], [ -120.036363399494519, 38.933484700370826 ], [ -120.036454700145541, 38.933493000474328 ], [ -120.03662600071128, 38.933532599545309 ], [ -120.036788800737213, 38.933559899649929 ], [ -120.036957700496984, 38.933568499761954 ], [ -120.037195700317298, 38.93356140029772 ], [ -120.037435700611468, 38.933530800082366 ], [ -120.037573800152757, 38.933446099967796 ], [ -120.037725900843085, 38.93343210043971 ], [ -120.037975900070123, 38.933467900055241 ], [ -120.038179400894833, 38.933522100064657 ], [ -120.038383900339468, 38.933566199970549 ], [ -120.038496900074804, 38.933574799943841 ], [ -120.038599500285628, 38.933582599716829 ], [ -120.038796301019133, 38.933604500065208 ], [ -120.038965299762026, 38.933644100331996 ], [ -120.039110199780978, 38.933692100166489 ], [ -120.03931670013246, 38.933777700129916 ], [ -120.03956610001147, 38.933859000450006 ], [ -120.039767299887771, 38.933942500238558 ], [ -120.039893099963024, 38.933993799864012 ], [ -120.039902999636837, 38.933997800631502 ], [ -120.039970100114843, 38.934039500512036 ], [ -120.040030200242413, 38.934109399851039 ], [ -120.040134700111409, 38.934198099649372 ], [ -120.040204500129704, 38.93421999966116 ], [ -120.040306399828452, 38.934226200003287 ], [ -120.040451299516334, 38.93421369975507 ], [ -120.040531699982552, 38.934224200228066 ], [ -120.040673899674474, 38.934253400097624 ], [ -120.040828400233011, 38.934304499951942 ], [ -120.040911499098726, 38.93434829979612 ], [ -120.041045599639617, 38.934423399524633 ], [ -120.041129899410606, 38.934457800057622 ], [ -120.041298899422856, 38.934505799618755 ], [ -120.041462499760527, 38.934547599866406 ], [ -120.041706499010672, 38.934597599540837 ], [ -120.041939899699116, 38.934656000071314 ], [ -120.042146400384297, 38.934708199960568 ], [ -120.042301999361882, 38.934747799738659 ], [ -120.042480599481038, 38.934775999835267 ], [ -120.042662699415757, 38.934797899283822 ], [ -120.042827699596785, 38.934797899339394 ], [ -120.04295629881652, 38.934823099383557 ], [ -120.043162499043987, 38.934835600199165 ], [ -120.043250999369803, 38.934839599727226 ], [ -120.043466800646371, 38.934845700236998 ], [ -120.043533300777412, 38.934843599557404 ], [ -120.04362650097103, 38.934840699995661 ], [ -120.04390330082002, 38.934820899358677 ], [ -120.044123199823034, 38.934800000093901 ], [ -120.04428150055297, 38.934777099701606 ], [ -120.044455799829862, 38.934743700131058 ], [ -120.044944000607359, 38.934655999852971 ], [ -120.045308799847447, 38.934576800000855 ], [ -120.045542100592584, 38.934505800233936 ], [ -120.045806600244674, 38.93444220010614 ], [ -120.04608390040049, 38.934368100261239 ], [ -120.046274299799038, 38.934326400396607 ], [ -120.046419199859997, 38.93430340002616 ], [ -120.04658009999244, 38.934276300189218 ], [ -120.047202400192134, 38.934199099551385 ], [ -120.047526899858312, 38.934157399921098 ], [ -120.047749600581639, 38.934134399840765 ], [ -120.047958799741721, 38.934123999807319 ], [ -120.048132400240647, 38.934123600100939 ], [ -120.048328299494656, 38.934085799977474 ], [ -120.048534899694076, 38.934051600022485 ], [ -120.048720600307547, 38.934037199475455 ], [ -120.04903049975249, 38.934030999708177 ], [ -120.04918989919274, 38.934015099604771 ], [ -120.04938880041199, 38.933980099736409 ], [ -120.049604300026601, 38.933932599720052 ], [ -120.049673199589364, 38.933915699597136 ], [ -120.049765598745097, 38.933883100334256 ], [ -120.04996169927368, 38.933837099903229 ], [ -120.050108599273756, 38.933835000257382 ], [ -120.050379099501939, 38.93379649974338 ], [ -120.050523000609559, 38.9337692996328 ], [ -120.050717699973802, 38.933751600062813 ], [ -120.050914599799881, 38.933721300064732 ], [ -120.051137200713697, 38.933702599912721 ], [ -120.051373400319463, 38.933665900056397 ], [ -120.051477800606548, 38.93362950016337 ], [ -120.051662900801574, 38.933558600037806 ], [ -120.051772901153072, 38.933500200195915 ], [ -120.051923100337092, 38.933452200069958 ], [ -120.052043800723311, 38.933418799945571 ], [ -120.052249199430136, 38.933365600075533 ], [ -120.052604400073051, 38.933302000167451 ], [ -120.052835000391894, 38.933264399963171 ], [ -120.053024399681391, 38.933207000752567 ], [ -120.053256099321501, 38.933162200517884 ], [ -120.053473400238531, 38.933132999880463 ], [ -120.05372709980513, 38.933111100258927 ], [ -120.053898800396965, 38.933113100656747 ], [ -120.054216399626654, 38.933107899525332 ], [ -120.05439229992318, 38.93311939978561 ], [ -120.054548999607448, 38.933137099507981 ], [ -120.054696500019404, 38.933162199978838 ], [ -120.054928799922024, 38.933219599908213 ], [ -120.055167499896896, 38.933300900422097 ], [ -120.055318799088539, 38.933343699488155 ], [ -120.055403499367614, 38.933392700655041 ], [ -120.05545290046588, 38.933435499804446 ], [ -120.055481299884434, 38.933492900121728 ], [ -120.055487700199961, 38.933541900050109 ], [ -120.055528000131105, 38.933583600032492 ], [ -120.055562099566387, 38.933593099579952 ], [ -120.055581599407532, 38.933596199957968 ], [ -120.055793499947669, 38.933604499794804 ], [ -120.055989299700258, 38.933608700063154 ], [ -120.056077799612382, 38.933604499790071 ], [ -120.056209199910668, 38.933604500274747 ], [ -120.056295100292189, 38.933614899871536 ], [ -120.056496199809771, 38.933658699404987 ], [ -120.056662499333598, 38.933685900671961 ], [ -120.056823499938105, 38.933704600482336 ], [ -120.057078299815231, 38.933727599362051 ], [ -120.05719359959825, 38.933744299546184 ], [ -120.057279500221952, 38.933779800032021 ], [ -120.057345398924355, 38.93382880018958 ], [ -120.057382598943988, 38.933843799918186 ], [ -120.05744470050783, 38.933868399902522 ], [ -120.057555700641174, 38.933900800138105 ], [ -120.057628100005743, 38.933902899644288 ], [ -120.057834700516423, 38.933892400050283 ], [ -120.058097500371318, 38.933854899889312 ], [ -120.058518600374867, 38.933808999870891 ], [ -120.058761600274678, 38.933780800559575 ], [ -120.05902719970652, 38.933761999378596 ], [ -120.059264300925634, 38.933752599678279 ], [ -120.059437600941322, 38.933755799812936 ], [ -120.059613000463074, 38.933767200308495 ], [ -120.059878499810466, 38.933767199925057 ], [ -120.060138700231803, 38.93376719960073 ], [ -120.060250300279378, 38.933759900078002 ], [ -120.060302300044881, 38.9337567999806 ], [ -120.060354899632728, 38.933768299557535 ], [ -120.060409599927951, 38.933806900511172 ], [ -120.060484700128782, 38.93383400036705 ], [ -120.060647200215584, 38.93386220019655 ], [ -120.060761000035995, 38.933854899769386 ], [ -120.060872499894927, 38.933837099903783 ], [ -120.061023799585428, 38.933796399424381 ], [ -120.061147200807468, 38.93377770010585 ], [ -120.061377900258918, 38.933765200569852 ], [ -120.061797900467056, 38.933757800308605 ], [ -120.062270999462882, 38.933756799944533 ], [ -120.062551600740065, 38.9337557999892 ], [ -120.062818198922642, 38.933765199788702 ], [ -120.063024700061519, 38.933788099948131 ], [ -120.063163099093316, 38.933789100351945 ], [ -120.063284899740154, 38.933777699847333 ], [ -120.063459300114829, 38.933783900060803 ], [ -120.06371139972174, 38.933821500146941 ], [ -120.064006398919005, 38.933865300318466 ], [ -120.064180799834645, 38.933894500218692 ], [ -120.064277299721255, 38.93393210021754 ], [ -120.06433529950246, 38.933962299579527 ], [ -120.064419499851624, 38.93402179963941 ], [ -120.064501601169084, 38.934089599907615 ], [ -120.064579400885762, 38.934181399805873 ], [ -120.064635700391392, 38.934212699463806 ], [ -120.064655700805858, 38.934223000069728 ], [ -120.064720200344922, 38.934256199748418 ], [ -120.064895900272219, 38.934300299657778 ], [ -120.06502730051055, 38.934319099989501 ], [ -120.065327700034118, 38.934402600060857 ], [ -120.065606600038549, 38.934494399827472 ], [ -120.06575520053849, 38.934566300235574 ], [ -120.065849101101094, 38.934633100037949 ], [ -120.066085100632364, 38.934804199961675 ], [ -120.066213899544522, 38.934916799609091 ], [ -120.066443500112754, 38.935082700053201 ], [ -120.066503600735516, 38.935121299793586 ], [ -120.066582999801241, 38.935151599361419 ], [ -120.066650000605804, 38.935161999781734 ], [ -120.066765399841415, 38.93515570039078 ], [ -120.066867300319387, 38.935134900229485 ], [ -120.067044300093812, 38.935103599459723 ], [ -120.06721599989153, 38.935080600228225 ], [ -120.067476100216183, 38.935003399528554 ], [ -120.067701400182145, 38.934940799778744 ], [ -120.067953599687797, 38.9348824001422 ], [ -120.068232499273051, 38.934821899971475 ], [ -120.068436399510404, 38.934753099617183 ], [ -120.068672400305076, 38.934702999296427 ], [ -120.069045199737971, 38.934644599503621 ], [ -120.069560199782316, 38.93453609974658 ], [ -120.069903500090703, 38.934465099293433 ], [ -120.070051100185168, 38.93442760037113 ], [ -120.070303199220774, 38.93437129935883 ], [ -120.071416298688519, 38.934145900024632 ], [ -120.071735500008188, 38.934070799815807 ], [ -120.072009100130742, 38.934010299788099 ], [ -120.072298700339857, 38.933958100710903 ], [ -120.072494600718912, 38.933941500185142 ], [ -120.072668900129571, 38.933941500323897 ], [ -120.07294250064308, 38.933974800338504 ], [ -120.07316510103972, 38.93402069999599 ], [ -120.073551300971033, 38.934102099659569 ], [ -120.074002001022393, 38.93419389997316 ], [ -120.074460600900935, 38.934325399233096 ], [ -120.07488709960252, 38.934446399760333 ], [ -120.075200900529282, 38.934527699813572 ], [ -120.075419500111124, 38.934549000382795 ], [ -120.07570779996702, 38.934554899595604 ], [ -120.076064599076474, 38.93451520028686 ], [ -120.076308699660856, 38.934483899988514 ], [ -120.07654469924725, 38.934400499940985 ], [ -120.076677499407978, 38.934298599337346 ], [ -120.076767299291362, 38.93419600010396 ], [ -120.076836999749574, 38.934068699842719 ], [ -120.076909499759921, 38.933895599617607 ], [ -120.077011399393342, 38.933670200329615 ], [ -120.076993700312087, 38.933514699731056 ] ] } },
{ "type": "Feature", "properties": { "OBJECTID": 1225, "CLASS": "1", "NAME": "Camp Richardson", "MILES": 0.19341674, "ShapeSTLength": 311.27469367384714, "FROM_": "Camp Richardson", "TO_": "Ice Cream Parlor", "WNTR_MAINT": "No", "MAINT_JURS": "El Dorado County", "YR_OF_CONS": "2016", "IMPLEMENT": "El Dorado County", "COUNTY": "El Dorado County", "E_BIKE": "No", "GlobalID": "{F7A3D4C6-B52D-4010-BBE5-1BF0B1AF6C5E}", "created_user": "MBINDL", "created_date": "2024-01-25T04:41:45Z", "last_edited_user": "KRICHARDSON", "last_edited_date": "2024-02-09T06:21:15Z" }, "geometry": { "type": "LineString", "coordinates": [ [ -120.039986400551513, 38.933868499907277 ], [ -120.039756400632498, 38.933756299544768 ], [ -120.039660699469223, 38.9337101997559 ], [ -120.039401400618218, 38.933590300140317 ], [ -120.039143700010598, 38.933479799885909 ], [ -120.038898500077977, 38.933397399922178 ], [ -120.038695099708008, 38.93332589940858 ], [ -120.038452700695132, 38.933231600401854 ], [ -120.038200499975915, 38.933166600296289 ], [ -120.038076599845112, 38.93311680025969 ], [ -120.037841100598115, 38.933001899785424 ], [ -120.03777559951331, 38.932965000531176 ], [ -120.037733900325776, 38.932929300375363 ], [ -120.037696200397036, 38.932887000058315 ], [ -120.037678100543076, 38.932870799972463 ], [ -120.037623699870551, 38.93287020018478 ], [ -120.037502800233668, 38.932869000429108 ], [ -120.037462200074188, 38.932868600662815 ], [ -120.037367500325232, 38.932859899702549 ], [ -120.037261600214549, 38.932881599375179 ], [ -120.037172400497653, 38.932903299786879 ], [ -120.037079100465448, 38.932896799890663 ], [ -120.036948100767617, 38.932876199947842 ], [ -120.036899400008636, 38.932857799794675 ], [ -120.036802300330407, 38.932785200304728 ] ] } },
{ "type": "Feature", "properties": { "OBJECTID": 1226, "CLASS": "PED", "NAME": "Heavenly Village Footpaths", "MILES": 1.56393784, "ShapeSTLength": 2516.9190114492108, "FROM_": "Stateline Ave", "TO_": "Heavenly Village Way", "WNTR_MAINT": "Yes", "MAINT_JURS": "Heavenly Village", "YR_OF_CONS": "2001", "IMPLEMENT": "Heavenly Village", "COUNTY": "City of South Lake Tahoe", "E_BIKE": "No", "GlobalID": "{F9022B3A-15AF-4081-927D-4B78FA3CBEF6}", "created_user": "MBINDL", "created_date": "2024-01-25T04:41:45Z", "last_edited_user": "KRICHARDSON", "last_edited_date": "2024-02-09T06:21:15Z" }, "geometry": { "type": "MultiLineString", "coordinates": [ [ [ -119.94289409957598, 38.955439800213313 ], [ -119.94320779931698, 38.955362600139139 ], [ -119.94338029970038, 38.955320099371484 ], [ -119.943702999798177, 38.955274600427209 ], [ -119.943781299156313, 38.955256999293638 ], [ -119.943853199896196, 38.955262499917474 ], [ -119.944028699455643, 38.95528749983103 ], [ -119.944163799047033, 38.955398299174689 ], [ -119.944190398752852, 38.955454300791892 ], [ -119.944229399066032, 38.955649100380093 ] ], [ [ -119.94289409957598, 38.955439800213313 ], [ -119.942638399756149, 38.955459100537233 ], [ -119.942576700080622, 38.955450500084737 ], [ -119.942510599594826, 38.955438500528075 ], [ -119.942453300537963, 38.95542480115661 ], [ -119.941957399276291, 38.955219199362915 ], [ -119.941930099346351, 38.95521459973348 ], [ -119.941918899663733, 38.95521789958277 ], [ -119.941899199242101, 38.955241899224113 ], [ -119.941533999240747, 38.95574870103718 ], [ -119.941515299946289, 38.955776000633591 ], [ -119.941395799653591, 38.956003100842139 ], [ -119.941366999528995, 38.956084900317741 ], [ -119.94136460024508, 38.956129399876019 ] ], [ [ -119.944229399066032, 38.955649100380093 ], [ -119.944370199336831, 38.955442600590004 ] ], [ [ -119.944229399066032, 38.955649100380093 ], [ -119.943461299533098, 38.956792800012337 ], [ -119.943319599112186, 38.956860400257099 ], [ -119.943300899855799, 38.956869300744735 ], [ -119.943227599781736, 38.956949000827173 ] ], [ [ -119.942831699561765, 38.95561720069302 ], [ -119.94289409957598, 38.955439800213313 ] ], [ [ -119.942552799518097, 38.956048799754903 ], [ -119.942540800129564, 38.955961000592907 ], [ -119.942541599525185, 38.955906199924343 ], [ -119.942587999928165, 38.955835300027644 ], [ -119.942699099636556, 38.955701300449242 ], [ -119.942758800196273, 38.955656000632828 ], [ -119.942831699561765, 38.95561720069302 ] ], [ [ -119.942552799518097, 38.956048799754903 ], [ -119.942634900330532, 38.956064200715197 ], [ -119.942772499182567, 38.956046500218775 ], [ -119.942900499860158, 38.955998800235804 ], [ -119.942968500114333, 38.955954000790662 ], [ -119.943009299376413, 38.955868700283673 ], [ -119.942997199601137, 38.955791700877931 ], [ -119.942936900377575, 38.955688900762375 ], [ -119.942831699561765, 38.95561720069302 ] ], [ [ -119.94136460024508, 38.956129399876019 ], [ -119.941375100623645, 38.956138200258572 ], [ -119.941461800440777, 38.956205700248198 ], [ -119.941468099717, 38.956208900516323 ] ], [ [ -119.941468099717, 38.956208900516323 ], [ -119.941282799791992, 38.956285500241755 ] ], [ [ -119.941468099717, 38.956208900516323 ], [ -119.941558299883809, 38.95626149995288 ], [ -119.941636099845141, 38.956309500343195 ], [ -119.941716599792827, 38.956357500330022 ], [ -119.941905500017484, 38.956453200380814 ] ], [ [ -119.942372199545161, 38.956246800681697 ], [ -119.942404800210028, 38.956195100520539 ], [ -119.942552799518097, 38.956048799754903 ] ], [ [ -119.942372199545161, 38.956246800681697 ], [ -119.94211649913683, 38.956144300194325 ] ], [ [ -119.941282799791992, 38.956285500241755 ], [ -119.94136460024508, 38.956129399876019 ] ], [ [ -119.941282799791992, 38.956285500241755 ], [ -119.941193399301042, 38.956307900176718 ], [ -119.941093499950739, 38.956447000030778 ], [ -119.940876200297183, 38.956777000740416 ], [ -119.940524500076052, 38.957316399926782 ], [ -119.940495200812194, 38.957361800780198 ], [ -119.940465500763352, 38.957407800097862 ], [ -119.940461299701312, 38.957435599745928 ], [ -119.940479199121711, 38.957451700424478 ], [ -119.940495799273833, 38.957477400021226 ], [ -119.940499900940495, 38.957506300379571 ], [ -119.940498499960938, 38.957539600346408 ], [ -119.94048469993146, 38.957570600263985 ], [ -119.940462699818852, 38.957595299632231 ], [ -119.94042689982777, 38.957618799983472 ], [ -119.940385500401817, 38.957636000446115 ], [ -119.940335999976824, 38.957642400384984 ], [ -119.940297400507959, 38.957641300126262 ], [ -119.940265699624476, 38.957641299769428 ], [ -119.940007699892959, 38.957924599774962 ] ], [ [ -119.942322200240355, 38.956365600929068 ], [ -119.942315599993691, 38.956338200815168 ], [ -119.942372199545161, 38.956246800681697 ] ], [ [ -119.942322200240355, 38.956365600929068 ], [ -119.942299100201538, 38.956364099704935 ], [ -119.942276800332579, 38.95636870034101 ], [ -119.942257700215336, 38.956378900016368 ], [ -119.942244199352217, 38.956393500436889 ], [ -119.942237799308899, 38.956410800497984 ], [ -119.942239300302063, 38.956428800531285 ], [ -119.942248400057011, 38.956445300789881 ] ], [ [ -119.942372599650128, 38.956412900320103 ], [ -119.942367899993911, 38.956397000122429 ], [ -119.94235719935304, 38.956382900155198 ], [ -119.942341499306494, 38.956372100506748 ], [ -119.942322200240355, 38.956365600929068 ] ], [ [ -119.941958900381948, 38.956407000650366 ], [ -119.941919400012992, 38.95628050035436 ] ], [ [ -119.941958900381948, 38.956407000650366 ], [ -119.941935100080414, 38.956417700406405 ], [ -119.941916699637417, 38.956433600169888 ], [ -119.941905500017484, 38.956453200380814 ] ], [ [ -119.942248400057011, 38.956445300789881 ], [ -119.942263399961192, 38.956458000045572 ], [ -119.94228289933902, 38.95646620032592 ], [ -119.942304700366535, 38.956469200772332 ], [ -119.942326599768364, 38.95646640038126 ], [ -119.942346199179212, 38.956458300205817 ], [ -119.942361400333425, 38.956445801049163 ], [ -119.942370499489371, 38.956430100537823 ], [ -119.942372599650128, 38.956412900320103 ] ], [ [ -119.942248400057011, 38.956445300789881 ], [ -119.942108700405754, 38.956550600335383 ] ], [ [ -119.941905500017484, 38.956453200380814 ], [ -119.941902599733723, 38.95647210026786 ], [ -119.941906400034085, 38.956490800226142 ], [ -119.941916799090819, 38.956508100326609 ], [ -119.941932900019069, 38.956522400520676 ], [ -119.941953499745139, 38.956532700817249 ] ], [ [ -119.941953499745139, 38.956532700817249 ], [ -119.941976199055674, 38.956538100481467 ], [ -119.941999899497588, 38.956538600432879 ], [ -119.942022898931924, 38.956534100176889 ], [ -119.94204360058707, 38.956525000165463 ], [ -119.94206270003717, 38.956509399785624 ], [ -119.942074600273614, 38.956489899912341 ], [ -119.942077999207527, 38.956468499666805 ], [ -119.942072700313346, 38.956447300132879 ], [ -119.942059199724397, 38.956428500735498 ], [ -119.942038799989589, 38.956413900438775 ], [ -119.942013599583163, 38.956404900175038 ], [ -119.941986000678895, 38.956402599843514 ], [ -119.941958900381948, 38.956407000650366 ] ], [ [ -119.941953499745139, 38.956532700817249 ], [ -119.941945799590229, 38.956574400193645 ] ], [ [ -119.942108700405754, 38.956550600335383 ], [ -119.941945799590229, 38.956574400193645 ] ], [ [ -119.942108700405754, 38.956550600335383 ], [ -119.942660699010816, 38.956987400086867 ], [ -119.942696599718261, 38.957014300919113 ], [ -119.942762799059224, 38.957044800571808 ], [ -119.942803900423968, 38.957053100507082 ], [ -119.94284489947141, 38.957054899760237 ], [ -119.942911499562825, 38.957033399830223 ] ], [ [ -119.941945799590229, 38.956574400193645 ], [ -119.941938398984988, 38.956614500271044 ], [ -119.941833599677778, 38.956798700499832 ], [ -119.941856299990505, 38.956842000767097 ], [ -119.941843799574357, 38.956868099971601 ] ], [ [ -119.942986399592726, 38.956854800096409 ], [ -119.942965799288515, 38.956827900508266 ], [ -119.94288619953609, 38.95676170034298 ], [ -119.942408900292918, 38.956447500661817 ], [ -119.942372599650128, 38.956412900320103 ] ], [ [ -119.941843799574357, 38.956868099971601 ], [ -119.941772999552796, 38.956880400243428 ], [ -119.941740499761352, 38.956894900482048 ], [ -119.941654599802405, 38.956917099790843 ], [ -119.941577199704909, 38.956870999922991 ] ], [ [ -119.941843799574357, 38.956868099971601 ], [ -119.941881599260242, 38.956903900113637 ], [ -119.941876599261846, 38.956945000952224 ], [ -119.941817600534932, 38.9569537000813 ], [ -119.941807499555637, 38.956978200105198 ], [ -119.941776499665266, 38.957036199519081 ], [ -119.941671999784035, 38.957060100115292 ], [ -119.941618099826627, 38.957138999930237 ], [ -119.941582499394727, 38.957154899826463 ], [ -119.941494100492037, 38.957284000195735 ], [ -119.94145640082904, 38.957292400189296 ], [ -119.941395500385809, 38.957299300624904 ], [ -119.941199999643018, 38.957222299831471 ], [ -119.94118440072026, 38.957263500056165 ], [ -119.940988299909719, 38.957563500381525 ] ], [ [ -119.941372200379163, 38.956860400332786 ], [ -119.941440100074814, 38.956765099940782 ], [ -119.941506499977891, 38.956696500724206 ], [ -119.941563699916344, 38.956727700997767 ], [ -119.941620200100004, 38.956792999781719 ], [ -119.941577199704909, 38.956870999922991 ] ], [ [ -119.941372200379163, 38.956860400332786 ], [ -119.941452100631864, 38.956871800398368 ] ], [ [ -119.941577199704909, 38.956870999922991 ], [ -119.941485900344532, 38.956843500561284 ], [ -119.941452100631864, 38.956871800398368 ] ], [ [ -119.941452100631864, 38.956871800398368 ], [ -119.941462299351542, 38.956971600663898 ], [ -119.941321200594402, 38.957033800888681 ], [ -119.941218499059971, 38.957173300277574 ] ], [ [ -119.942995299210153, 38.956930100333125 ], [ -119.943001999626844, 38.95689390061564 ], [ -119.942997399236077, 38.956871100567732 ], [ -119.942986399592726, 38.956854800096409 ] ], [ [ -119.943227599781736, 38.956949000827173 ], [ -119.943230699402292, 38.956898599952481 ], [ -119.943228100097258, 38.956875601028884 ], [ -119.943212499002684, 38.956803600685234 ], [ -119.942986399592726, 38.956854800096409 ] ], [ [ -119.943227599781736, 38.956949000827173 ], [ -119.942995299210153, 38.956930100333125 ] ], [ [ -119.942911499562825, 38.957033399830223 ], [ -119.94296319967637, 38.95699179995421 ], [ -119.942995299210153, 38.956930100333125 ] ], [ [ -119.943023400267478, 38.957186499863184 ], [ -119.943059699185028, 38.957165699976997 ], [ -119.94310699903032, 38.957137400452929 ], [ -119.94313499873455, 38.957117000062325 ], [ -119.943168299149036, 38.957086400228071 ], [ -119.94318870005327, 38.957052500147839 ], [ -119.943208199283632, 38.957013300021707 ], [ -119.943221299905289, 38.95697240066761 ], [ -119.943227599781736, 38.956949000827173 ] ], [ [ -119.943023400267478, 38.957186499863184 ], [ -119.942911499562825, 38.957033399830223 ] ], [ [ -119.941218499059971, 38.957173300277574 ], [ -119.941199699613691, 38.957101400470954 ], [ -119.941238999555978, 38.956930000189182 ], [ -119.941372200379163, 38.956860400332786 ] ], [ [ -119.941218499059971, 38.957173300277574 ], [ -119.941208200165747, 38.957199900389227 ] ], [ [ -119.942290799388061, 38.957248300700847 ], [ -119.942271699923111, 38.957274599861009 ], [ -119.942233300200357, 38.957334600769443 ] ], [ [ -119.942233300200357, 38.957334600769443 ], [ -119.942103499869987, 38.957287200053038 ], [ -119.94209059997273, 38.957276399932674 ], [ -119.942125099718425, 38.957220400263672 ], [ -119.942157999550219, 38.957177800525471 ], [ -119.942195899849722, 38.957126699763343 ], [ -119.942220200294628, 38.957132299924545 ], [ -119.942291399224899, 38.957164000287953 ], [ -119.942324598885563, 38.957178400181164 ], [ -119.942328999881141, 38.957200600448282 ], [ -119.942290799388061, 38.957248300700847 ] ], [ [ -119.942539499383102, 38.957389799783904 ], [ -119.942475499838267, 38.957305899984945 ], [ -119.942290799388061, 38.957248300700847 ] ], [ [ -119.942539499383102, 38.957389799783904 ], [ -119.942453799212316, 38.957390500217926 ], [ -119.942426999779769, 38.957390500153927 ], [ -119.942383999751158, 38.957390500470886 ], [ -119.942316999669927, 38.957369600007397 ], [ -119.942233300200357, 38.957334600769443 ] ], [ [ -119.942888400310679, 38.957534200274324 ], [ -119.94296389954026, 38.957418600703853 ], [ -119.943051099795426, 38.957258800296692 ], [ -119.943023400267478, 38.957186499863184 ] ], [ [ -119.942888400310679, 38.957534200274324 ], [ -119.942539499383102, 38.957389799783904 ] ], [ [ -119.943128499826301, 38.957633600131402 ], [ -119.942888400310679, 38.957534200274324 ] ], [ [ -119.942835099295749, 38.957676699861253 ], [ -119.942838799356764, 38.957610199963113 ], [ -119.942888400310679, 38.957534200274324 ] ], [ [ -119.942835099295749, 38.957676699861253 ], [ -119.942670099549829, 38.957650900449813 ], [ -119.942605899252669, 38.95767330006521 ], [ -119.942502500176005, 38.957642300538616 ], [ -119.942403199763135, 38.957611000304645 ], [ -119.942370199705096, 38.957630500044132 ] ], [ [ -119.942411799736419, 38.958365900015153 ], [ -119.942414899816185, 38.958360299513529 ], [ -119.942416299373278, 38.958347800591895 ], [ -119.942412599199898, 38.958335700356223 ], [ -119.94240420043991, 38.958325000283402 ], [ -119.94239189988032, 38.958316999602715 ], [ -119.942376999685536, 38.958312300008451 ], [ -119.942361000600073, 38.958311500294862 ], [ -119.942345400295864, 38.958314600097111 ], [ -119.942330899851939, 38.958322199762797 ], [ -119.942320499998033, 38.95833310054676 ], [ -119.942315500070606, 38.958346199624103 ], [ -119.942316499208246, 38.958359800151051 ], [ -119.942323400199157, 38.958372299631193 ], [ -119.942335399794572, 38.95838220047181 ] ], [ [ -119.942335399794572, 38.95838220047181 ], [ -119.942351000445967, 38.958388400372819 ], [ -119.942368399346265, 38.958389999833379 ], [ -119.942384099314069, 38.958387399922636 ], [ -119.942398000414698, 38.958381099805862 ], [ -119.942408600249749, 38.958371799701766 ], [ -119.942411799736419, 38.958365900015153 ] ], [ [ -119.942335399794572, 38.95838220047181 ], [ -119.942315900562818, 38.9584710005944 ], [ -119.942219699281623, 38.958567399760817 ], [ -119.942145799385472, 38.958578900046597 ], [ -119.942104400341393, 38.958615800474348 ], [ -119.942100499549724, 38.958640200065005 ], [ -119.942118799707728, 38.958665399895771 ], [ -119.941993799449833, 38.958782799633582 ] ], [ [ -119.942482899404382, 38.958392400546387 ], [ -119.942513299348718, 38.958345400173968 ], [ -119.942572798949755, 38.958253299477931 ], [ -119.94256739943674, 38.958229900104143 ], [ -119.942556899615994, 38.958184300153071 ], [ -119.942835099657472, 38.957753900034994 ], [ -119.942835099295749, 38.957676699861253 ] ], [ [ -119.942482899404382, 38.958392400546387 ], [ -119.942411799736419, 38.958365900015153 ] ], [ [ -119.941993799449833, 38.958782799633582 ], [ -119.94187579927555, 38.958757200191478 ], [ -119.941816400367202, 38.958712599579897 ], [ -119.941711200406402, 38.958676500019592 ], [ -119.941684799518583, 38.95868050018872 ], [ -119.941676999594264, 38.95869820041414 ], [ -119.941682400427737, 38.95871510007494 ], [ -119.941698499528727, 38.958748599617984 ], [ -119.941732600098987, 38.958802600379201 ], [ -119.941820999576365, 38.958882300160887 ], [ -119.941854699422322, 38.958897399777527 ], [ -119.941901399655578, 38.958883799872787 ], [ -119.941917800186687, 38.958871999787924 ], [ -119.94196679927002, 38.958888399695361 ], [ -119.942022799640981, 38.958914699994523 ], [ -119.942080499486067, 38.958959000097245 ] ], [ [ -119.941993799449833, 38.958782799633582 ], [ -119.942008499965837, 38.958815099431305 ], [ -119.9421558998758, 38.95886320056502 ] ], [ [ -119.9421558998758, 38.95886320056502 ], [ -119.942335300550212, 38.958620999880566 ], [ -119.942482899404382, 38.958392400546387 ] ], [ [ -119.9421558998758, 38.95886320056502 ], [ -119.94212049939182, 38.958911500276926 ], [ -119.942080499486067, 38.958959000097245 ] ], [ [ -119.942080499486067, 38.958959000097245 ], [ -119.942059299575831, 38.959017399813213 ] ] ] } },
{ "type": "Feature", "properties": { "OBJECTID": 1227, "CLASS": "PED", "NAME": "Stateline Sidewalks", "MILES": 0.34772878, "ShapeSTLength": 559.61634637854445, "FROM_": "Stateline Ave", "TO_": "Lake Pkwy", "WNTR_MAINT": "Yes", "MAINT_JURS": "Douglas County", "YR_OF_CONS": "Before 2006", "IMPLEMENT": "Douglas County", "COUNTY": "Douglas County", "E_BIKE": "No", "GlobalID": "{3673FCA0-C01E-475A-977B-A68C59356EFB}", "created_user": "MBINDL", "created_date": "2024-01-25T04:41:45Z", "last_edited_user": "KRICHARDSON", "last_edited_date": "2024-02-09T06:21:15Z" }, "geometry": { "type": "LineString", "coordinates": [ [ -119.942003300032695, 38.959170899887049 ], [ -119.941726299797608, 38.959605899380527 ], [ -119.941245199723909, 38.960313899690156 ], [ -119.940943099989653, 38.960758399605922 ], [ -119.940931500452933, 38.960783299839441 ], [ -119.940917300210018, 38.960811200204603 ], [ -119.940624300137543, 38.961236399867531 ], [ -119.940561699989928, 38.961328300093037 ], [ -119.94053800008858, 38.961351499941252 ], [ -119.940520000137028, 38.961367600044312 ], [ -119.940482200470967, 38.961384300384992 ], [ -119.940441400625573, 38.961448499658452 ], [ -119.940253199877375, 38.961750100232699 ], [ -119.940245999888347, 38.961761700981214 ], [ -119.939844800659415, 38.962355500108714 ], [ -119.938989700400697, 38.963618199487989 ] ] } },
{ "type": "Feature", "properties": { "OBJECTID": 1228, "CLASS": "PED", "NAME": "Stateline Sidewalks CA North", "MILES": 0.36600026, "ShapeSTLength": 589.02149940110098, "FROM_": "Stateline Ave", "TO_": "Heavenly Village Way", "WNTR_MAINT": "Yes", "MAINT_JURS": "City of South Lake Tahoe", "YR_OF_CONS": "Before 2006", "IMPLEMENT": "City of South Lake Tahoe", "COUNTY": "City of South Lake Tahoe", "E_BIKE": "No", "GlobalID": "{187ED4C9-17F3-4088-B6F1-5A55DC375DEE}", "created_user": "MBINDL", "created_date": "2024-01-25T04:41:45Z", "last_edited_user": "KRICHARDSON", "last_edited_date": "2024-02-09T06:21:15Z" }, "geometry": { "type": "MultiLineString", "coordinates": [ [ [ -119.943721999706526, 38.957039900509251 ], [ -119.943760299206915, 38.956943500349965 ], [ -119.944145199906629, 38.956381500592428 ], [ -119.944186799963063, 38.956319200982939 ], [ -119.9446617003114, 38.95560850067875 ], [ -119.944713900575479, 38.955539000480528 ], [ -119.944794100772896, 38.955439400666208 ], [ -119.944914600544507, 38.955289899756387 ] ], [ [ -119.943721999706526, 38.957039900509251 ], [ -119.943706042980892, 38.957032781580153 ] ], [ [ -119.942530599145996, 38.958908100086838 ], [ -119.942562798962001, 38.958883800207801 ], [ -119.942882399037288, 38.958428499984272 ], [ -119.942895999747151, 38.958407399626331 ], [ -119.943169398806347, 38.95798360053611 ], [ -119.943571999501103, 38.957356900576308 ], [ -119.943783798777389, 38.957076200273761 ], [ -119.943780099901304, 38.957065300072244 ], [ -119.943721999706526, 38.957039900509251 ] ], [ [ -119.942530599145996, 38.958908100086838 ], [ -119.942575499734218, 38.958919999622417 ] ], [ [ -119.942530599145996, 38.958908100086838 ], [ -119.942474499437949, 38.958950599651899 ], [ -119.942391700525619, 38.95907789982796 ], [ -119.942390300080476, 38.959106699986251 ] ], [ [ -119.942575499734218, 38.958919999622417 ], [ -119.942672399708144, 38.958894699920229 ] ], [ [ -119.942575499734218, 38.958919999622417 ], [ -119.942594699973725, 38.958950299390892 ], [ -119.942535898782353, 38.95898349962556 ], [ -119.942509299399447, 38.95901620013192 ], [ -119.942497500304142, 38.959062899989135 ], [ -119.942503699747647, 38.959108099799117 ], [ -119.94252419979675, 38.959140800250864 ], [ -119.9424906997466, 38.959161499473105 ], [ -119.942426600114018, 38.95915539984707 ] ], [ [ -119.942390300080476, 38.959106699986251 ], [ -119.942383999650787, 38.959105799658531 ], [ -119.942370499264513, 38.959107099634423 ], [ -119.942358099774111, 38.959111400451462 ], [ -119.942347799531944, 38.959118400373207 ], [ -119.942336499376822, 38.959131799985833 ], [ -119.942337099121787, 38.959137599305329 ], [ -119.942337599336241, 38.959148099462446 ], [ -119.942344299273174, 38.959160499978331 ] ], [ [ -119.942426600114018, 38.95915539984707 ], [ -119.942428699839894, 38.959140599544121 ], [ -119.942425799955984, 38.959129099555319 ], [ -119.94241919969798, 38.959119799753353 ], [ -119.942409499567887, 38.959112500576339 ], [ -119.942397399305719, 38.959107699636199 ], [ -119.942390300080476, 38.959106699986251 ] ], [ [ -119.942344299273174, 38.959160499978331 ], [ -119.942352399432437, 38.959168299528365 ], [ -119.942365299426385, 38.959174599774244 ], [ -119.942379999358991, 38.959177199595352 ], [ -119.94239510045621, 38.959175999249887 ], [ -119.942408799253215, 38.959170999191677 ], [ -119.942419699170074, 38.959162799714711 ], [ -119.942426600114018, 38.95915539984707 ] ], [ [ -119.942162899892523, 38.959357400179265 ], [ -119.942182900638045, 38.959327599579929 ], [ -119.942207700443873, 38.959298999569882 ], [ -119.9422542997454, 38.959245400009095 ], [ -119.94231359902129, 38.959176999737835 ], [ -119.942344299273174, 38.959160499978331 ] ] ] } },
{ "type": "Feature", "properties": { "OBJECTID": 1229, "CLASS": "PED", "NAME": "Stateline Sidewalks NV North", "MILES": 0.41493175, "ShapeSTLength": 667.76925764502369, "FROM_": "Stateline Ave", "TO_": "Lake Pkwy", "WNTR_MAINT": "Yes", "MAINT_JURS": "Douglas County", "YR_OF_CONS": "Before 2006", "IMPLEMENT": "Douglas County", "COUNTY": "Douglas County", "E_BIKE": "No", "GlobalID": "{B83451E0-8390-4093-93E4-3C8B19A44351}", "created_user": "MBINDL", "created_date": "2024-01-25T04:41:45Z", "last_edited_user": "KRICHARDSON", "last_edited_date": "2024-02-09T06:21:15Z" }, "geometry": { "type": "MultiLineString", "coordinates": [ [ [ -119.942162899892523, 38.959357400179265 ], [ -119.941545400034002, 38.960284400081768 ], [ -119.941502398905683, 38.960348899663003 ], [ -119.941137500351104, 38.960865900765832 ], [ -119.940958999226154, 38.961144200163993 ], [ -119.940915100150505, 38.961197500649035 ], [ -119.940940199823103, 38.961203300433915 ], [ -119.940951400086263, 38.961288800421805 ], [ -119.940924899625571, 38.961385300078568 ] ], [ [ -119.940813999523044, 38.96133730006585 ], [ -119.940820799573871, 38.961355200403929 ], [ -119.940888000701719, 38.961389600278864 ], [ -119.940924899625571, 38.961385300078568 ] ], [ [ -119.940924899625571, 38.961385300078568 ], [ -119.940950399722198, 38.961426300172526 ] ], [ [ -119.940950399722198, 38.961426300172526 ], [ -119.941030900299296, 38.961418399875456 ], [ -119.941135799760659, 38.96136840051134 ], [ -119.941199999718265, 38.961357600470492 ], [ -119.941333499453535, 38.961460600147923 ] ], [ [ -119.940950399722198, 38.961426300172526 ], [ -119.940913599672641, 38.961520200854316 ] ], [ [ -119.940913599672641, 38.961520200854316 ], [ -119.940907299310027, 38.961517900493135 ], [ -119.940895000230753, 38.961516800358915 ], [ -119.940882800241667, 38.961519000910094 ], [ -119.940872199373004, 38.961524100075906 ], [ -119.940864599597077, 38.96153140043031 ], [ -119.94086039918254, 38.961540200735548 ], [ -119.940860000348493, 38.961549600764755 ], [ -119.940863499534728, 38.961558700376038 ], [ -119.94087059990872, 38.96156629992948 ], [ -119.940880399553635, 38.961571800105006 ], [ -119.940892000047896, 38.96157460077346 ] ], [ [ -119.940892000047896, 38.96157460077346 ], [ -119.940904100076253, 38.961574401134882 ], [ -119.940915400097524, 38.961571100429538 ], [ -119.940925100190839, 38.961565000182496 ], [ -119.940931600632794, 38.961556700744353 ], [ -119.940934299126553, 38.961547300690505 ], [ -119.94093289960901, 38.961537700331199 ], [ -119.940927399391299, 38.961528900462952 ], [ -119.940918599563702, 38.961522100441385 ], [ -119.940913599672641, 38.961520200854316 ] ], [ [ -119.940892000047896, 38.96157460077346 ], [ -119.940885900322826, 38.961618600509475 ] ], [ [ -119.940885900322826, 38.961618600509475 ], [ -119.940815500409784, 38.961597900023037 ], [ -119.940772200867087, 38.961589600238277 ], [ -119.940713799477848, 38.961572399979325 ], [ -119.940681999995775, 38.96156280105221 ], [ -119.940656400006517, 38.961559400613979 ] ], [ [ -119.940885900322826, 38.961618600509475 ], [ -119.940882799511769, 38.961641100374969 ] ], [ [ -119.940882799511769, 38.961641100374969 ], [ -119.940870999936067, 38.961727100493654 ] ], [ [ -119.940882799511769, 38.961641100374969 ], [ -119.940764299484698, 38.961655000620141 ], [ -119.940695699487037, 38.961665800278048 ], [ -119.940637499845437, 38.961712400414832 ], [ -119.94057059993898, 38.96179540072395 ], [ -119.940597600556998, 38.961841400457494 ], [ -119.940568900143973, 38.961882600017717 ], [ -119.940526799912774, 38.961888600495321 ], [ -119.940493300499753, 38.961904201100204 ], [ -119.94045610019721, 38.961984300593372 ], [ -119.940417199897013, 38.96205950067327 ], [ -119.940388900321594, 38.962102400736313 ], [ -119.940350000826569, 38.962141100247976 ], [ -119.940288099568548, 38.962213200393272 ], [ -119.940246500183292, 38.962265400629668 ], [ -119.940222299773495, 38.962315599866926 ], [ -119.940182000488704, 38.962395999905468 ], [ -119.940159399877842, 38.962443799752165 ], [ -119.940122699233896, 38.962484700056464 ], [ -119.940039500495558, 38.962553199804162 ], [ -119.939962300649455, 38.962585199617891 ], [ -119.939896101098597, 38.962701499637248 ], [ -119.939747799888394, 38.962881300178466 ], [ -119.939185799845148, 38.963734500498298 ] ] ] } },
{ "type": "Feature", "properties": { "OBJECTID": 1230, "CLASS": "PED", "NAME": "Kingsbury Grade", "MILES": 0.46104385, "ShapeSTLength": 741.97963752252019, "FROM_": "US Hwy 50", "TO_": "Pinedrop Dr", "WNTR_MAINT": "No", "MAINT_JURS": "Douglas County", "YR_OF_CONS": "Before 2006", "IMPLEMENT": "Douglas County", "COUNTY": "Douglas County", "E_BIKE": "No", "GlobalID": "{BB0B7286-830F-487A-B459-859DEDA43415}", "created_user": "MBINDL", "created_date": "2024-01-25T04:41:45Z", "last_edited_user": "KRICHARDSON", "last_edited_date": "2024-02-09T06:21:15Z" }, "geometry": { "type": "MultiLineString", "coordinates": [ [ [ -119.935568399353528, 38.968250200281048 ], [ -119.935596200149078, 38.968239999836882 ], [ -119.935609300415464, 38.968218399889523 ], [ -119.935607899786064, 38.968191100082898 ], [ -119.93559760001699, 38.968158199902881 ], [ -119.935565500191828, 38.968135500233132 ], [ -119.935493999283111, 38.968099200522232 ], [ -119.935416600105839, 38.968074200280931 ], [ -119.935366998907412, 38.96806970023281 ], [ -119.935324699661521, 38.968076500712854 ], [ -119.93504879948263, 38.968179800111777 ], [ -119.934991800353217, 38.968200200025926 ], [ -119.934907199263534, 38.968219500422222 ], [ -119.9347961995866, 38.968242200284834 ], [ -119.934685299114847, 38.968267199863767 ], [ -119.934400699609142, 38.968340999763207 ], [ -119.934226900137133, 38.968379500358722 ], [ -119.934082399882442, 38.968409100331975 ], [ -119.933937899712831, 38.968428399595432 ], [ -119.933481000157997, 38.968488499692398 ], [ -119.933448900030726, 38.968505499809496 ], [ -119.933425499861059, 38.968526000697715 ], [ -119.933415299498876, 38.968555499802939 ], [ -119.933415299772989, 38.968592900263111 ], [ -119.933409499329059, 38.96862809957743 ], [ -119.933390500527366, 38.968662100424559 ], [ -119.933358399475694, 38.968699600651654 ], [ -119.933300000248423, 38.968752900446027 ] ], [ [ -119.933196400302279, 38.96865990028622 ], [ -119.93319780032256, 38.968633800218385 ], [ -119.933210999914365, 38.968603099891162 ], [ -119.933221200008731, 38.96858269956887 ], [ -119.933228499575435, 38.968547500059174 ], [ -119.933231400138808, 38.968514600067358 ], [ -119.933218299910095, 38.968497600228595 ], [ -119.933184699575691, 38.968491900367567 ], [ -119.932732200075719, 38.968481700479728 ], [ -119.932672300045638, 38.96848510011619 ], [ -119.93257599925937, 38.968496400288963 ], [ -119.932503000278558, 38.968502100162972 ], [ -119.932431499843545, 38.968497600150016 ], [ -119.932294200021602, 38.968460099684606 ], [ -119.932230000150284, 38.968451099916486 ], [ -119.932155600382174, 38.968452199817492 ], [ -119.932084000516127, 38.968465799921781 ], [ -119.93202420042627, 38.968473699888769 ], [ -119.931955600067354, 38.968466900307178 ], [ -119.93187530013175, 38.96846690065825 ], [ -119.931802300510526, 38.968465800322519 ], [ -119.931733699590737, 38.968452199942178 ], [ -119.9316607001427, 38.96844649968979 ], [ -119.931551199865538, 38.968446499786054 ], [ -119.931251599778577, 38.968457900297494 ], [ -119.931104100153888, 38.968459499705304 ], [ -119.930824600492713, 38.968476500080897 ], [ -119.930224399870056, 38.968490100304891 ], [ -119.929582299571223, 38.9685010994694 ], [ -119.929472299079123, 38.968497799870207 ], [ -119.929205499892262, 38.968481899618041 ], [ -119.928861999731424, 38.968445399795954 ], [ -119.928105000078958, 38.968280899393768 ], [ -119.927717799792106, 38.968197600559897 ] ] ] } },
{ "type": "Feature", "properties": { "OBJECTID": 1231, "CLASS": "PED", "NAME": "Kahle Community Center", "MILES": 0.45313758, "ShapeSTLength": 729.25569747002476, "FROM_": "SR 207", "TO_": "Hwy 50", "WNTR_MAINT": "No", "MAINT_JURS": "Douglas County", "YR_OF_CONS": "2010", "IMPLEMENT": "Douglas County", "COUNTY": "Douglas County", "E_BIKE": "Yes", "GlobalID": "{6C852022-FAE8-46A9-981A-60081E17E311}", "created_user": "MBINDL", "created_date": "2024-01-25T04:41:45Z", "last_edited_user": "KRICHARDSON", "last_edited_date": "2024-02-09T06:21:15Z" }, "geometry": { "type": "LineString", "coordinates": [ [ -119.931551199865538, 38.968446499786054 ], [ -119.931578799381981, 38.968600399848683 ], [ -119.931593900986016, 38.968795700097267 ], [ -119.931659200091374, 38.969006500171879 ], [ -119.931709400770004, 38.969154899724231 ], [ -119.931739500064467, 38.969299400109797 ], [ -119.9316994010359, 38.969471199785325 ], [ -119.931634100451703, 38.969631300567336 ], [ -119.931603901120809, 38.969744499821836 ], [ -119.931588900003561, 38.969846100392743 ], [ -119.931593900508162, 38.970049099347513 ], [ -119.931588900524659, 38.970189699542281 ], [ -119.931588900018625, 38.970295100172869 ], [ -119.931609000123984, 38.970513799550858 ], [ -119.931634099884363, 38.970642599568642 ], [ -119.931679301005019, 38.970787099211982 ], [ -119.931719500365858, 38.970982299575411 ], [ -119.931729500344517, 38.971169800017279 ], [ -119.931754600633198, 38.971361099525161 ], [ -119.931754600066711, 38.971509500364029 ], [ -119.931799800471367, 38.9715876005762 ], [ -119.931840000685128, 38.971622700490833 ], [ -119.93189020001617, 38.971669600039647 ], [ -119.932000699473278, 38.971700800517588 ], [ -119.932131300915756, 38.971716399812259 ], [ -119.932286999889371, 38.971712500618509 ], [ -119.932387400282366, 38.971681300342034 ], [ -119.932522999510496, 38.971607100656222 ], [ -119.932673699981081, 38.97152509930779 ], [ -119.932824399692151, 38.971431399066702 ], [ -119.932995100048416, 38.971329799848306 ], [ -119.933080499227813, 38.971232199533894 ], [ -119.933137300154826, 38.971165799770752 ], [ -119.933193064808833, 38.971024405178831 ], [ -119.933318799534106, 38.970822328969895 ], [ -119.933292440907195, 38.970692624122059 ], [ -119.933343537509089, 38.970509424384268 ], [ -119.93344849186046, 38.970351673661916 ], [ -119.933569487581664, 38.970277589472055 ], [ -119.933632143586749, 38.970300531196763 ], [ -119.933635488577437, 38.970433703537722 ], [ -119.933701590364478, 38.97053481140118 ], [ -119.93377272741229, 38.970636639018799 ], [ -119.933974209657592, 38.970696359153173 ], [ -119.934147993202814, 38.970672538257475 ], [ -119.934276313871266, 38.970596061358926 ], [ -119.934413128081886, 38.970480770313067 ], [ -119.934506013687269, 38.970435301710971 ] ] } },
{ "type": "Feature", "properties": { "OBJECTID": 1232, "CLASS": "1", "NAME": "Tahoe East Shore Trail", "MILES": 2.67405396, "ShapeSTLength": 4303.4813004765692, "FROM_": "Lakeshore Blvd", "TO_": "Sand Harbor State Park", "WNTR_MAINT": "No", "MAINT_JURS": "Washoe County", "YR_OF_CONS": "2018", "IMPLEMENT": "NDOT", "COUNTY": "Washoe County", "E_BIKE": "Yes", "GlobalID": "{E6076DB4-D2FF-45AB-9BBD-A979FFCE6058}", "created_user": "MBINDL", "created_date": "2024-01-25T04:41:45Z", "last_edited_user": "KRICHARDSON", "last_edited_date": "2024-02-09T06:21:15Z" }, "geometry": { "type": "LineString", "coordinates": [ [ -119.929958800509567, 39.235068199792657 ], [ -119.930223099682493, 39.234667500554146 ], [ -119.930356300070372, 39.234480000489924 ], [ -119.930590499455406, 39.23415020047107 ], [ -119.930754200184722, 39.233952899728756 ], [ -119.930955299804893, 39.233797100295746 ], [ -119.931180599554835, 39.233535300108876 ], [ -119.931668799645593, 39.232803999620749 ], [ -119.931813599394317, 39.232579599836377 ], [ -119.931936999260813, 39.232313699730767 ], [ -119.932010399593366, 39.232107600524593 ], [ -119.932022799636101, 39.232072699227274 ], [ -119.93207109901266, 39.231839999451587 ], [ -119.932087199638616, 39.2315533003813 ], [ -119.932081799954744, 39.231262400497798 ], [ -119.93204709939647, 39.231035699358344 ], [ -119.931961300335416, 39.230682500168584 ], [ -119.931875499645983, 39.230408200868169 ], [ -119.931752099597333, 39.230300199611641 ], [ -119.931601899482246, 39.230171400175081 ], [ -119.931591199256275, 39.229976099874079 ], [ -119.931526799697522, 39.229822300534224 ], [ -119.931529299067876, 39.229670900236059 ], [ -119.931687698832846, 39.229340300567621 ], [ -119.93167159981779, 39.229115900428354 ], [ -119.931505299602179, 39.228825000955524 ], [ -119.93145699958086, 39.228604800016306 ], [ -119.931456999438851, 39.228309699464333 ], [ -119.931585799755794, 39.22786509916488 ], [ -119.931666299698321, 39.227457900037855 ], [ -119.931634099286853, 39.226231999359534 ], [ -119.93159909934343, 39.22576480015497 ], [ -119.931706300251108, 39.225382400523266 ], [ -119.931896900177207, 39.22494369985241 ], [ -119.9318754988157, 39.224831499964033 ], [ -119.931650199903586, 39.224740100056451 ], [ -119.931387300078526, 39.224648700091244 ], [ -119.931145898834416, 39.224536500341735 ], [ -119.93095279895573, 39.224216500712004 ], [ -119.930636299896804, 39.223776000189545 ], [ -119.930309100164521, 39.223289799848047 ], [ -119.930064900041828, 39.223021999525223 ], [ -119.929737599690938, 39.222743499774353 ], [ -119.929309800157156, 39.222456800087684 ], [ -119.929123400034499, 39.222323899415478 ], [ -119.928788200206668, 39.222098099425764 ], [ -119.9286421001066, 39.222015999557506 ], [ -119.928548200328606, 39.22198589986256 ], [ -119.928458300681399, 39.22199730014389 ], [ -119.928369799837398, 39.222020200457145 ], [ -119.928296100439724, 39.22206169914098 ], [ -119.928221000754746, 39.222073199796327 ], [ -119.928157900624427, 39.22205339947088 ], [ -119.928128400094565, 39.22201290007898 ], [ -119.928129800484214, 39.221951599784028 ], [ -119.928173999270911, 39.221923599943004 ], [ -119.928271900236126, 39.221910000423485 ], [ -119.928391300992956, 39.221925599653829 ], [ -119.928442100523029, 39.221909399257775 ], [ -119.928623099416569, 39.221727399704079 ], [ -119.92863130059348, 39.221644099303951 ], [ -119.928603200129118, 39.221586899378842 ], [ -119.928436900006972, 39.221458099930672 ], [ -119.928278499553443, 39.221351400057323 ], [ -119.928157900464271, 39.221249299305903 ], [ -119.928065400187592, 39.221153700096551 ], [ -119.927939300960404, 39.221031099473699 ], [ -119.927811901076367, 39.220887700031732 ], [ -119.927724800317577, 39.220743299582594 ], [ -119.927671100814337, 39.22058120012364 ], [ -119.927600000273088, 39.220322500057009 ], [ -119.927554300699228, 39.219954900514963 ], [ -119.927549099914273, 39.219441399933878 ], [ -119.927514199337637, 39.219185800370568 ], [ -119.92742299985072, 39.218919900643414 ], [ -119.927296800830476, 39.218400600247044 ], [ -119.927280700067669, 39.218018301078061 ], [ -119.927312900500851, 39.217690000586337 ], [ -119.927409400875462, 39.217394900026889 ], [ -119.927570400469264, 39.217025000094239 ], [ -119.927876100138917, 39.216650899409757 ], [ -119.928407200643178, 39.21606490028919 ], [ -119.928680800311611, 39.215749000221223 ], [ -119.928852499469073, 39.215478900086225 ], [ -119.928900700128224, 39.215233700279256 ], [ -119.928900700438547, 39.214980100212159 ], [ -119.928761300426402, 39.214626900145021 ], [ -119.928514500043036, 39.214236200350513 ], [ -119.928434000486305, 39.213982600879916 ], [ -119.928423300775506, 39.213583600219245 ], [ -119.92846089966784, 39.213093200230233 ], [ -119.928434000580239, 39.21256950015362 ], [ -119.928364299343315, 39.211646799753304 ], [ -119.928391099752446, 39.211359999247925 ], [ -119.92849840072023, 39.211044100042557 ], [ -119.92876130005277, 39.210682499248691 ], [ -119.928981200343685, 39.210378999839236 ], [ -119.929270899665696, 39.210208599471315 ], [ -119.929458600427793, 39.210079800047353 ], [ -119.929743000145791, 39.209855300070856 ], [ -119.929882400061558, 39.209664100105186 ], [ -119.929935599794902, 39.209559399627594 ], [ -119.929925299719642, 39.209423000026277 ], [ -119.929828799668186, 39.20911960061369 ], [ -119.9296088005364, 39.208741300245819 ], [ -119.929453300051108, 39.208479500665888 ], [ -119.92932450038073, 39.208101200479518 ], [ -119.929292299800395, 39.207768699936985 ], [ -119.929303100183034, 39.207211700145166 ], [ -119.929319200408329, 39.206850100201898 ], [ -119.929362100065021, 39.206683799812808 ], [ -119.929447899717218, 39.20646349967091 ], [ -119.929576699638034, 39.206313799497821 ], [ -119.929930700303629, 39.205993799779016 ], [ -119.930091600361393, 39.205814999924648 ], [ -119.930268699742115, 39.205573899669226 ], [ -119.930429599529987, 39.205245600120293 ], [ -119.930520799118753, 39.204888100054227 ], [ -119.930558299543563, 39.204484899299921 ], [ -119.930574399885103, 39.204114900421743 ], [ -119.930569099827594, 39.20351210012587 ], [ -119.930542299543589, 39.203192099853354 ], [ -119.930483200296621, 39.203000800580277 ], [ -119.930338400727791, 39.202722300753003 ], [ -119.929952200463347, 39.202111201069954 ], [ -119.929649100017528, 39.201541700465036 ], [ -119.92943180061485, 39.201148898932402 ], [ -119.92924140052267, 39.200810099578284 ], [ -119.929118000278223, 39.200589799605353 ], [ -119.929025800009754, 39.200424400227931 ] ] } },
{ "type": "Feature", "properties": { "OBJECTID": 1233, "CLASS": "1", "NAME": "West Shore Tahoe Trail", "MILES": 2.32611132, "ShapeSTLength": 3743.5207885938557, "FROM_": "Fremont Way", "TO_": "Sugar Pine Point State Park", "WNTR_MAINT": "No", "MAINT_JURS": "TCPUD", "YR_OF_CONS": "Before 2006", "IMPLEMENT": "Placer County", "COUNTY": "Placer County", "E_BIKE": "Yes", "GlobalID": "{0B4BA63E-AA4F-41F0-8368-5F9C7225FF6E}", "created_user": "MBINDL", "created_date": "2024-01-25T04:41:45Z", "last_edited_user": "KRICHARDSON", "last_edited_date": "2024-02-09T06:21:15Z" }, "geometry": { "type": "LineString", "coordinates": [ [ -120.145294700097992, 39.073892700034101 ], [ -120.14514980019996, 39.073782299505602 ], [ -120.144986199666846, 39.073588699926333 ], [ -120.144916500257111, 39.073434599817745 ], [ -120.144790400506963, 39.073276299622151 ], [ -120.144602000027106, 39.073088199852172 ], [ -120.144457800105783, 39.072936899811609 ], [ -120.144262000684193, 39.072739100248953 ], [ -120.143956200720865, 39.072441299646485 ], [ -120.143779200664966, 39.07224350063931 ], [ -120.143570000728673, 39.072010299716673 ], [ -120.143466799994044, 39.071924900240397 ], [ -120.14326960086332, 39.07174579969233 ], [ -120.142977201133306, 39.071491800380542 ], [ -120.14275999891268, 39.071323100301932 ], [ -120.142470298873747, 39.071137799520478 ], [ -120.142231599514815, 39.071050300214601 ], [ -120.141915099878318, 39.070946200345354 ], [ -120.141552899656901, 39.070798000548152 ], [ -120.141206999824504, 39.07069010007887 ], [ -120.140611499515614, 39.070506800462006 ], [ -120.140274200031158, 39.070365100532406 ], [ -120.139876599798441, 39.070213200661662 ], [ -120.139664700658102, 39.070154900559757 ], [ -120.139391100834459, 39.070046600213836 ], [ -120.139096099512685, 39.069907100200631 ], [ -120.138727600465856, 39.069725699567257 ], [ -120.138337000767393, 39.06953849920621 ], [ -120.138007100434905, 39.069396899743239 ], [ -120.137784500334433, 39.069294799631521 ], [ -120.137532300124207, 39.069142799472054 ], [ -120.137312400053844, 39.069044899894209 ], [ -120.136867200390242, 39.068861699134217 ], [ -120.136594600447125, 39.068774199543654 ], [ -120.136314601040112, 39.068707599229583 ], [ -120.135802300212916, 39.068601399432119 ], [ -120.135370498850349, 39.068518099684042 ], [ -120.135251400176045, 39.068496299740296 ], [ -120.134903799409983, 39.068432699722358 ], [ -120.134421000110734, 39.068366099952044 ], [ -120.134029399939109, 39.0683389995352 ], [ -120.133859699245306, 39.068357399941711 ], [ -120.133425899454693, 39.068361899658484 ], [ -120.133055700675641, 39.068336899930287 ], [ -120.132720499927018, 39.068353600335222 ], [ -120.132358399648183, 39.068343199315798 ], [ -120.131682400470226, 39.068363999818978 ], [ -120.131213100710454, 39.068384799176975 ], [ -120.130859000437411, 39.068368199533879 ], [ -120.13045130085348, 39.068316099948305 ], [ -120.130159000444024, 39.068249499979991 ], [ -120.129829001158853, 39.068139100002071 ], [ -120.12953399985949, 39.068012099313975 ], [ -120.129268500594407, 39.067901699327429 ], [ -120.129029699592508, 39.067770500061577 ], [ -120.128796399769627, 39.06761640010221 ], [ -120.128494999494478, 39.06737989988072 ], [ -120.128353799600774, 39.067279000533318 ], [ -120.128179499471031, 39.06708539981306 ], [ -120.127954200102195, 39.066879200501347 ], [ -120.127739599762307, 39.066662599756363 ], [ -120.127594500158366, 39.066538700046998 ], [ -120.127284799641757, 39.066242600060157 ], [ -120.126972499494343, 39.06596289984352 ], [ -120.12680079940273, 39.065773400813264 ], [ -120.126764100747209, 39.065740300778586 ], [ -120.126401199885549, 39.065431800305277 ], [ -120.126344100463669, 39.065385999876909 ], [ -120.126068599732704, 39.065156900637646 ], [ -120.125851300201603, 39.064986200553513 ], [ -120.125658200259878, 39.064796700854579 ], [ -120.125500000212995, 39.064680000576502 ], [ -120.12528300007115, 39.064508000550958 ], [ -120.125092800118821, 39.06436799972257 ], [ -120.124979600141813, 39.06423440110909 ], [ -120.124891100034716, 39.064021900171255 ], [ -120.124740900193885, 39.063919899714783 ], [ -120.124448500053262, 39.063749099753863 ], [ -120.124333200197228, 39.06359079945338 ], [ -120.124172300461524, 39.063340899947448 ], [ -120.123989900605437, 39.063130599720829 ], [ -120.123788699703994, 39.062968099433007 ], [ -120.123643900153368, 39.06277650043458 ], [ -120.123595599961689, 39.062595399498917 ], [ -120.123601001129558, 39.062334999900244 ], [ -120.123531200900501, 39.062157999683258 ], [ -120.123381000772198, 39.061933099879845 ], [ -120.123139600974937, 39.061683199947147 ], [ -120.12285260070901, 39.061370800469128 ], [ -120.122660800345969, 39.061142799652806 ], [ -120.122632700454588, 39.061108399883551 ], [ -120.122353700371448, 39.060764699835865 ], [ -120.122139099744786, 39.060485599690971 ], [ -120.121975499409714, 39.060217000130507 ], [ -120.121822599554164, 39.05982329947426 ], [ -120.12169119904884, 39.059590099838154 ], [ -120.121586599873808, 39.059296399761514 ], [ -120.121457899950528, 39.058988200802496 ], [ -120.121331799904141, 39.058811100410288 ], [ -120.121135999442131, 39.058569500300806 ], [ -120.120968699540356, 39.058221199900771 ], [ -120.120722899688047, 39.057969699923824 ], [ -120.120578099700779, 39.057674000249634 ], [ -120.120473500373791, 39.057478199832268 ], [ -120.120301799355431, 39.057319900101199 ], [ -120.120129200034739, 39.05708369956885 ], [ -120.120013299745153, 39.056950599793858 ], [ -120.119910200259355, 39.056736700132731 ], [ -120.119810999933151, 39.056520099491337 ], [ -120.119824399600006, 39.056220200002024 ], [ -120.119778800304388, 39.055924399855286 ], [ -120.119591099458859, 39.055430799488697 ], [ -120.119502499005392, 39.055310000008689 ], [ -120.119178000388658, 39.055045500285694 ], [ -120.118601299707251, 39.054737200371548 ], [ -120.11839479954844, 39.05461850002763 ], [ -120.118217800125194, 39.054476800325439 ], [ -120.11812390075292, 39.05429150018076 ], [ -120.118115800112207, 39.054124800022826 ], [ -120.118078300465484, 39.053929000167066 ], [ -120.11798170084414, 39.053810300808358 ], [ -120.117659899644025, 39.053614500693506 ], [ -120.117490900517907, 39.053447900800499 ], [ -120.117450100151473, 39.053349999924514 ], [ -120.117445300354689, 39.053225000697346 ], [ -120.117536499937387, 39.053014600543669 ], [ -120.117670600803635, 39.052772999655943 ], [ -120.117823499761116, 39.052587699806878 ], [ -120.117936099724162, 39.052468899593599 ], [ -120.117981700124631, 39.052312699468011 ], [ -120.11794950030864, 39.052214799746054 ], [ -120.117783700803585, 39.052149899851081 ], [ -120.117789200297537, 39.052138599967364 ] ] } },
{ "type": "Feature", "properties": { "OBJECTID": 1234, "CLASS": "1", "NAME": "West Shore Tahoe Trail", "MILES": 1.20082442, "ShapeSTLength": 1932.5434337217744, "FROM_": "Sugar Pine Point", "TO_": "Meeks Bay", "WNTR_MAINT": "No", "MAINT_JURS": "El Dorado County", "YR_OF_CONS": "2018", "IMPLEMENT": "TTD", "COUNTY": "El Dorado County", "E_BIKE": "Yes", "GlobalID": "{698A4DF5-64A0-412F-8BE1-FE542367B4FE}", "created_user": "MBINDL", "created_date": "2024-01-25T04:41:45Z", "last_edited_user": "KRICHARDSON", "last_edited_date": "2024-02-09T06:21:15Z" }, "geometry": { "type": "LineString", "coordinates": [ [ -120.117789200297537, 39.052138599967364 ], [ -120.11787440007042, 39.051964800217355 ], [ -120.118054099924422, 39.051548299771397 ], [ -120.118056800388658, 39.051498299565509 ], [ -120.118028400458442, 39.05145270043694 ], [ -120.117987100500372, 39.051379499701909 ], [ -120.118011199872498, 39.051231700115991 ], [ -120.118070199800854, 39.050948400328778 ], [ -120.118089000211967, 39.050698400566063 ], [ -120.118081000807251, 39.050494300562491 ], [ -120.118019300969564, 39.050319300100625 ], [ -120.117909300430654, 39.050081900355153 ], [ -120.11786100038232, 39.049873600057317 ], [ -120.117724200594779, 39.049656900160045 ], [ -120.117543399504072, 39.049455300765878 ], [ -120.117362100374351, 39.049300699956007 ], [ -120.11725220019089, 39.049129900430756 ], [ -120.117249499974761, 39.048952900511331 ], [ -120.117332600048243, 39.048702900426399 ], [ -120.117464100171247, 39.048180100534552 ], [ -120.117611600107949, 39.047869700114624 ], [ -120.117678599719341, 39.047694700652208 ], [ -120.117753699861794, 39.047246800005553 ], [ -120.117874400459257, 39.04657819973788 ], [ -120.117938800411878, 39.046459400030884 ], [ -120.11808360009617, 39.046344900234551 ], [ -120.118292899785118, 39.046215699877372 ], [ -120.118622800687447, 39.046001199989639 ], [ -120.118866900682633, 39.045921999906064 ], [ -120.119049199994279, 39.045894899802413 ], [ -120.119306700287595, 39.045859499861976 ], [ -120.119403899120741, 39.045797400437735 ], [ -120.119549599803435, 39.045706800056969 ], [ -120.119714699733294, 39.045565800200066 ], [ -120.11989559932573, 39.045421399614689 ], [ -120.120002900188311, 39.045313099361401 ], [ -120.120094099774732, 39.045175599607589 ], [ -120.120126299472929, 39.045042300308651 ], [ -120.120120900174456, 39.04490059987566 ], [ -120.12011020007435, 39.044313200049601 ], [ -120.120136999696967, 39.044104900479695 ], [ -120.120167499412304, 39.043928300115724 ], [ -120.120249700040262, 39.043704900304746 ], [ -120.120351600151764, 39.043463199988395 ], [ -120.120491100255094, 39.04326330026035 ], [ -120.120652000054307, 39.043079900980779 ], [ -120.120802200108713, 39.042934100710376 ], [ -120.121059699641648, 39.042717500295737 ], [ -120.121306499943401, 39.042530000481591 ], [ -120.121617599876544, 39.042292500444042 ], [ -120.12170339943242, 39.042200800603297 ], [ -120.121805899814206, 39.042021000490443 ], [ -120.12183220048496, 39.041904998895312 ], [ -120.121861700142517, 39.041694599722199 ], [ -120.12190730042478, 39.041500799797397 ], [ -120.121907300230589, 39.041409199765731 ], [ -120.12187510045824, 39.04131959910773 ], [ -120.121816099526285, 39.041261299310314 ], [ -120.121706099884591, 39.041240399953921 ], [ -120.121636399366139, 39.041261299920734 ], [ -120.121537199839594, 39.041346700362887 ], [ -120.121515698947903, 39.041411300220453 ], [ -120.121518400034148, 39.041484199567854 ], [ -120.121577400348556, 39.041619599657963 ], [ -120.121574699244135, 39.041682099008966 ], [ -120.121558599221316, 39.041732099073066 ], [ -120.121521100574725, 39.041771699535204 ], [ -120.121451300151278, 39.041798799557377 ], [ -120.121376199878426, 39.04181129939996 ], [ -120.121311799998836, 39.041800798863548 ], [ -120.121255499476277, 39.041754999602041 ], [ -120.121239399684853, 39.041686299874719 ], [ -120.121255500092815, 39.041594599369596 ], [ -120.12131719899611, 39.041452899553121 ], [ -120.121443299824492, 39.041236300162247 ], [ -120.12159079956983, 39.041084199697721 ], [ -120.121781199982308, 39.040959199739348 ], [ -120.122035999452478, 39.040844599601364 ], [ -120.122186199672697, 39.040773800306177 ], [ -120.12224259965393, 39.040725899753895 ], [ -120.122261300280414, 39.040652999145195 ], [ -120.122288198727901, 39.040559200251572 ], [ -120.122363298941181, 39.040496700264235 ], [ -120.122500099096925, 39.040432100247429 ], [ -120.122620799051987, 39.040377999760238 ], [ -120.122913099102703, 39.040175899993727 ], [ -120.123208201290055, 39.03994669951247 ], [ -120.123444200549017, 39.039796700011593 ], [ -120.123594401026367, 39.039630099710166 ], [ -120.123605100467984, 39.03956339951808 ], [ -120.123589000411229, 39.039417599858467 ], [ -120.12350860112879, 39.039296699460223 ], [ -120.12326180015917, 39.039113399465904 ], [ -120.123111599059015, 39.038959200429872 ], [ -120.123025799080295, 39.038778000267222 ] ] } },
{ "type": "Feature", "properties": { "OBJECTID": 1235, "CLASS": "1", "NAME": "Lake Tahoe Boulevard Class 1 B", "MILES": 0.62126511, "ShapeSTLength": 999.83127405691755, "FROM_": "Viking Way", "TO_": "Intersection of Hwy89 and Hwy50", "WNTR_MAINT": "Yes", "MAINT_JURS": "City of South Lake Tahoe", "YR_OF_CONS": "2022", "IMPLEMENT": "City of South Lake Tahoe", "COUNTY": "El Dorado County", "E_BIKE": null, "GlobalID": "{DAEBED79-AB40-4F4E-9EDD-92DD2EFA93E5}", "created_user": "MBINDL", "created_date": "2024-01-25T04:41:45Z", "last_edited_user": "KRICHARDSON", "last_edited_date": "2024-02-09T06:21:15Z" }, "geometry": { "type": "LineString", "coordinates": [ [ -120.012708624142874, 38.907154376874949 ], [ -120.010659386950508, 38.909879405185123 ], [ -120.01048592746325, 38.910071862468818 ], [ -120.010310352521373, 38.910262282401369 ], [ -120.01022988405775, 38.910314163342001 ], [ -120.010148962671067, 38.910422907500951 ], [ -120.009528661368435, 38.910932481985995 ], [ -120.009357120320217, 38.911032867249304 ], [ -120.009137245449551, 38.911166334994057 ], [ -120.00869260421301, 38.911458822668884 ], [ -120.008397558098551, 38.911588192790305 ], [ -120.008135873648385, 38.91174361478496 ], [ -120.007936443178082, 38.911876830705999 ], [ -120.007476347830661, 38.912117306207506 ], [ -120.006702242896367, 38.912582441333029 ], [ -120.00648418766481, 38.912666526110485 ], [ -120.005852821599589, 38.912913483098478 ], [ -120.00555516409878, 38.913020040408377 ], [ -120.005416961593568, 38.913067639416781 ], [ -120.00514520093742, 38.913114447906224 ], [ -120.00490876207391, 38.913178571484508 ], [ -120.004714835652351, 38.913260394109663 ] ] } },
{ "type": "Feature", "properties": { "OBJECTID": 1236, "CLASS": "1", "NAME": "SAN BERNADINO BIKE PATH", "MILES": 0.24626731, "ShapeSTLength": 396.3296088038415, "FROM_": "W SAN BERNADINO", "TO_": "LTEMS", "WNTR_MAINT": "YES", "MAINT_JURS": "EL DORADO COUNTY", "YR_OF_CONS": "2023", "IMPLEMENT": "EL DORADO COUNTY", "COUNTY": "EL DORADO COUNTY", "E_BIKE": "YES", "GlobalID": "{C851632C-06DD-4945-853C-C78BAB7636F0}", "created_user": "MBINDL", "created_date": "2024-01-25T04:41:45Z", "last_edited_user": "KRICHARDSON", "last_edited_date": "2024-02-09T06:21:15Z" }, "geometry": { "type": "LineString", "coordinates": [ [ -120.030163368089859, 38.85626868745566 ], [ -120.029913678699472, 38.856171340221863 ], [ -120.029885691115112, 38.856161596386876 ], [ -120.029856725039735, 38.856153797003493 ], [ -120.029826999208211, 38.856148001692119 ], [ -120.029796741123604, 38.856144253179593 ], [ -120.029766179964312, 38.85614258162289 ], [ -120.029749247490656, 38.85614255424349 ], [ -120.029618309651198, 38.856144806970967 ], [ -120.029557169630976, 38.856147949770246 ], [ -120.029520478988218, 38.85615186534887 ], [ -120.029279303419131, 38.856182684407017 ], [ -120.029249313527444, 38.85618757588373 ], [ -120.029219982474416, 38.856194492226372 ], [ -120.029191533678159, 38.856203380564764 ], [ -120.029164184213599, 38.856214174354037 ], [ -120.029156210811522, 38.856217778560449 ], [ -120.02885587752327, 38.856357679477227 ], [ -120.02882478731523, 38.856371338292782 ], [ -120.028579399964698, 38.856475096136457 ], [ -120.028535208163362, 38.856493152779073 ], [ -120.02839557332463, 38.856542395107141 ], [ -120.027976665325497, 38.856690122781764 ], [ -120.027586256802238, 38.856860790087659 ], [ -120.026557986614151, 38.857356224039165 ], [ -120.026450086624877, 38.857404182525734 ], [ -120.026311357676633, 38.857454972407979 ], [ -120.026080239507607, 38.857530159778165 ] ] } },
{ "type": "Feature", "properties": { "OBJECTID": 1237, "CLASS": "PED", "NAME": "US HIGHWAY 50 SIDEWALKS - WEST", "MILES": 0.29476932, "ShapeSTLength": 474.38618017423346, "FROM_": "TROUT CREEK", "TO_": "LAKEVIEW AVE", "WNTR_MAINT": "NO", "MAINT_JURS": "CITY OF SOUTH LAKE TAHOE", "YR_OF_CONS": "2012", "IMPLEMENT": "CITY OF SOUTH LAKE TAHOE", "COUNTY": "CITY OF SOUTH LAKE TAHOE", "E_BIKE": null, "GlobalID": "{70DD2BB4-6054-4719-B8C7-487EE993A62D}", "created_user": "MBINDL", "created_date": "2024-01-25T04:41:45Z", "last_edited_user": "KRICHARDSON", "last_edited_date": "2024-02-09T06:21:15Z" }, "geometry": { "type": "LineString", "coordinates": [ [ -119.977308133682811, 38.940113653364854 ], [ -119.977296252899961, 38.940750572460921 ], [ -119.977286885692209, 38.941506528556587 ], [ -119.977263277706754, 38.942276011513933 ], [ -119.977256408476805, 38.942641016489311 ], [ -119.97720184563407, 38.942852830335639 ], [ -119.977130897091115, 38.943093790756471 ], [ -119.977015871319125, 38.943339839012324 ], [ -119.976906005008118, 38.943504518377971 ], [ -119.976816051093493, 38.943640901039565 ], [ -119.976658959355348, 38.943853282580385 ], [ -119.976501588051804, 38.944023428852837 ], [ -119.976310323146365, 38.944190457399905 ] ] } },
{ "type": "Feature", "properties": { "OBJECTID": 1238, "CLASS": "PED", "NAME": "Y TO TROUT CREEK SIDEWALK So.", "MILES": 2.07973097, "ShapeSTLength": 3347.0092528541927, "FROM_": "SOUTH TAHOE Y", "TO_": "TROUT CREEK", "WNTR_MAINT": "YES", "MAINT_JURS": "CITY OF SOUTH LAKE TAHOE", "YR_OF_CONS": "2019", "IMPLEMENT": "CALTRANS", "COUNTY": "EL DORADO COUNTY", "E_BIKE": null, "GlobalID": "{D8C059EB-2066-4B9F-8AA6-4151C99A4700}", "created_user": "MBINDL", "created_date": "2024-01-25T04:41:45Z", "last_edited_user": "KRICHARDSON", "last_edited_date": "2024-02-09T06:21:15Z" }, "geometry": { "type": "MultiLineString", "coordinates": [ [ [ -120.004005941271842, 38.913327055491592 ], [ -120.003885049586643, 38.913526657097137 ], [ -120.003804076736728, 38.91359687156838 ], [ -120.003581148055019, 38.913736649976869 ], [ -120.00325965800954, 38.913913233918265 ], [ -120.00274594103476, 38.91421929084099 ], [ -120.001988096876914, 38.914760459015952 ], [ -120.001702299932035, 38.914929300198175 ], [ -120.001638699192199, 38.914973599713576 ], [ -120.001523498973413, 38.915053800082255 ], [ -120.001234700010698, 38.915254900219416 ], [ -120.000949199320473, 38.915453599772135 ], [ -120.000647799268705, 38.915638599885781 ], [ -120.00042109949014, 38.915777700294356 ], [ -119.999997899974588, 38.916022199583381 ], [ -119.999920299489602, 38.916091199798394 ], [ -119.999819799379452, 38.916180399792559 ], [ -119.999486700182132, 38.916403699709569 ], [ -119.999208100196341, 38.91654219948721 ], [ -119.998999999682027, 38.916690299712322 ], [ -119.998925500521409, 38.91674330001949 ], [ -119.998841499709556, 38.916803099825103 ], [ -119.998822299494478, 38.916854499519566 ], [ -119.998552899948265, 38.917032599504964 ], [ -119.998348000541881, 38.917165100074996 ], [ -119.998215300493413, 38.917224300202484 ], [ -119.998043000061358, 38.917343999755786 ], [ -119.997527400447666, 38.917727299285623 ], [ -119.997037100730793, 38.918042199455286 ], [ -119.996117800678562, 38.918657000305899 ], [ -119.996084199834129, 38.918679500306276 ], [ -119.995704900650338, 38.918930400446698 ], [ -119.995404400248873, 38.91912100057074 ], [ -119.995199600723438, 38.919232000157699 ], [ -119.994953399195168, 38.919429000509723 ], [ -119.994878599334399, 38.919460300679432 ] ], [ [ -119.994878599334399, 38.919460300679432 ], [ -119.994807299474019, 38.919439700022401 ], [ -119.99477389999582, 38.919378800015082 ] ], [ [ -119.994878599334399, 38.919460300679432 ], [ -119.994711099503675, 38.919613800173011 ], [ -119.994681799414153, 38.919633399810174 ], [ -119.994182199622458, 38.91997019974005 ], [ -119.993926699689482, 38.920138400163772 ], [ -119.993200199646722, 38.920613799944164 ], [ -119.99289620016215, 38.920813600280844 ], [ -119.992455100199464, 38.921103599836194 ], [ -119.992394800289659, 38.92114260004449 ], [ -119.991568499586137, 38.921677500173963 ], [ -119.991151199536134, 38.92195579971105 ], [ -119.990808500194561, 38.922155799631746 ], [ -119.990408100476827, 38.922428000129123 ], [ -119.990290600613747, 38.922520999644 ], [ -119.990044799826279, 38.922683299294683 ] ], [ [ -119.98984090018692, 38.922696499847149 ], [ -119.989951600008482, 38.922706499889557 ], [ -119.990044799826279, 38.922683299294683 ] ], [ [ -119.977589699388886, 38.934253399165044 ], [ -119.977685799336996, 38.934022799543648 ], [ -119.977840400112356, 38.933623699915479 ], [ -119.977859500082758, 38.933574299617291 ], [ -119.97797900037628, 38.933265999782328 ], [ -119.978085299936794, 38.933119299980419 ], [ -119.978190099445044, 38.932922500190358 ], [ -119.978321399466537, 38.932644599586119 ], [ -119.978444099380681, 38.932403399479782 ], [ -119.978617699854965, 38.932072500148557 ], [ -119.978811499884415, 38.931706300278542 ], [ -119.979258199525844, 38.931039599916147 ], [ -119.979598999138048, 38.930575700088241 ], [ -119.979659799052655, 38.930497999857472 ], [ -119.979901798947225, 38.930201900528402 ], [ -119.980329099823706, 38.929700400473941 ], [ -119.980671100941649, 38.929329600180253 ], [ -119.981029800830726, 38.928967399359017 ], [ -119.981689800024739, 38.928367999667401 ], [ -119.98189300064611, 38.92819999981198 ], [ -119.98204540011605, 38.928037799304839 ], [ -119.98226029978035, 38.927896200043058 ], [ -119.982468900626586, 38.927751599625502 ], [ -119.982991399826801, 38.927386499779502 ], [ -119.982999200354371, 38.927381099882098 ], [ -119.983558800564069, 38.926985400129382 ], [ -119.983969599534547, 38.926709900278595 ], [ -119.984097699794319, 38.926593800025202 ], [ -119.984255399881036, 38.926489199904516 ], [ -119.984365500089723, 38.926436500143119 ], [ -119.984645999929356, 38.92625940044794 ], [ -119.984729900279248, 38.926196699734561 ], [ -119.985195399318542, 38.925895200205701 ], [ -119.986001500062969, 38.925356599793986 ], [ -119.986092599496374, 38.925295800278704 ], [ -119.986267899674914, 38.925187799963901 ], [ -119.986593699163066, 38.924966000190757 ], [ -119.986929499282823, 38.924731500430219 ], [ -119.987208899023415, 38.924556100116938 ], [ -119.987487399185341, 38.924375000312708 ], [ -119.987923500545108, 38.924092600034498 ], [ -119.988254500102542, 38.92386140019142 ], [ -119.988580900393885, 38.923651600015013 ], [ -119.988663500269055, 38.923598599521689 ], [ -119.988726100539793, 38.923558099476772 ], [ -119.988780600861517, 38.923522899175723 ], [ -119.989362800209932, 38.923135899693996 ], [ -119.989707900668122, 38.92289869930557 ], [ -119.989924199937505, 38.922759999817856 ], [ -119.990044799826279, 38.922683299294683 ] ] ] } },
{ "type": "Feature", "properties": { "OBJECTID": 1239, "CLASS": "PED", "NAME": "US HIGHWAY 50 SIDEWALKS - EAST", "MILES": 1.19726978, "ShapeSTLength": 1926.8227932393406, "FROM_": "TROUT CREEK", "TO_": "JOHNSON BLVD", "WNTR_MAINT": "YES", "MAINT_JURS": "CITY OF SOUTH LAKE TAHOE", "YR_OF_CONS": "2012", "IMPLEMENT": "CITY OF SOUTH LAKE TAHOE", "COUNTY": "CITY OF SOUTH LAKE TAHOE", "E_BIKE": null, "GlobalID": "{9BE6B6B4-BC23-4EF2-A6B0-41B38CB3711D}", "created_user": "MBINDL", "created_date": "2024-01-25T04:41:45Z", "last_edited_user": "KRICHARDSON", "last_edited_date": "2024-02-09T06:21:15Z" }, "geometry": { "type": "MultiLineString", "coordinates": [ [ [ -119.973000900844553, 38.945271600292358 ], [ -119.973189100289844, 38.945253200319343 ], [ -119.973322800381041, 38.945169399777967 ], [ -119.973529901050881, 38.945152499705671 ], [ -119.973697899917823, 38.945117599367002 ], [ -119.973917099978124, 38.945057499281688 ], [ -119.974189800938802, 38.944974699304723 ], [ -119.974495900743932, 38.944914699784455 ], [ -119.974825900223294, 38.94482069959718 ], [ -119.975107200260581, 38.944722799274814 ], [ -119.975395100574559, 38.944587600112925 ], [ -119.975647000477551, 38.944430699520872 ], [ -119.975915799893286, 38.94428219947347 ], [ -119.97616869950761, 38.944083799439611 ], [ -119.976384700487827, 38.943870600124782 ], [ -119.976596599742663, 38.943593400116022 ], [ -119.976787799841034, 38.943289899741593 ], [ -119.976921200285133, 38.943012999989321 ], [ -119.977005299385539, 38.9427022003267 ], [ -119.977034300346162, 38.942368099886686 ], [ -119.97702170008769, 38.94208000006919 ], [ -119.977079000338279, 38.941832300458351 ], [ -119.977071800443511, 38.941694300045548 ], [ -119.977064100332896, 38.941546600411733 ], [ -119.977066200085986, 38.941289999786108 ], [ -119.977062700050652, 38.941031399986748 ], [ -119.977038599718398, 38.940843700496544 ], [ -119.977047199447668, 38.940788900419754 ], [ -119.977051199811129, 38.940765100188017 ], [ -119.977080200438962, 38.940594500203375 ], [ -119.977081699971208, 38.940366400418789 ], [ -119.977079599759676, 38.940202100376879 ], [ -119.97709809995375, 38.940006000863086 ], [ -119.977101699555902, 38.939863000304683 ], [ -119.977103199702896, 38.93980549912844 ], [ -119.977104600030458, 38.939773499257534 ], [ -119.977110500332202, 38.939513199879727 ], [ -119.9771164999039, 38.939318799688586 ], [ -119.977108699754353, 38.939136400054174 ], [ -119.977107199813744, 38.939098299921291 ], [ -119.977106799621794, 38.939067599289942 ], [ -119.977109299842979, 38.938834399395056 ], [ -119.977109899454035, 38.938614299464057 ], [ -119.977114100114775, 38.938329899806497 ], [ -119.977089300346094, 38.937954900107862 ], [ -119.977079799725331, 38.937882599697872 ], [ -119.977066299472853, 38.93778009992986 ], [ -119.977142900415345, 38.937666399937029 ], [ -119.977129499594568, 38.937383899805418 ], [ -119.977118699587578, 38.93710480033279 ], [ -119.97714730018383, 38.936839000216942 ], [ -119.977168499925114, 38.936572600154236 ], [ -119.977224799354971, 38.936225500052601 ], [ -119.977233999851322, 38.936164900313713 ], [ -119.977241999669658, 38.936117599770313 ], [ -119.977280199361104, 38.935855900539607 ], [ -119.97732529951611, 38.935566600603359 ], [ -119.97738859985887, 38.935260000687663 ], [ -119.977450800293056, 38.935003300777787 ], [ -119.977517899325576, 38.934746400755976 ], [ -119.977565399493756, 38.934474600296632 ] ], [ [ -119.968797400622506, 38.945322100091666 ], [ -119.968796100353543, 38.945436100232889 ], [ -119.968801400124391, 38.945482000753586 ], [ -119.968802278651253, 38.945482365022073 ], [ -119.968838999554094, 38.945497600228116 ], [ -119.968863100644626, 38.945517500057932 ], [ -119.968907400609481, 38.945540400517423 ], [ -119.968991900028684, 38.945564400781969 ], [ -119.969064299621124, 38.945580000222016 ], [ -119.969199699772318, 38.945600899995064 ], [ -119.969363400179347, 38.945620700016043 ], [ -119.969513600441985, 38.945637400397516 ], [ -119.969724100132836, 38.945667700540298 ], [ -119.969887699584277, 38.945684299990198 ], [ -119.969968200166036, 38.945687500689722 ], [ -119.970031200000463, 38.945690600657514 ], [ -119.970067799526035, 38.94569150026792 ], [ -119.970087499371161, 38.945692000410084 ], [ -119.970157299469605, 38.945693700462144 ], [ -119.970194799874236, 38.945712500450966 ], [ -119.970222999627651, 38.945710400764106 ], [ -119.970241800392643, 38.945701000300637 ], [ -119.970310300204972, 38.94569940079726 ], [ -119.970370500117525, 38.945697900027767 ], [ -119.970399999688354, 38.945714600245758 ], [ -119.97044029986229, 38.945713500440455 ], [ -119.970543499224291, 38.945711500503968 ], [ -119.97072059986435, 38.94570210066216 ], [ -119.970795699670973, 38.945693700430056 ], [ -119.970838599299697, 38.945687500577463 ], [ -119.970911399308463, 38.945681199934008 ], [ -119.970984799495326, 38.945675000417701 ] ], [ [ -119.96862874714823, 38.945462196949769 ], [ -119.968627099668439, 38.945464500007674 ], [ -119.968603900590708, 38.945475700237253 ], [ -119.968588200067245, 38.945483299994535 ], [ -119.96854389997624, 38.945483300610455 ], [ -119.968466200471667, 38.94546560005935 ], [ -119.968399100341514, 38.945455100051795 ], [ -119.968332000644622, 38.94545720058553 ], [ -119.96827840040433, 38.9454645005613 ], [ -119.968254300208613, 38.945464500110695 ], [ -119.968198099631039, 38.945459300340936 ], [ -119.968130199856517, 38.945452999998366 ], [ -119.968067800362007, 38.945443700363583 ], [ -119.968018200137109, 38.945429100296245 ], [ -119.967971299896448, 38.945417600059045 ], [ -119.967927000281378, 38.945407200728106 ], [ -119.967871600735705, 38.945398800092846 ], [ -119.967811700548808, 38.94539260036229 ], [ -119.967748700499371, 38.945381100315103 ], [ -119.96769100044115, 38.945377899996089 ], [ -119.967640000335336, 38.945383200677242 ], [ -119.967595800620998, 38.945377900080139 ], [ -119.96756090066043, 38.945379000595295 ], [ -119.967518000691982, 38.945389400018563 ], [ -119.967494500391737, 38.945398300360708 ], [ -119.96745129976739, 38.945400600263497 ], [ -119.967337400629248, 38.945403800244549 ], [ -119.967299400559924, 38.94540480023992 ], [ -119.967264500689041, 38.945395700038482 ], [ -119.967202199797171, 38.94537430012506 ], [ -119.967120400523285, 38.945361800024095 ], [ -119.96700899992959, 38.945362300775919 ], [ -119.966929899806203, 38.945373800736611 ], [ -119.966864200046672, 38.945395200286391 ], [ -119.966802500564441, 38.945425400012979 ], [ -119.966752200620306, 38.945441600206742 ], [ -119.966695200788621, 38.945438400490779 ], [ -119.966648300161154, 38.945426400627213 ] ], [ [ -119.971246900051483, 38.945652000800429 ], [ -119.971375699439449, 38.945628300732061 ], [ -119.971499099966124, 38.945600100061483 ], [ -119.971641199878817, 38.945568800275083 ], [ -119.971765899591546, 38.945541700597239 ], [ -119.971946999670706, 38.945510400600192 ], [ -119.972149499707186, 38.945476000203868 ], [ -119.972280898946778, 38.945452999945786 ], [ -119.972332699981251, 38.945438500238573 ], [ -119.972390899411025, 38.94542510083803 ], [ -119.972482099372044, 38.945402700763879 ], [ -119.972551799866906, 38.945379800121373 ], [ -119.972618898989012, 38.945357900344121 ], [ -119.972699398864606, 38.945347400382474 ], [ -119.972738199356414, 38.945345400507414 ] ] ] } },
{ "type": "Feature", "properties": { "OBJECTID": 1241, "CLASS": "PED", "NAME": "Treehaven Drive", "MILES": 0.0341489, "ShapeSTLength": 54.957431723686973, "FROM_": null, "TO_": null, "WNTR_MAINT": null, "MAINT_JURS": null, "YR_OF_CONS": null, "IMPLEMENT": null, "COUNTY": null, "E_BIKE": null, "GlobalID": "{407427D0-FF19-459C-ADDC-3B4DCAFC08DD}", "created_user": "MBINDL", "created_date": "2024-01-25T04:41:45Z", "last_edited_user": "KRICHARDSON", "last_edited_date": "2024-02-09T06:21:15Z" }, "geometry": { "type": "LineString", "coordinates": [ [ -119.968657900618936, 38.944971199250794 ], [ -119.968656899866232, 38.945017599945224 ], [ -119.968651400283164, 38.945256200260296 ], [ -119.968647200612295, 38.945436400761579 ], [ -119.96862874714823, 38.945462196949769 ] ] } },
{ "type": "Feature", "properties": { "OBJECTID": 1242, "CLASS": "PED", "NAME": "SR 89 SIDEWALKS (EAST SIDE)", "MILES": 1.17236287, "ShapeSTLength": 1886.7389255261705, "FROM_": "SOUTH TAHOE Y", "TO_": "15TH STREET", "WNTR_MAINT": "NO", "MAINT_JURS": "CITY OF SOUTH LAKE TAHOE", "YR_OF_CONS": "2016", "IMPLEMENT": "CITY OF SOUTH LAKE TAHOE", "COUNTY": "CITY OF SOUTH LAKE TAHOE", "E_BIKE": null, "GlobalID": "{F36AD7CD-D9CC-44D9-A5E8-8F560F74D0B5}", "created_user": "MBINDL", "created_date": "2024-01-25T04:41:45Z", "last_edited_user": "KRICHARDSON", "last_edited_date": "2024-02-09T06:21:15Z" }, "geometry": { "type": "MultiLineString", "coordinates": [ [ [ -120.009386500167309, 38.917127499657141 ], [ -120.009327000872815, 38.917078900036458 ], [ -120.00887029888041, 38.916814800286915 ], [ -120.008182699399427, 38.91644499967682 ], [ -120.00769699937706, 38.916182600234258 ], [ -120.007378799903677, 38.91598679996725 ], [ -120.006932499227233, 38.915693799714994 ], [ -120.006880699340101, 38.915656899871941 ], [ -120.006568599724147, 38.915434200324036 ], [ -120.006270499565829, 38.915211399816755 ], [ -120.005874799994217, 38.914912299836381 ], [ -120.005651499647556, 38.914715400331396 ], [ -120.005615699689457, 38.914673699943499 ], [ -120.005498599893883, 38.914569299825494 ], [ -120.005059799521518, 38.914203600652115 ], [ -120.004965000113003, 38.914109400377313 ], [ -120.004774399667895, 38.913934300704781 ], [ -120.00464210022362, 38.9138618999363 ], [ -120.004413683693741, 38.913809172622685 ], [ -120.004252230140338, 38.913812506193317 ], [ -120.0040396885707, 38.913904857495915 ] ], [ [ -120.009386500167309, 38.917127499657141 ], [ -120.009348099983725, 38.917156700225256 ] ], [ [ -120.011779200409123, 38.918497599212785 ], [ -120.011764400249064, 38.918469499727486 ], [ -120.011740300063579, 38.918446499738359 ], [ -120.011575300446964, 38.918318199448322 ], [ -120.011450600362281, 38.918226299442004 ], [ -120.011370099675077, 38.918169999783593 ], [ -120.011176999725166, 38.918048999537518 ], [ -120.010971800305398, 38.917929999694287 ], [ -120.010877999735484, 38.91787679936931 ], [ -120.010721000891309, 38.917794399557152 ], [ -120.009692400012426, 38.917246600182409 ], [ -120.009431200576742, 38.917124199864823 ], [ -120.009403300224818, 38.917125999799097 ], [ -120.009386500167309, 38.917127499657141 ] ], [ [ -120.011760399601272, 38.91854559972424 ], [ -120.011775200191963, 38.918518500027268 ], [ -120.011779200409123, 38.918497599212785 ] ], [ [ -120.011887099828598, 38.91859099997631 ], [ -120.011833600245453, 38.918549399352422 ], [ -120.011779200409123, 38.918497599212785 ] ], [ [ -120.011887099828598, 38.91859099997631 ], [ -120.011848199734786, 38.918589999812085 ] ], [ [ -120.014811699640759, 38.920441800149483 ], [ -120.014806399605206, 38.920426699851241 ], [ -120.014795699116618, 38.920414100036652 ], [ -120.014776199128434, 38.920405800169256 ], [ -120.01457069990731, 38.920341899873307 ], [ -120.014331999330651, 38.920260500037067 ], [ -120.014109299915674, 38.920174900398052 ], [ -120.013967199370342, 38.9201092004364 ], [ -120.013870999305368, 38.920057300479549 ], [ -120.013747599967488, 38.919985299851277 ], [ -120.013631899597158, 38.919912999826899 ], [ -120.013574199658578, 38.919876500471403 ], [ -120.013516199852972, 38.919845500537683 ], [ -120.013465099503705, 38.919811400707012 ], [ -120.013401599485832, 38.919763100672846 ], [ -120.013346299573968, 38.919725200519764 ], [ -120.01310749934396, 38.91953739990447 ], [ -120.013001599712382, 38.919454999944421 ], [ -120.012811200428004, 38.919296399979004 ], [ -120.012713299815246, 38.919219200045156 ], [ -120.012356500261987, 38.918936400510539 ], [ -120.012268000513444, 38.918863399509426 ], [ -120.012053399770949, 38.918696399246528 ], [ -120.011925999557874, 38.918598300026346 ], [ -120.011887099828598, 38.91859099997631 ] ], [ [ -120.017070799928263, 38.920881600310182 ], [ -120.017044600751589, 38.920864899875923 ], [ -120.016253700802864, 38.920700300327439 ], [ -120.016109501073672, 38.920670600090595 ], [ -120.015583199103418, 38.920565700076757 ], [ -120.01540079992094, 38.920527600039541 ], [ -120.015027299224158, 38.92045149982669 ], [ -120.014996399077404, 38.920448300061231 ], [ -120.014972999792306, 38.920450400286377 ], [ -120.014963099500676, 38.920456199983263 ], [ -120.014948099551248, 38.920464999753207 ] ], [ [ -120.017083500463798, 38.920905100469717 ], [ -120.017070799928263, 38.920881600310182 ] ], [ [ -120.017250100585073, 38.920917400527742 ], [ -120.017160800412341, 38.920899399949953 ], [ -120.017070799928263, 38.920881600310182 ] ], [ [ -120.017250100585073, 38.920917400527742 ], [ -120.017230699916524, 38.920926699758958 ] ], [ [ -120.020471499369805, 38.921585100073649 ], [ -120.020450999616799, 38.921570300016455 ], [ -120.020426900166967, 38.921563499783801 ], [ -120.019601400205474, 38.921381400396825 ], [ -120.019444899682057, 38.9213492998785 ], [ -120.019208099876153, 38.921301300396429 ], [ -120.019082100586317, 38.921275200428838 ], [ -120.01858919974174, 38.921178699855083 ], [ -120.018444400259639, 38.921149999755301 ], [ -120.018076600058521, 38.921073600016683 ], [ -120.017920999997699, 38.921043299741918 ], [ -120.017536099816382, 38.920967199842543 ], [ -120.017383200296649, 38.920935900355147 ], [ -120.017298400126776, 38.92091740054817 ], [ -120.017272900273937, 38.920914199843139 ], [ -120.017250100585073, 38.920917400527742 ] ], [ [ -120.020484499416924, 38.921603100394165 ], [ -120.020471499369805, 38.921585100073649 ] ], [ [ -120.020663899888191, 38.921633599818456 ], [ -120.020567900015905, 38.921609700144622 ], [ -120.020471499369805, 38.921585100073649 ] ], [ [ -120.020663899888191, 38.921633599818456 ], [ -120.020647799853478, 38.921639900188843 ] ], [ [ -120.021184999534768, 38.921751499868776 ], [ -120.020684100329518, 38.921631499624979 ], [ -120.020663899888191, 38.921633599818456 ] ], [ [ -120.021355299404931, 38.92179899982203 ], [ -120.021279199907511, 38.92177789989578 ], [ -120.021198400166213, 38.921759299666469 ] ], [ [ -120.021355299404931, 38.92179899982203 ], [ -120.021344499795447, 38.921803699635774 ] ], [ [ -120.022087500000723, 38.921978500363302 ], [ -120.022065499164128, 38.921967400049482 ], [ -120.021391999511849, 38.921802600076269 ], [ -120.0213733997372, 38.921798499909862 ], [ -120.021355299404931, 38.92179899982203 ] ], [ [ -120.022087500000723, 38.921978500363302 ], [ -120.022168700078851, 38.921998900268882 ] ], [ [ -120.022097599742494, 38.921990500411788 ], [ -120.022087500000723, 38.921978500363302 ] ] ] } },
{ "type": "Feature", "properties": { "OBJECTID": 1243, "CLASS": "3", "NAME": "E SAN BERNADINO BIKE ROUTE", "MILES": 0.38557577, "ShapeSTLength": 620.52529455123101, "FROM_": "NORTH UPPER TRUCKEE", "TO_": "E SAN BERNADINO", "WNTR_MAINT": "YES", "MAINT_JURS": "EL DORADO COUNTY", "YR_OF_CONS": "2023", "IMPLEMENT": "EL DOARDO COUNTY", "COUNTY": "EL DORADO COUNTY", "E_BIKE": null, "GlobalID": "{1790DF53-A7B2-4C03-A16E-4187FBBD5C60}", "created_user": "MBINDL", "created_date": "2024-01-25T04:41:45Z", "last_edited_user": "KRICHARDSON", "last_edited_date": "2024-02-09T06:21:15Z" }, "geometry": { "type": "LineString", "coordinates": [ [ -120.029812971781212, 38.856155215806254 ], [ -120.030842973537702, 38.85642521579949 ], [ -120.03144297162828, 38.85639521660103 ], [ -120.032412973458889, 38.856065215121383 ], [ -120.03349297372138, 38.855735216146073 ], [ -120.033932973757672, 38.855355215839381 ], [ -120.034262973058773, 38.85444521495436 ], [ -120.034549815053225, 38.853393290397761 ] ] } },
{ "type": "Feature", "properties": { "OBJECTID": 1244, "CLASS": "3", "NAME": "W SAN BERNADINO BIKE ROUTE", "MILES": 0.25040689, "ShapeSTLength": 402.9916278552198, "FROM_": "PARADISE PARK", "TO_": "APACHE AVENUE", "WNTR_MAINT": "YES", "MAINT_JURS": "EL DORADO COUNTY", "YR_OF_CONS": "2023", "IMPLEMENT": "EL DORADO COUNTY", "COUNTY": "EL DORADO COUNTY", "E_BIKE": null, "GlobalID": "{7F79D2C2-ECCF-495F-8D1D-09E1CD04D16B}", "created_user": "MBINDL", "created_date": "2024-01-25T04:41:45Z", "last_edited_user": "KRICHARDSON", "last_edited_date": "2024-02-09T06:21:15Z" }, "geometry": { "type": "LineString", "coordinates": [ [ -120.020228291498313, 38.858925111125686 ], [ -120.021109071270629, 38.858382167540803 ], [ -120.021825380302417, 38.858068176139511 ], [ -120.022252971809849, 38.857915215947912 ], [ -120.022922972980297, 38.857865216663384 ], [ -120.024477691555489, 38.857876811797567 ] ] } },
{ "type": "Feature", "properties": { "OBJECTID": 1245, "CLASS": "1", "NAME": "Jameson Beach Rd Path", "MILES": 0.2279258, "ShapeSTLength": 366.81174859625628, "FROM_": "Hwy 50", "TO_": "Beacon", "WNTR_MAINT": "No", "MAINT_JURS": "USFS", "YR_OF_CONS": "2022", "IMPLEMENT": "USFS", "COUNTY": "El Dorado County", "E_BIKE": "No", "GlobalID": "{975474C1-0637-4080-9F7F-E3937821DC95}", "created_user": "MBINDL", "created_date": "2024-01-25T04:41:45Z", "last_edited_user": "KRICHARDSON", "last_edited_date": "2024-02-09T06:21:15Z" }, "geometry": { "type": "LineString", "coordinates": [ [ -120.040130199421426, 38.934528499759956 ], [ -120.040216099641938, 38.934687699633585 ], [ -120.040203999914795, 38.934781799618158 ], [ -120.040271400132141, 38.934986499710142 ], [ -120.040271400462487, 38.935208799927416 ], [ -120.040338600248404, 38.93557639936386 ], [ -120.040340500362277, 38.935595799617474 ], [ -120.040361299470078, 38.93580749983019 ], [ -120.040375899456052, 38.936042500113174 ], [ -120.040292900164047, 38.936393300623422 ], [ -120.040441799822005, 38.936785200064833 ], [ -120.040424600055488, 38.936990099989302 ], [ -120.040350199636563, 38.93709919985092 ], [ -120.040367300323055, 38.937237299808821 ], [ -120.040318699844434, 38.937390899811668 ], [ -120.040165600021723, 38.937557799817085 ], [ -120.040022100228938, 38.937681200523194 ] ] } },
{ "type": "Feature", "properties": { "OBJECTID": 1246, "CLASS": "1", "NAME": "B STREET (NORTH SIDE)", "MILES": 0.34265522, "ShapeSTLength": 551.45122645168738, "FROM_": "CVS PARKING LOT", "TO_": "HELEN AVE", "WNTR_MAINT": "YES", "MAINT_JURS": "CITY OF SOUTH LAKE TAHOE", "YR_OF_CONS": "BEFORE 2006", "IMPLEMENT": "CITY OF SOUTH LAKE TAHOE", "COUNTY": "CITY OF SOUTH LAKE TAHOE", "E_BIKE": null, "GlobalID": "{3C3F0820-EF2E-4340-8133-A8AD753DA2B3}", "created_user": "MBINDL", "created_date": "2024-01-25T04:41:45Z", "last_edited_user": "KRICHARDSON", "last_edited_date": "2024-02-09T06:21:15Z" }, "geometry": { "type": "MultiLineString", "coordinates": [ [ [ -120.000926299795225, 38.912329100089799 ], [ -120.000965099713326, 38.912341699294736 ], [ -120.001053699176282, 38.912349999661274 ], [ -120.001199799216721, 38.912351000012698 ], [ -120.001261499059197, 38.912356299686266 ], [ -120.001320299651979, 38.912375599345332 ], [ -120.001408999399303, 38.912415799713379 ], [ -120.001453499745267, 38.912431999297986 ], [ -120.001514999547197, 38.912454399731452 ], [ -120.001641099091444, 38.912471099551169 ], [ -120.001836899682104, 38.912498199687008 ], [ -120.001901200046632, 38.912504400087158 ], [ -120.001974999003224, 38.912533699182781 ] ], [ [ -120.001974999003224, 38.912533699182781 ], [ -120.002058099531496, 38.912487699747395 ], [ -120.002143999151315, 38.912458499855049 ], [ -120.002260699747907, 38.91243869945459 ], [ -120.002331100485321, 38.912439299728675 ], [ -120.002372000936617, 38.912452299292049 ], [ -120.002420200024943, 38.912486699586445 ], [ -120.002424300575882, 38.912491899479015 ], [ -120.002465800612697, 38.912540999439102 ], [ -120.002499400939499, 38.912571199375442 ], [ -120.002543600004557, 38.912577499969153 ], [ -120.00257980070694, 38.912578499595902 ], [ -120.002612000710045, 38.912593099795629 ], [ -120.002685800139261, 38.912671399493661 ], [ -120.002736700655305, 38.912704799723926 ], [ -120.002818600617459, 38.91273609921754 ], [ -120.002869500050764, 38.912719399243926 ], [ -120.002978100342773, 38.912678699324367 ], [ -120.00302240079607, 38.912679799720934 ], [ -120.003081400737685, 38.912700599994601 ], [ -120.003105700902623, 38.912716299772796 ], [ -120.003239700462387, 38.912711099384261 ], [ -120.003296000243523, 38.91268909931069 ], [ -120.003344300067425, 38.912644299441972 ], [ -120.00344750042197, 38.912542000040723 ], [ -120.003498500571936, 38.912514899833056 ], [ -120.003651400899201, 38.912471099525632 ], [ -120.003718400830152, 38.91243449956049 ], [ -120.003752000659617, 38.912389699382942 ], [ -120.003790900258821, 38.91233639942503 ] ], [ [ -120.001974999003224, 38.912533699182781 ], [ -120.001949499293872, 38.912556599264022 ], [ -120.001950899404932, 38.912616099178024 ], [ -120.001952199775644, 38.9126880999344 ], [ -120.001944199965635, 38.912772599288573 ], [ -120.001929399313795, 38.912842499744606 ], [ -120.001902599258926, 38.912890499326565 ], [ -120.001843599909179, 38.912951099888204 ], [ -120.001783199463361, 38.913038699110956 ], [ -120.001776499580245, 38.913102399757967 ], [ -120.001671899852127, 38.913183800725065 ], [ -120.001543199080871, 38.913258900160507 ], [ -120.00140909958435, 38.91335280000002 ], [ -120.001280299316775, 38.913441499963241 ], [ -120.00116359947792, 38.913518700252929 ], [ -120.000965099442681, 38.913651299951241 ], [ -120.000828400016786, 38.913759800480882 ], [ -120.000660699939658, 38.913863100169166 ], [ -120.000585599356, 38.913916300561858 ], [ -120.000503799867232, 38.913941400264711 ], [ -120.000438099783409, 38.913980000192765 ], [ -120.000425100242353, 38.913991999933053 ], [ -120.000360299591478, 38.914052000075472 ], [ -120.000259699804204, 38.914144800600312 ], [ -120.000105500176133, 38.914258600542702 ] ] ] } },
{ "type": "Feature", "properties": { "OBJECTID": 1247, "CLASS": "PED", "NAME": "CA -28 SIDEWALK (NORTHSIDE)", "MILES": 0.30335079, "ShapeSTLength": 488.19674825648548, "FROM_": "Grove Street", "TO_": "Fairway Drive", "WNTR_MAINT": "YES", "MAINT_JURS": "Placer County", "YR_OF_CONS": "Unknown", "IMPLEMENT": "Placer County", "COUNTY": "Placer County", "E_BIKE": null, "GlobalID": "{00C0E7B7-D493-4F1F-9DBF-08935FDC50A5}", "created_user": "KRICHARDSON", "created_date": "2024-01-27T01:40:55Z", "last_edited_user": "KRICHARDSON", "last_edited_date": "2024-02-09T06:21:15Z" }, "geometry": { "type": "LineString", "coordinates": [ [ -120.14022540057988, 39.172416400012935 ], [ -120.139939599485032, 39.17219930021276 ], [ -120.139825100143966, 39.172112300393856 ], [ -120.139815099957218, 39.172096700143243 ], [ -120.13981440045373, 39.172077499620876 ], [ -120.139822400199435, 39.172058200187486 ], [ -120.139845199625157, 39.172040600305642 ], [ -120.139933800009615, 39.171973999905696 ], [ -120.139963299812933, 39.171959499652822 ], [ -120.139990099495066, 39.171944399747687 ], [ -120.140010900282078, 39.171920000444707 ], [ -120.140030300121211, 39.171895500061368 ], [ -120.140269300095227, 39.171711199944191 ], [ -120.140328299778915, 39.171665599639063 ], [ -120.140441399696712, 39.171578400135388 ], [ -120.140476200384995, 39.171567000135774 ], [ -120.140501699554704, 39.171551399711696 ], [ -120.140527200041959, 39.171527000417257 ], [ -120.140542600257319, 39.171507199806712 ], [ -120.140626399767143, 39.171439599894825 ], [ -120.14065529967769, 39.17142510004367 ], [ -120.140694800536068, 39.171400100399907 ], [ -120.140718999539985, 39.171374599755936 ], [ -120.140728399520654, 39.171348099670297 ], [ -120.140767199811307, 39.171338299565711 ], [ -120.140786699609905, 39.171325800327885 ], [ -120.140807499880793, 39.17130599985574 ], [ -120.1408189001111, 39.17128780004272 ], [ -120.14106499991486, 39.17108869993411 ], [ -120.141107199957304, 39.171063799752645 ], [ -120.141136100261718, 39.171044799890304 ], [ -120.141156799655278, 39.17102479958298 ], [ -120.141172300278996, 39.171002399606905 ], [ -120.14141500058841, 39.17081059977432 ], [ -120.141445199791391, 39.170792900160698 ], [ -120.141481099550759, 39.170767100135322 ], [ -120.141499500257154, 39.170749300036356 ], [ -120.14151889979324, 39.170724300295042 ], [ -120.141706700368786, 39.170566799873647 ], [ -120.141726100305064, 39.170550699903977 ], [ -120.141749600017675, 39.170542900386003 ], [ -120.141772399590891, 39.170532499951136 ], [ -120.141791199448321, 39.170514299701303 ], [ -120.1418105999917, 39.170484700037143 ], [ -120.142005799801382, 39.170328699631092 ], [ -120.142115099978085, 39.170235599888862 ], [ -120.142142699968659, 39.170210200426567 ], [ -120.142229699864515, 39.170138399577759 ], [ -120.14230749996166, 39.170073999726895 ], [ -120.142381300173909, 39.170003799981551 ], [ -120.142493900550491, 39.169898800048379 ], [ -120.142517400481736, 39.169874299849347 ], [ -120.142546899450096, 39.1698628997299 ], [ -120.142585800435313, 39.169842099918377 ], [ -120.142615999955268, 39.16980620040448 ], [ -120.142625999653049, 39.169778699573023 ], [ -120.14272190048554, 39.169696499888822 ], [ -120.142769500274497, 39.169670000094378 ], [ -120.142790300087796, 39.16965550002125 ], [ -120.142816499830417, 39.16963000026653 ], [ -120.142833899867838, 39.169601399955575 ], [ -120.142937199545443, 39.169519299660514 ], [ -120.142978099483884, 39.16949900010335 ], [ -120.143026999820279, 39.169467299795535 ], [ -120.143065200003974, 39.169427300166646 ], [ -120.143098100188894, 39.169384600270597 ], [ -120.14326440055909, 39.169268700281123 ] ] } },
{ "type": "Feature", "properties": { "OBJECTID": 1250, "CLASS": "PED", "NAME": "STATE ROUTE 28 SIDEWALK", "MILES": 0.52580924, "ShapeSTLength": 846.2096439607368, "FROM_": "TAHOE STATE RECREATION AREA--TRUCKEE RIVER OUTLET", "TO_": "SR 28 BIKE PATH", "WNTR_MAINT": "YES", "MAINT_JURS": "TCPUD", "YR_OF_CONS": "Before 2006", "IMPLEMENT": "TCPUD", "COUNTY": "Placer County", "E_BIKE": null, "GlobalID": "{C4101F06-051E-4FB6-890E-9472E70B83EB}", "created_user": "KRICHARDSON", "created_date": "2024-01-27T01:40:55Z", "last_edited_user": "KRICHARDSON", "last_edited_date": "2024-02-09T06:21:15Z" }, "geometry": { "type": "LineString", "coordinates": [ [ -120.143069500390283, 39.169152300087021 ], [ -120.142936599913156, 39.169253799868329 ], [ -120.142894999536679, 39.169292199840633 ], [ -120.142825299565814, 39.169338000192781 ], [ -120.142755499463675, 39.169387899754909 ], [ -120.142726000278358, 39.169412999620015 ], [ -120.142492299780145, 39.169612199613624 ], [ -120.142460500238414, 39.169640599636168 ], [ -120.142425299887861, 39.169672299895481 ], [ -120.142361200122238, 39.169731000174771 ], [ -120.142303600366446, 39.169783999717396 ], [ -120.142208400246275, 39.169894200302039 ], [ -120.142157400435735, 39.169950400425712 ], [ -120.142071600330382, 39.170021100067721 ], [ -120.141956199601111, 39.170115699543658 ], [ -120.141748400344255, 39.1702873001393 ], [ -120.141569000147626, 39.170429500012446 ], [ -120.141547899531389, 39.170444699666092 ], [ -120.141358099641749, 39.170602300293531 ], [ -120.141327200378029, 39.17061479993302 ], [ -120.141281699434899, 39.170635600329391 ], [ -120.14115159946715, 39.170736400090824 ], [ -120.141106000170453, 39.170785300064288 ], [ -120.140998700144792, 39.170867400439889 ], [ -120.140923599523688, 39.170913200327796 ], [ -120.140821699477144, 39.170984900037212 ], [ -120.140710299433721, 39.171070200282109 ], [ -120.140624599910097, 39.17114620025783 ], [ -120.140607099941647, 39.171161699864037 ], [ -120.140552700045433, 39.171213299635525 ], [ -120.140535999731568, 39.171229199940939 ], [ -120.140456899624652, 39.171304099724317 ], [ -120.140418200031576, 39.171334799916337 ], [ -120.1403831003839, 39.171363400270586 ], [ -120.140081400250253, 39.171581700323799 ], [ -120.139889599547431, 39.171730399960161 ], [ -120.139683099812146, 39.171888400112202 ], [ -120.139673699641506, 39.1719071002817 ], [ -120.139656199658575, 39.171927899615 ], [ -120.139628099815639, 39.17193730006602 ], [ -120.139609300254449, 39.171937800368497 ], [ -120.139539900126792, 39.171991500452151 ], [ -120.139472499857661, 39.172044400094713 ], [ -120.139269999972839, 39.17219929962625 ], [ -120.13922440011001, 39.172248099713144 ], [ -120.139034000521463, 39.17241350038335 ], [ -120.138940099623994, 39.172506999828656 ], [ -120.138891800534267, 39.172540299578216 ], [ -120.138865000414128, 39.172566299858119 ], [ -120.138834100334108, 39.172615199744627 ], [ -120.138816700369006, 39.172651500138144 ], [ -120.138792600381535, 39.17267650010988 ], [ -120.13875500030457, 39.172700399876085 ], [ -120.138736199854321, 39.172725400339274 ], [ -120.138718800156184, 39.172766999698013 ], [ -120.138694699690745, 39.172799200368367 ], [ -120.138663799698676, 39.172831399698609 ], [ -120.138639500442764, 39.1728576001167 ], [ -120.138601500063899, 39.172919299915947 ], [ -120.138570600048538, 39.17298160031342 ], [ -120.138538400544121, 39.173028399759829 ], [ -120.138462600056329, 39.173131900157358 ], [ -120.138383699745518, 39.1732381999241 ], [ -120.138295000552333, 39.173368899655834 ], [ -120.138285100552665, 39.173384500103019 ], [ -120.138235999954247, 39.173461499552978 ], [ -120.138160900270762, 39.173568499761764 ], [ -120.138030799692899, 39.173749400259894 ], [ -120.137967800217254, 39.173823300353483 ], [ -120.137940800507224, 39.173853599901776 ], [ -120.137911499700749, 39.173886699568129 ], [ -120.137832299811947, 39.173954299691815 ], [ -120.137777299523037, 39.173970900381946 ], [ -120.137729099812077, 39.173991699660156 ], [ -120.137687499571271, 39.174019799724185 ], [ -120.13766069959857, 39.17406240021802 ], [ -120.137636499460328, 39.174091500077168 ], [ -120.13758289992613, 39.174126800429917 ], [ -120.137550699911273, 39.174154900014251 ], [ -120.137535900470326, 39.174194400089704 ], [ -120.137517199864106, 39.1742111002904 ], [ -120.137437400258321, 39.174270899989118 ], [ -120.137393799416614, 39.174303600196005 ], [ -120.137334799759714, 39.174347299891018 ], [ -120.137281100269419, 39.174367999792409 ], [ -120.137236899833695, 39.174391999818425 ], [ -120.137210100098542, 39.17443350023327 ], [ -120.137184599556406, 39.174466800350288 ], [ -120.137137600297081, 39.174508399565291 ], [ -120.137088999995512, 39.174545700035658 ], [ -120.136939299903574, 39.174660499961846 ], [ -120.136890500335042, 39.174697799950223 ], [ -120.1368536996617, 39.174725999709089 ], [ -120.136776900088279, 39.174784999756632 ], [ -120.136689700046261, 39.174793300152089 ] ] } },
{ "type": "Feature", "properties": { "OBJECTID": 1252, "CLASS": "1", "NAME": "DOLLAR CREEK SHARED USE TRAIL", "MILES": 2.23989326, "ShapeSTLength": 3604.7659813326673, "FROM_": "DOLLAR DR", "TO_": "FULTON CRESCENT DR", "WNTR_MAINT": "NO", "MAINT_JURS": "PLACER COUNTY", "YR_OF_CONS": "2018", "IMPLEMENT": "PLACER COUNTY", "COUNTY": "PLACER COUNTY", "E_BIKE": "YES", "GlobalID": "{D21B201C-FECB-4E5B-A050-D2FAA1FD0F84}", "created_user": "KRICHARDSON", "created_date": "2024-01-27T01:49:26Z", "last_edited_user": "KRICHARDSON", "last_edited_date": "2024-02-09T06:21:15Z" }, "geometry": { "type": "LineString", "coordinates": [ [ -120.103895699972185, 39.211223100335282 ], [ -120.104059899815738, 39.21121209964857 ], [ -120.104218099995563, 39.211243300259994 ], [ -120.104344200415667, 39.211291099721166 ], [ -120.104438100554759, 39.211376200326782 ], [ -120.104456800189382, 39.211432399609102 ], [ -120.104427300366623, 39.211525900356229 ], [ -120.104341500137082, 39.211648600373429 ], [ -120.104164499518077, 39.211872999909239 ], [ -120.104134999671402, 39.211939499702765 ], [ -120.10413230020005, 39.212003899678955 ], [ -120.104161799802938, 39.212093299884266 ], [ -120.104212799433157, 39.212168100352415 ], [ -120.104341500555108, 39.212315699814788 ], [ -120.104432699440338, 39.212417500218116 ], [ -120.104513200344243, 39.212475699899819 ], [ -120.104615100078504, 39.212517199981974 ], [ -120.104743799711301, 39.212571300409039 ], [ -120.104856500361635, 39.212633599760188 ], [ -120.104966499962003, 39.21270839985808 ], [ -120.105055000416982, 39.212795699836732 ], [ -120.105132800441282, 39.212868499885765 ], [ -120.105205200581281, 39.212889199820303 ], [ -120.105253500556017, 39.212887200223221 ], [ -120.105325899742965, 39.212868499619184 ], [ -120.105374199809887, 39.21286010019503 ], [ -120.105484099691466, 39.212858099983691 ], [ -120.105594099823563, 39.212841399965747 ], [ -120.105661199730946, 39.212812300163854 ], [ -120.105749700339146, 39.212747900353094 ], [ -120.105795300252524, 39.212708400447745 ], [ -120.105894500159451, 39.212646099825314 ], [ -120.105996400398027, 39.212590000276485 ], [ -120.106082300338372, 39.212556700237684 ], [ -120.106127900040477, 39.212531799689899 ], [ -120.106159999493343, 39.212498499803004 ], [ -120.106176099613123, 39.212452799854582 ], [ -120.106173500448136, 39.212307299689776 ], [ -120.106186900272348, 39.212230500337142 ], [ -120.106229799425918, 39.212157700013215 ], [ -120.106323700280939, 39.212041299747291 ], [ -120.106524799892767, 39.211879200097819 ], [ -120.106632100075458, 39.21178990020212 ], [ -120.106704500114674, 39.211702600181091 ], [ -120.106720599848529, 39.211629800160694 ], [ -120.10672599954431, 39.21152390015942 ], [ -120.10670719972056, 39.211368000329749 ], [ -120.10667500013075, 39.211278600277574 ], [ -120.106591900549745, 39.211131099987121 ], [ -120.106436299710751, 39.210921200341048 ], [ -120.106328999890181, 39.210794400254912 ], [ -120.106264700252495, 39.210692599786242 ], [ -120.106224400498846, 39.21057829998405 ], [ -120.106194900499176, 39.210426499674995 ], [ -120.106267300202006, 39.21014390023543 ], [ -120.106326300401392, 39.210002599751192 ], [ -120.106401400287595, 39.209823899835037 ], [ -120.10652479993432, 39.209682500169542 ], [ -120.106653600422675, 39.209545400235385 ], [ -120.106696499822363, 39.209453900326942 ], [ -120.106723300197189, 39.209287700056855 ], [ -120.106739399834851, 39.209065299656224 ], [ -120.106723300497251, 39.208903200455502 ], [ -120.106669700320452, 39.20877430040273 ], [ -120.106514100134888, 39.208537399986533 ], [ -120.106380000254291, 39.20827549956747 ], [ -120.106347799994879, 39.208155000445537 ], [ -120.106326299496629, 39.208046900225433 ], [ -120.106315599609076, 39.207681099719146 ], [ -120.10636389946626, 39.207485799816773 ], [ -120.106444400416592, 39.207315300438815 ], [ -120.106569000585452, 39.207099999617611 ], [ -120.106674999786023, 39.206995300145209 ], [ -120.106782300124067, 39.206932899961799 ], [ -120.106911100197863, 39.206853900370625 ], [ -120.107061300328141, 39.206758299721173 ], [ -120.10718469987647, 39.206704299894653 ], [ -120.107356300558251, 39.206666899932785 ], [ -120.107533300016939, 39.20663360040097 ], [ -120.10773720053524, 39.206612900138268 ], [ -120.107908799550415, 39.20660450014821 ], [ -120.10813949969392, 39.206619099902241 ], [ -120.108378199660365, 39.20663779959726 ], [ -120.108547200262691, 39.20664190036571 ], [ -120.108638399700482, 39.206637800150276 ], [ -120.108734999976591, 39.206627399989202 ], [ -120.108839599576328, 39.206592100161309 ], [ -120.109056800503495, 39.206492299917031 ], [ -120.109284800259459, 39.206415400015764 ], [ -120.109638899980979, 39.206325999817295 ], [ -120.109925899467342, 39.206238700035051 ], [ -120.110038499547699, 39.206184700168116 ], [ -120.110172599896359, 39.206076599708183 ], [ -120.110459600345052, 39.205831400174105 ], [ -120.110660799719071, 39.205644299789107 ], [ -120.110963899733264, 39.205330499911831 ], [ -120.11103669980713, 39.205260900013258 ], [ -120.11120530045045, 39.205099800428897 ], [ -120.111312600331814, 39.205012500359338 ], [ -120.111331300124959, 39.204943899982396 ], [ -120.111320600442042, 39.204862800150714 ], [ -120.111248199764646, 39.204817100381838 ], [ -120.111130199738142, 39.204792199747054 ], [ -120.11089680009961, 39.204765199759514 ], [ -120.110658099773758, 39.204715300008097 ], [ -120.110376500293228, 39.204607199787567 ], [ -120.110092199567504, 39.204480400007725 ], [ -120.109915100280119, 39.204345300245286 ], [ -120.109687199626407, 39.204201900345943 ], [ -120.109480600050205, 39.204091699948179 ], [ -120.109145299829223, 39.203998199731977 ], [ -120.108911999530093, 39.203935900320374 ], [ -120.108785900365859, 39.203925500200462 ], [ -120.1086920994818, 39.203946300277316 ], [ -120.108590099666955, 39.204002399963954 ], [ -120.108536500203058, 39.204093799784751 ], [ -120.108509699770167, 39.204257999825984 ], [ -120.108480199684564, 39.204376500064001 ], [ -120.108413100214023, 39.204436799724419 ], [ -120.108319200390241, 39.204463800430368 ], [ -120.108217300512223, 39.204459599738556 ], [ -120.108093900207862, 39.204397300049351 ], [ -120.107686199570537, 39.204187399826758 ], [ -120.107326800452938, 39.204012800067709 ], [ -120.10715779945923, 39.20395460028324 ], [ -120.107039800134487, 39.203908799838985 ], [ -120.106948600216114, 39.203809099565746 ], [ -120.106809099562412, 39.203601199594722 ], [ -120.106712599765672, 39.203360100020141 ], [ -120.106583799925744, 39.203235399947189 ], [ -120.10654629999182, 39.203148100427349 ], [ -120.106546300542988, 39.202986000397573 ], [ -120.106548399712821, 39.202850900286471 ], [ -120.106589200406049, 39.202645099644059 ], [ -120.106642800451581, 39.202374900328373 ], [ -120.106707200209954, 39.202212800082023 ], [ -120.106836000542359, 39.202042399828926 ], [ -120.10691110005456, 39.201913500334712 ], [ -120.106937900140039, 39.201793000105624 ], [ -120.106932499920788, 39.201605899961642 ], [ -120.106959300190439, 39.201456199782342 ], [ -120.107045199593571, 39.201327400122146 ], [ -120.107249000086171, 39.201161100086424 ], [ -120.107463599513309, 39.201048799590147 ], [ -120.10754940033172, 39.200969899959233 ], [ -120.107581599761502, 39.200899199655993 ], [ -120.107586999900931, 39.200795300288988 ], [ -120.107589199543924, 39.200600400035455 ], [ -120.107629900489172, 39.20041700021045 ], [ -120.107694300523946, 39.200296399784314 ], [ -120.107769399555309, 39.200146800323665 ], [ -120.107796199597075, 39.200051099936935 ], [ -120.10780689976896, 39.199947199795091 ], [ -120.107809600128789, 39.199832900325788 ], [ -120.107788100005664, 39.199772599624609 ], [ -120.107745199903817, 39.199693600250278 ], [ -120.107710400415868, 39.199641700353546 ], [ -120.107667499884187, 39.199604299591527 ], [ -120.107554799823504, 39.199519000251748 ], [ -120.107498500313227, 39.199485799688716 ], [ -120.107155099956614, 39.199265400431244 ], [ -120.106801100527136, 39.199069999898327 ], [ -120.106586500158784, 39.198986900194889 ], [ -120.106355799966906, 39.198924500116952 ], [ -120.106170800561728, 39.198893400446963 ], [ -120.106039299540157, 39.198893399765765 ], [ -120.105736299975945, 39.198912100173814 ], [ -120.105478799771234, 39.19897859987509 ], [ -120.105183699549258, 39.199028499639063 ], [ -120.104979899718671, 39.199024299928148 ], [ -120.104765299996657, 39.198945300372941 ], [ -120.104534600097864, 39.198820599656933 ], [ -120.104384400051984, 39.198654299621865 ], [ -120.104309300108994, 39.198458900074584 ], [ -120.104293200361525, 39.198296800406943 ], [ -120.104298600505672, 39.198068199907176 ], [ -120.104336100086385, 39.197594199627048 ], [ -120.104346900476543, 39.197319899795069 ], [ -120.104379099862314, 39.19715769975447 ], [ -120.104422000222755, 39.196999699977646 ], [ -120.104448799436256, 39.196825100220074 ], [ -120.104513200245577, 39.196559099984576 ], [ -120.10460970032554, 39.196226500264999 ], [ -120.104647299848608, 39.195977000330323 ], [ -120.104631199511104, 39.195760899692182 ], [ -120.104588299899319, 39.19553640031944 ], [ -120.104507800274618, 39.195315999796058 ], [ -120.104448800065995, 39.195137200210397 ], [ -120.104346899776999, 39.195000099691086 ], [ -120.104218099770279, 39.194817099893804 ], [ -120.104178999824455, 39.194705900221742 ], [ -120.104212799995139, 39.194613399887437 ], [ -120.104330800052779, 39.194480399838838 ], [ -120.10464189957024, 39.194064600018962 ], [ -120.104851100043035, 39.193823500018773 ], [ -120.104931600468134, 39.193682100291312 ], [ -120.104990599890158, 39.193494999697904 ], [ -120.105006700325958, 39.193312099663899 ], [ -120.105054999563777, 39.192921299812539 ], [ -120.105081799643585, 39.192742499934276 ], [ -120.105108599752114, 39.192476500130837 ], [ -120.105140800055068, 39.192297700281472 ], [ -120.10512469997947, 39.192172900296342 ], [ -120.105086800417524, 39.192109200397688 ], [ -120.104958900461256, 39.192029799749072 ] ] } },
{ "type": "Feature", "properties": { "OBJECTID": 1255, "CLASS": "PED", "NAME": "KB REVITALIZATION PROJECT", "MILES": 1.04257178, "ShapeSTLength": 1677.859998760448, "FROM_": "STATE ROUTE 267", "TO_": "CHIPMUNK STREET", "WNTR_MAINT": "N/A", "MAINT_JURS": "PLACER COUNTY", "YR_OF_CONS": "2015", "IMPLEMENT": "PLACER COUNTY", "COUNTY": "PLACER COUNTY", "E_BIKE": null, "GlobalID": "{76BD398D-2C5D-4E85-88AF-F6803A8DCE76}", "created_user": "KRICHARDSON", "created_date": "2024-01-27T02:16:28Z", "last_edited_user": "KRICHARDSON", "last_edited_date": "2024-02-09T06:21:15Z" }, "geometry": { "type": "LineString", "coordinates": [ [ -120.033466352151677, 39.238276475457475 ], [ -120.033294300588665, 39.238260966601203 ], [ -120.033082515765344, 39.238220051146236 ], [ -120.032753903426538, 39.238196787014516 ], [ -120.032526776430871, 39.238158823334679 ], [ -120.032343990910064, 39.238161265462672 ], [ -120.032188373785544, 39.238142202201658 ], [ -120.032059963945272, 39.238116838383938 ], [ -120.031874166877415, 39.238093345727592 ], [ -120.031773837497909, 39.23808989851284 ], [ -120.031677302842624, 39.238077669177152 ], [ -120.03139843196125, 39.238084260397692 ], [ -120.031333784488311, 39.238051234487642 ], [ -120.031168599558939, 39.238033786057137 ], [ -120.03098723555982, 39.238016874119786 ], [ -120.030851931507954, 39.237992086197188 ], [ -120.030736137823425, 39.237958097324871 ], [ -120.030591676599514, 39.237935946479567 ], [ -120.030369133129128, 39.237913716378969 ], [ -120.030008322520956, 39.237854468806155 ], [ -120.029949262769861, 39.237875660345338 ], [ -120.029834769633311, 39.237862610809039 ], [ -120.029759851812514, 39.237831963211214 ], [ -120.029062964444861, 39.237712776680226 ], [ -120.028997375321495, 39.237688974519962 ], [ -120.028886932754517, 39.237695099456907 ], [ -120.028624074759108, 39.237673845659174 ], [ -120.028341847728299, 39.237654084855627 ], [ -120.02781822967988, 39.237641549666051 ], [ -120.027630806517806, 39.237645132544245 ], [ -120.027246848561717, 39.237628372168395 ], [ -120.02707641493231, 39.237633541241948 ], [ -120.026926559402725, 39.237615428917309 ], [ -120.026522412061013, 39.237558440702948 ], [ -120.026251397551775, 39.237509614199716 ], [ -120.026017693138499, 39.237447228696972 ], [ -120.025738740961359, 39.237371838264124 ], [ -120.025276196127436, 39.237205576835827 ], [ -120.024932821214307, 39.237058327847045 ], [ -120.024833196871739, 39.237032274941576 ], [ -120.024784886124976, 39.236987103385424 ], [ -120.024728907440149, 39.236988335139159 ], [ -120.024670906946525, 39.237010373545736 ], [ -120.024649322607985, 39.237049524128523 ], [ -120.024577226070818, 39.237039488428152 ], [ -120.024502892343904, 39.237042913694999 ], [ -120.024490282060341, 39.236990221928764 ], [ -120.024453396345677, 39.236985285319982 ], [ -120.024408465407774, 39.236968158929578 ], [ -120.024367089781464, 39.236920945726389 ], [ -120.024416201294201, 39.236877084016982 ], [ -120.024421975577198, 39.236837583279453 ], [ -120.024414325070509, 39.236816085169778 ], [ -120.024323833258464, 39.236742763319548 ], [ -120.024033863910915, 39.236624299277594 ], [ -120.023689691029389, 39.236486105069829 ], [ -120.023307355747619, 39.23636271217169 ], [ -120.022997770109441, 39.236270372153029 ], [ -120.022859146940803, 39.236213701656943 ], [ -120.022591978178127, 39.236133929776237 ], [ -120.022423132005741, 39.236074906315707 ], [ -120.022199169254165, 39.236039720516786 ], [ -120.022094428441036, 39.236056733901741 ], [ -120.021990271314792, 39.236087164126793 ], [ -120.021922386069676, 39.236051168362877 ], [ -120.02186190199761, 39.236039505740806 ], [ -120.021865522906126, 39.23598952265646 ], [ -120.021847123180905, 39.235919904068055 ], [ -120.021711597300779, 39.235840693752955 ], [ -120.021614367268583, 39.235836802737552 ], [ -120.02149177268403, 39.235792988846505 ], [ -120.020939011981369, 39.235642785045435 ], [ -120.020225588921136, 39.235453398359638 ], [ -120.019614744503315, 39.235269440608384 ], [ -120.019278328427703, 39.235164043037372 ], [ -120.01914635095558, 39.235086323290545 ], [ -120.018861990992633, 39.235004453120332 ], [ -120.018279497492614, 39.234797215955986 ], [ -120.017542210403505, 39.234502180078891 ], [ -120.017160317999824, 39.234349390007139 ], [ -120.016921426075655, 39.234226153072051 ], [ -120.016738378359619, 39.23413168901363 ], [ -120.016391813970756, 39.233930934411177 ], [ -120.016165259950355, 39.233752067499445 ], [ -120.015893423322751, 39.233523130824082 ] ] } },
{ "type": "Feature", "properties": { "OBJECTID": 1256, "CLASS": "PED", "NAME": "KB REVITALIZATION PROJECT", "MILES": 1.04847203, "ShapeSTLength": 1687.3555507340477, "FROM_": "Brassie Ave", "TO_": "Chipmunk Street", "WNTR_MAINT": "N/A", "MAINT_JURS": "PLACER COUNTY", "YR_OF_CONS": null, "IMPLEMENT": null, "COUNTY": null, "E_BIKE": null, "GlobalID": "{F1C641D0-1272-4478-BD19-512C593CB6AC}", "created_user": "KRICHARDSON", "created_date": "2024-01-27T02:38:33Z", "last_edited_user": "KRICHARDSON", "last_edited_date": "2024-02-09T06:21:15Z" }, "geometry": { "type": "LineString", "coordinates": [ [ -120.033680058253395, 39.238084214069573 ], [ -120.033471022996267, 39.23805406346456 ], [ -120.033294652580395, 39.238006064181228 ], [ -120.033153914727635, 39.238024609372737 ], [ -120.032622357064511, 39.237952545955757 ], [ -120.032060743739478, 39.237888952762887 ], [ -120.031813922203284, 39.237874319341188 ], [ -120.031610636777373, 39.237857455531469 ], [ -120.031457467425312, 39.237827372321121 ], [ -120.030861737534536, 39.237767152408196 ], [ -120.030429864854497, 39.237731497159686 ], [ -120.030253314362383, 39.237711225113095 ], [ -120.030174605244255, 39.237684579920362 ], [ -120.030008006351764, 39.237664019151218 ], [ -120.029915115432445, 39.237679358323028 ], [ -120.029879465921681, 39.2376581495095 ], [ -120.029719112267799, 39.237622930463075 ], [ -120.029679861236971, 39.237642180736991 ], [ -120.029631054953242, 39.237637429765549 ], [ -120.029478819250471, 39.237572222749826 ], [ -120.029297282967804, 39.237557016318952 ], [ -120.029009371520829, 39.237549666342368 ], [ -120.028825387105158, 39.237528052857499 ], [ -120.028748580613922, 39.23747957262627 ], [ -120.028401002768177, 39.237468583418298 ], [ -120.027644350810633, 39.237460593448702 ], [ -120.027463327437303, 39.237459014573254 ], [ -120.027240057915165, 39.237454995052353 ], [ -120.027106715840674, 39.237443054051987 ], [ -120.026856446035495, 39.237412301241669 ], [ -120.026509669223103, 39.237362821634449 ], [ -120.026324903861251, 39.237353553876808 ], [ -120.026085503652112, 39.237294657917218 ], [ -120.025983718831398, 39.237232512110594 ], [ -120.025804417742336, 39.237192744225531 ], [ -120.025133053278878, 39.236937404490718 ], [ -120.024974907483326, 39.236892830464171 ], [ -120.024879187309679, 39.236809118255131 ], [ -120.024896225762248, 39.236683951378915 ], [ -120.024727938903894, 39.236612660585969 ], [ -120.024576534525536, 39.236634100896161 ], [ -120.024463773804399, 39.236609712608804 ], [ -120.02421832551191, 39.236511327823401 ], [ -120.02404810429671, 39.236416389627813 ], [ -120.023913739275372, 39.236370515196626 ], [ -120.023754337910731, 39.236285938337844 ], [ -120.023357912209732, 39.236181597753152 ], [ -120.023124754588736, 39.236105821193149 ], [ -120.022886125013969, 39.235982427392081 ], [ -120.022743183343636, 39.235929442484398 ], [ -120.022630404277123, 39.235929846164105 ], [ -120.022453347239292, 39.235894085324553 ], [ -120.022336852799526, 39.235871911954334 ], [ -120.022283079653533, 39.235810246418467 ], [ -120.022286183523093, 39.235736882842588 ], [ -120.022258375792262, 39.235694516739237 ], [ -120.022168125291856, 39.235695496424995 ], [ -120.02210024450433, 39.23566745091447 ], [ -120.022016078239886, 39.235724490445349 ], [ -120.021938082466221, 39.235735648793977 ], [ -120.021828675105112, 39.235722982816981 ], [ -120.021655934995138, 39.235674715694728 ], [ -120.021434267400466, 39.235606467298787 ], [ -120.021118787144417, 39.235514092178576 ], [ -120.020287479025427, 39.235260985169006 ], [ -120.020013859170604, 39.235186187026294 ], [ -120.019109302970321, 39.234885616428087 ], [ -120.018522499827725, 39.234678369187321 ], [ -120.018063073086694, 39.23449724567265 ], [ -120.017876888095628, 39.234423927094511 ], [ -120.017798276255462, 39.234425259299698 ], [ -120.017693969287777, 39.234383159569049 ], [ -120.017470336103187, 39.234280844319954 ], [ -120.017389752359009, 39.234215271608171 ], [ -120.017039195871163, 39.234068946129383 ], [ -120.016595818687691, 39.23380524260719 ], [ -120.01633325535775, 39.233614780474149 ], [ -120.01611530480146, 39.233424726549622 ], [ -120.015993052752137, 39.23329585268413 ] ] } },
{ "type": "Feature", "properties": { "OBJECTID": 1257, "CLASS": "PED", "NAME": "Y TO TROUT CREEK SIDEWALK No", "MILES": 1.92017797, "ShapeSTLength": 3090.2330731060702, "FROM_": "SOUTH TAHOE Y", "TO_": "TROUT CREEK", "WNTR_MAINT": "YES", "MAINT_JURS": "CITY OF SOUTH LAKE TAHOE", "YR_OF_CONS": "2019", "IMPLEMENT": "CALTRANS", "COUNTY": "EL DORADO COUNTY", "E_BIKE": null, "GlobalID": "{9E707F06-148B-4603-8A7A-5AEABE014A3E}", "created_user": "KRICHARDSON", "created_date": "2024-02-06T08:36:16Z", "last_edited_user": "KRICHARDSON", "last_edited_date": "2024-02-09T06:21:15Z" }, "geometry": { "type": "LineString", "coordinates": [ [ -120.003889492640468, 38.91441272770787 ], [ -120.003890288482552, 38.914221381766268 ], [ -120.003897439177024, 38.914051461783373 ], [ -120.003890461884581, 38.91400166892187 ], [ -120.003846759745798, 38.913962273097781 ], [ -120.003771138263886, 38.913991516624385 ], [ -120.003628898490035, 38.914051650998928 ], [ -120.003110386960273, 38.914300573753486 ], [ -120.001566288814843, 38.915308357222862 ], [ -120.001303395012499, 38.915492079585007 ], [ -120.000428574265541, 38.916087972994625 ], [ -120.000119360872915, 38.916306826030123 ], [ -119.999892506436439, 38.916484954960545 ], [ -119.999691069743974, 38.916595696038648 ], [ -119.999558148926752, 38.916688038345235 ], [ -119.999314967878149, 38.916870786576219 ], [ -119.999222091701768, 38.91693139885345 ], [ -119.999033330420559, 38.917047504406327 ], [ -119.99881170921789, 38.917177885516203 ], [ -119.99861476447029, 38.917258499322877 ], [ -119.998236600701574, 38.917505812942501 ], [ -119.997947451517973, 38.917707535209466 ], [ -119.996372211825502, 38.918752037900127 ], [ -119.996310767196405, 38.918816516584727 ], [ -119.996123130766421, 38.918976838233206 ], [ -119.995792541402835, 38.919184859634179 ], [ -119.995686666841962, 38.919244524294058 ], [ -119.995505165564794, 38.919315085615793 ], [ -119.995364971586454, 38.919408731073879 ], [ -119.994543111631501, 38.919958255451455 ], [ -119.994473386266151, 38.92005188137383 ], [ -119.994161404732665, 38.920264046767976 ], [ -119.994014579021595, 38.920356639467784 ], [ -119.993835620732838, 38.920464771973634 ], [ -119.993695559083264, 38.920577430118549 ], [ -119.993580317507323, 38.920671937205185 ], [ -119.99347562131247, 38.920730308562156 ], [ -119.993261923578487, 38.92084224278851 ], [ -119.993106247325684, 38.920968591102998 ], [ -119.993012771211852, 38.921046042827264 ], [ -119.992800720456344, 38.921160225805721 ], [ -119.99271434234285, 38.921223391186203 ], [ -119.992439694676179, 38.921392943124992 ], [ -119.992261291521672, 38.921503483792499 ], [ -119.992149495958486, 38.921587508196112 ], [ -119.992013983280174, 38.921699106791728 ], [ -119.9919193014792, 38.921769479792609 ], [ -119.991787174416331, 38.921836537442296 ], [ -119.991573533796867, 38.921982528756999 ], [ -119.991504368126641, 38.9220183259864 ], [ -119.991441554794392, 38.922046066464922 ], [ -119.990537224676601, 38.922633437942636 ], [ -119.989425286825096, 38.923365770327599 ], [ -119.988902215073765, 38.923701414742489 ], [ -119.988882399014088, 38.923755837209278 ], [ -119.988760751082893, 38.923849465838913 ], [ -119.988650370196453, 38.923899323046584 ], [ -119.98826614555081, 38.924173260486874 ], [ -119.988186184821387, 38.924251707606174 ], [ -119.988079912648587, 38.924327411283841 ], [ -119.987998402028381, 38.924380013352298 ], [ -119.987905798305562, 38.924413749069096 ], [ -119.987759224825325, 38.924472571416445 ], [ -119.987596126851443, 38.924569457901278 ], [ -119.987472213808985, 38.924643370265898 ], [ -119.987354992481514, 38.924723806566369 ], [ -119.987301317647976, 38.92478150451997 ], [ -119.987167747752693, 38.924871619026234 ], [ -119.98708358758438, 38.924907310888045 ], [ -119.986942664772656, 38.924998927941061 ], [ -119.985700989272488, 38.9258300597809 ], [ -119.985382610825113, 38.926075939249372 ], [ -119.985184591435171, 38.926157289277988 ], [ -119.983830465546134, 38.92706057405826 ], [ -119.983799109086988, 38.927094803849997 ], [ -119.983675577659554, 38.927186995389292 ], [ -119.983527398230549, 38.927272710694531 ], [ -119.983255810204057, 38.927451387610169 ], [ -119.983239190509906, 38.92748175436828 ], [ -119.983107794779002, 38.927584434427125 ], [ -119.983048828666426, 38.927650289669685 ], [ -119.982933740559602, 38.927711674234381 ], [ -119.982815530428965, 38.927761655635457 ], [ -119.982559808169995, 38.927955220276814 ], [ -119.982001845712603, 38.928406158884471 ], [ -119.981367510840386, 38.928971873129548 ], [ -119.981198064183204, 38.929132832352458 ], [ -119.980848496943722, 38.929506658140639 ], [ -119.980705691350821, 38.92966775942174 ], [ -119.980503734630389, 38.92987012095508 ], [ -119.980026956402583, 38.930418606070148 ], [ -119.979813553133795, 38.93068375590974 ], [ -119.978865450046655, 38.932110322954443 ], [ -119.978674295654614, 38.932440708455893 ], [ -119.978666139606617, 38.932535181494465 ] ] } },
{ "type": "Feature", "properties": { "OBJECTID": 1258, "CLASS": "1", "NAME": "WEST SHORE TAHOE TRAIL", "MILES": 0.63219971, "ShapeSTLength": 1017.4288469590514, "FROM_": "HOMEWOOD", "TO_": "TAHOMA", "WNTR_MAINT": "NO", "MAINT_JURS": "TCPUD", "YR_OF_CONS": "2016", "IMPLEMENT": "PLACER COUNTY", "COUNTY": "PLACER COUNTY", "E_BIKE": " ", "GlobalID": "{59754603-590C-4F8B-83E4-55218B5FA912}", "created_user": "KRICHARDSON", "created_date": "2024-02-07T03:47:11Z", "last_edited_user": "KRICHARDSON", "last_edited_date": "2024-02-09T06:21:15Z" }, "geometry": { "type": "MultiLineString", "coordinates": [ [ [ -120.157002652221522, 39.079374956143518 ], [ -120.156968791700265, 39.079320197022014 ], [ -120.156910954616976, 39.079233003538576 ], [ -120.156855383067011, 39.079094820678797 ], [ -120.156645099362507, 39.078877978269155 ], [ -120.156457752894354, 39.078635047749039 ], [ -120.156286412701647, 39.078499451774611 ], [ -120.15613016180626, 39.078347617683107 ] ], [ [ -120.164220470615021, 39.096684752876001 ], [ -120.164197225640038, 39.09641435075492 ], [ -120.164168967752872, 39.096200880137886 ], [ -120.164128264824697, 39.095985409287273 ], [ -120.164105136202039, 39.095690284058094 ], [ -120.164100961754372, 39.095138265742136 ], [ -120.16419982592457, 39.094685725864167 ], [ -120.164162025078213, 39.0943823255053 ], [ -120.164072425496457, 39.094049725732972 ], [ -120.163959725060025, 39.093733325552655 ], [ -120.163852825182616, 39.093463825525653 ], [ -120.163621824913108, 39.092879825719656 ], [ -120.16345012513888, 39.092463426417275 ], [ -120.163357282118938, 39.092114482389334 ], [ -120.163252683425313, 39.091870679064051 ], [ -120.163069040552458, 39.091465977484603 ], [ -120.163034596158298, 39.091410856319072 ], [ -120.162890979572936, 39.091073102442174 ], [ -120.162801713575519, 39.090901611123847 ], [ -120.162732715647309, 39.090728588129451 ], [ -120.162404954734924, 39.090019116078871 ], [ -120.162201523382748, 39.089649225476961 ], [ -120.16219232357912, 39.089604325193022 ], [ -120.162196323995047, 39.089552225780935 ], [ -120.162263423597025, 39.089520025314407 ], [ -120.16258792402877, 39.089529325185147 ], [ -120.162652323638085, 39.089526225156028 ], [ -120.162689224101555, 39.08950072494342 ], [ -120.162724723474952, 39.089448125058887 ], [ -120.162743623051824, 39.089389025462722 ] ] ] } },
{ "type": "Feature", "properties": { "OBJECTID": 1259, "CLASS": "3", "NAME": "SANS SOUCI TER BIKE ROUTE", "MILES": 0.18009659, "ShapeSTLength": 289.83794202514184, "FROM_": "SILVER ST", "TO_": "TROUT ST", "WNTR_MAINT": "NO", "MAINT_JURS": "TCPUD", "YR_OF_CONS": "2016", "IMPLEMENT": "PLACER COUNTY", "COUNTY": "PLACER COUNTY", "E_BIKE": " ", "GlobalID": "{C8089B85-DE00-47E6-AAAD-10B6D1A6FC8B}", "created_user": "KRICHARDSON", "created_date": "2024-02-07T03:47:11Z", "last_edited_user": "KRICHARDSON", "last_edited_date": "2024-02-09T06:21:15Z" }, "geometry": { "type": "LineString", "coordinates": [ [ -120.162745381570474, 39.089431802164235 ], [ -120.16269943762525, 39.089078811447614 ], [ -120.161680527684695, 39.08696818801279 ] ] } },
{ "type": "Feature", "properties": { "OBJECTID": 1260, "CLASS": "PED", "NAME": "US HWY 50 SIDEWALK", "MILES": 0.32267637, "ShapeSTLength": 519.29832376798447, "FROM_": "FAIRWAY DR", "TO_": "HERBERT AVE", "WNTR_MAINT": "YES", "MAINT_JURS": "CITY OF SOUTH LAKE TAHOE", "YR_OF_CONS": "2012", "IMPLEMENT": "CITY OF SOUTH LAKE TAHOE", "COUNTY": "EL DORADO COUNTY", "E_BIKE": null, "GlobalID": "{E099920A-B179-4926-B610-3C7FFB1D2744}", "created_user": "KRICHARDSON", "created_date": "2024-02-09T06:06:20Z", "last_edited_user": "KRICHARDSON", "last_edited_date": "2024-02-09T06:21:15Z" }, "geometry": { "type": "LineString", "coordinates": [ [ -119.966375040456583, 38.945463187488066 ], [ -119.966366008342391, 38.945504871220479 ], [ -119.966345913590374, 38.945533804432358 ], [ -119.966278527769347, 38.945549045533554 ], [ -119.966054631259027, 38.945594203013911 ], [ -119.965818900560919, 38.945644715955325 ], [ -119.965573749616098, 38.94571197832466 ], [ -119.965432600411134, 38.945755888751414 ], [ -119.96522107005444, 38.945817227240411 ], [ -119.96489616514873, 38.945917532358187 ], [ -119.964836459337079, 38.945922776382808 ], [ -119.964772454043597, 38.945926775166186 ], [ -119.964696371979898, 38.945941788991959 ], [ -119.964631159049873, 38.94597407981864 ], [ -119.96459241814064, 38.945997995954798 ], [ -119.964553386922702, 38.945994713368229 ], [ -119.964394363469737, 38.946049486667739 ], [ -119.964349873278849, 38.946072120656943 ], [ -119.964280650483218, 38.946096375582862 ], [ -119.964157324660093, 38.946130552306208 ], [ -119.964014870295898, 38.946171028002503 ], [ -119.962834889566011, 38.94651997658265 ], [ -119.962717745185913, 38.946555869467495 ], [ -119.962554559078114, 38.946608266087196 ], [ -119.96203118486585, 38.946761032242421 ], [ -119.961865960135839, 38.946808063207101 ], [ -119.961640954693522, 38.94687477989536 ], [ -119.961413835628207, 38.946937899724126 ], [ -119.961023302491, 38.947058718263662 ], [ -119.960828563871445, 38.947106749699891 ] ] } },
{ "type": "Feature", "properties": { "OBJECTID": 1261, "CLASS": "PED", "NAME": "US HWY 50 SIDEWALK", "MILES": 0.23929848, "ShapeSTLength": 385.11434314925077, "FROM_": "HERBERT AVE", "TO_": "SKI RUN BLVD", "WNTR_MAINT": "YES", "MAINT_JURS": "CITY OF SOUTH LAKE TAHOE", "YR_OF_CONS": "2019", "IMPLEMENT": "CITY OF SOUTH LAKE TAHOE", "COUNTY": "EL DORADO COUNTY", "E_BIKE": null, "GlobalID": "{C77F164B-050C-4D46-806D-3D913A09F098}", "created_user": "KRICHARDSON", "created_date": "2024-02-09T06:06:20Z", "last_edited_user": "KRICHARDSON", "last_edited_date": "2024-02-09T06:21:15Z" }, "geometry": { "type": "LineString", "coordinates": [ [ -119.960618630103696, 38.946814433041808 ], [ -119.960630800345683, 38.946869131604728 ], [ -119.960630070813508, 38.946954082277536 ], [ -119.96060929613374, 38.946998858450279 ], [ -119.960609343071454, 38.947031714606879 ], [ -119.960612530039995, 38.94705898790005 ], [ -119.960605668384147, 38.947083733581344 ], [ -119.960614991453141, 38.947103236399265 ], [ -119.960628031249243, 38.947137564504644 ], [ -119.960617498613871, 38.94718034192411 ], [ -119.960523347036457, 38.947210742834031 ], [ -119.96032475428737, 38.947274675209414 ], [ -119.960220361491182, 38.947307074616717 ], [ -119.96009978605386, 38.947344717676053 ], [ -119.960027419460474, 38.947374552779998 ], [ -119.959955489378885, 38.947394203109525 ], [ -119.959844574084457, 38.947443427147952 ], [ -119.959757087312283, 38.947487596295026 ], [ -119.959631486078024, 38.947540968641377 ], [ -119.959580858462118, 38.947571370253712 ], [ -119.959366658785058, 38.947660951859987 ], [ -119.959202457414392, 38.947734842741241 ], [ -119.959032265729164, 38.947813108572916 ], [ -119.958899368939342, 38.947867422257922 ], [ -119.958797437266796, 38.947910081554745 ], [ -119.958764877061014, 38.947925093189703 ], [ -119.958739129675607, 38.947916491284609 ], [ -119.958691015915903, 38.947922034449519 ], [ -119.958611742054146, 38.947943758102447 ], [ -119.958551549077228, 38.947960315569475 ], [ -119.958459665782485, 38.948005501447376 ], [ -119.958452561239795, 38.948035905354587 ], [ -119.958407633522171, 38.948068721714336 ], [ -119.958303190349625, 38.94810225135641 ], [ -119.958202997018716, 38.948138157461621 ], [ -119.958055025800078, 38.948205672949058 ], [ -119.957939566490566, 38.948259307093451 ], [ -119.957776763598815, 38.948334365700262 ], [ -119.957711836039209, 38.948359862006846 ], [ -119.95763662171511, 38.948354500686762 ], [ -119.957577545971546, 38.948311040773476 ], [ -119.957536829202283, 38.948245401027791 ], [ -119.957333531985583, 38.947978389789803 ] ] } }
]
}
